{"mse_TEDA": 6.43074787738646e-07, "_timestamp": 1678930145.031942, "_runtime": 26.58676290512085, "_step": 0, "Energy_Consumed": 3.993828162323452e-07, "Energy_RAM": 3.772752795991134e-08, "Energy_GPU": 0, "Energy_CPU": 3.6165528827243383e-07, "CO2_Emissions": 4.9151236109338696e-08, "_wandb": {"runtime": 25}}