{"mse_TEDA": 2.2155340959184598e-07, "_timestamp": 1679988927.409969, "_runtime": 27.38958501815796, "_step": 0, "Energy_Consumed": 3.338651043918617e-07, "Energy_RAM": 3.153842516212535e-08, "Energy_GPU": 0, "Energy_CPU": 3.0232667922973636e-07, "CO2_Emissions": 4.1088103713222315e-08, "_wandb": {"runtime": 26}}