{"mse_TEDA": 1.3996438763583147e-07, "_timestamp": 1678941694.6415818, "_runtime": 27.745450735092163, "_step": 0, "Energy_Consumed": 4.5475771295918497e-07, "Energy_RAM": 4.295849403964288e-08, "Energy_GPU": 0, "Energy_CPU": 4.117992189195421e-07, "CO2_Emissions": 5.596611274631385e-08, "_wandb": {"runtime": 26}}