{"mse_TEDA": 2.861114594245546e-06, "_timestamp": 1679992396.5962722, "_runtime": 24.68703532218933, "_step": 0, "Energy_Consumed": 3.354849240476041e-07, "Energy_RAM": 3.169144073732848e-08, "Energy_GPU": 0, "Energy_CPU": 3.037934833102756e-07, "CO2_Emissions": 4.1287451644876e-08, "_wandb": {"runtime": 23}}