{"mse_TEDA": 4.133140111499504e-07, "_timestamp": 1679858610.7473843, "_runtime": 31.308897256851196, "_step": 0, "Energy_Consumed": 3.665973387501254e-07, "Energy_RAM": 3.463046176648277e-08, "Energy_GPU": 0, "Energy_CPU": 3.319668769836426e-07, "CO2_Emissions": 4.511639364944549e-08, "_wandb": {"runtime": 30}}