{"mse_TEDA": 2.8850839813887622e-06, "_timestamp": 1678953158.5285468, "_runtime": 29.575280904769897, "_step": 0, "Energy_Consumed": 5.91657202558306e-07, "Energy_RAM": 5.5533820837657307e-08, "Energy_GPU": 0, "Energy_CPU": 5.361233817206488e-07, "CO2_Emissions": 7.28140562808194e-08, "_wandb": {"runtime": 28}}