{"mse_TEDA": 7.725816093531562e-07, "_timestamp": 1679968613.5589848, "_runtime": 23.886099815368652, "_step": 0, "Energy_Consumed": 3.341077701683541e-07, "Energy_RAM": 3.156134848154579e-08, "Energy_GPU": 0, "Energy_CPU": 3.0254642168680825e-07, "CO2_Emissions": 4.1117968099949194e-08, "_wandb": {"runtime": 22}}