{"mse_TEDA": 3.108782384528567e-07, "_timestamp": 1679863628.6693566, "_runtime": 31.739062547683716, "_step": 0, "Energy_Consumed": 3.779125264970339e-07, "Energy_RAM": 3.569934616696931e-08, "Energy_GPU": 0, "Energy_CPU": 3.422131803300646e-07, "CO2_Emissions": 4.650893093939801e-08, "_wandb": {"runtime": 30}}