{"mse_TEDA": 2.592914154820145e-07, "_timestamp": 1679977534.1924112, "_runtime": 24.81132221221924, "_step": 0, "Energy_Consumed": 2.6844056801830145e-07, "Energy_RAM": 2.535812414521388e-08, "Energy_GPU": 0, "Energy_CPU": 2.4308244387308757e-07, "CO2_Emissions": 3.3036438233528485e-08, "_wandb": {"runtime": 23}}