{"mse_TEDA": 2.788950739733103e-06, "_timestamp": 1679882275.0774233, "_runtime": 27.60328245162964, "_step": 0, "Energy_Consumed": 3.327889789442098e-07, "Energy_RAM": 3.143676942916803e-08, "Energy_GPU": 0, "Energy_CPU": 3.0135220951504177e-07, "CO2_Emissions": 4.09556671290453e-08, "_wandb": {"runtime": 26}}