{"mse_TEDA": 1.1169802583891278e-07, "_timestamp": 1679984465.3742797, "_runtime": 29.215258836746216, "_step": 0, "Energy_Consumed": 1.2525147977873987e-06, "Energy_RAM": 1.1831827793571394e-07, "Energy_GPU": 0, "Energy_CPU": 1.1341965198516847e-06, "CO2_Emissions": 1.5414446504547238e-07, "_wandb": {"runtime": 28}}