{"mse_TEDA": 4.4877618016124663e-07, "_timestamp": 1678931690.6714578, "_runtime": 25.510425806045532, "_step": 0, "Energy_Consumed": 3.3381083736167567e-07, "Energy_RAM": 3.153329885018745e-08, "Energy_GPU": 0, "Energy_CPU": 3.022775385114882e-07, "CO2_Emissions": 4.1081425179481704e-08, "_wandb": {"runtime": 24}}