{"mse_TEDA": 2.6712797989543884e-06, "_timestamp": 1678953855.790694, "_runtime": 26.460947036743164, "_step": 0, "Energy_Consumed": 3.323087669223747e-07, "Energy_RAM": 3.139140640466091e-08, "Energy_GPU": 0, "Energy_CPU": 3.0091736051771377e-07, "CO2_Emissions": 4.089656840594443e-08, "_wandb": {"runtime": 25}}