{"mse_TEDA": 3.3020519408773363e-07, "_timestamp": 1679985846.767429, "_runtime": 26.006813049316406, "_step": 0, "Energy_Consumed": 3.338067417367559e-07, "Energy_RAM": 3.153291195872044e-08, "Energy_GPU": 0, "Energy_CPU": 3.022738297780355e-07, "CO2_Emissions": 4.108092113919939e-08, "_wandb": {"runtime": 25}}