{"mse_TEDA": 4.3599186515588886e-07, "_timestamp": 1678927970.038531, "_runtime": 26.241634130477905, "_step": 0, "Energy_Consumed": 3.3378012017477786e-07, "Energy_RAM": 3.153039716418486e-08, "Energy_GPU": 0, "Energy_CPU": 3.02249723010593e-07, "CO2_Emissions": 4.1077644877364375e-08, "_wandb": {"runtime": 25}}