{"mse_TEDA": 5.690547762148386e-07, "_timestamp": 1678931429.757864, "_runtime": 26.91313099861145, "_step": 0, "Energy_Consumed": 3.872054994398392e-07, "Energy_RAM": 3.657720290561884e-08, "Energy_GPU": 0, "Energy_CPU": 3.5062829653422037e-07, "CO2_Emissions": 4.7652598339959864e-08, "_wandb": {"runtime": 26}}