{"mse_TEDA": 5.299969110105931e-07, "_timestamp": 1678930749.271386, "_runtime": 26.086474895477295, "_step": 0, "Energy_Consumed": 3.7745893603717686e-07, "Energy_RAM": 3.565649793699777e-08, "Energy_GPU": 0, "Energy_CPU": 3.4180243810017907e-07, "CO2_Emissions": 4.645310847813216e-08, "_wandb": {"runtime": 25}}