{"mse_TEDA": 3.4252928482077205e-07, "_timestamp": 1678946500.6814537, "_runtime": 29.83360767364502, "_step": 0, "Energy_Consumed": 5.289007479927932e-07, "Energy_RAM": 4.423233419477886e-08, "Energy_GPU": 0, "Energy_CPU": 4.846684137980144e-07, "CO2_Emissions": 6.509074623750488e-08, "_wandb": {"runtime": 29}}