{"mse_TEDA": 4.7663187927950593e-07, "_timestamp": 1679857838.1420403, "_runtime": 31.36136031150818, "_step": 0, "Energy_Consumed": 3.635102614668995e-07, "Energy_RAM": 3.4338842323222714e-08, "Energy_GPU": 0, "Energy_CPU": 3.291714191436768e-07, "CO2_Emissions": 4.473647328665417e-08, "_wandb": {"runtime": 30}}