{"mse_TEDA": 2.9900308007701104e-07, "_timestamp": 1678936590.059261, "_runtime": 27.273239135742188, "_step": 0, "Energy_Consumed": 2.8067317574722336e-07, "Energy_RAM": 2.651367223431104e-08, "Energy_GPU": 0, "Energy_CPU": 2.541595035129123e-07, "CO2_Emissions": 3.4541880546718495e-08, "_wandb": {"runtime": 26}}