{"mse_TEDA": 5.726044749353868e-07, "_timestamp": 1679855142.429066, "_runtime": 30.8453209400177, "_step": 0, "Energy_Consumed": 3.6404310083980817e-07, "Energy_RAM": 3.402052736873884e-08, "Energy_GPU": 0, "Energy_CPU": 3.3002257347106933e-07, "CO2_Emissions": 4.480204875150079e-08, "_wandb": {"runtime": 29}}