{"mse_TEDA": 2.6661478733418994e-07, "_timestamp": 1678946846.82061, "_runtime": 27.56122612953186, "_step": 0, "Energy_Consumed": 3.274984554541839e-07, "Energy_RAM": 3.093700237665568e-08, "Energy_GPU": 0, "Energy_CPU": 2.965614530775282e-07, "CO2_Emissions": 4.030457309437109e-08, "_wandb": {"runtime": 26}}