{"mse_TEDA": 3.955392718378994e-07, "_timestamp": 1679971692.803544, "_runtime": 23.665504932403564, "_step": 0, "Energy_Consumed": 3.3404019235717897e-07, "Energy_RAM": 3.15549647723401e-08, "Energy_GPU": 0, "Energy_CPU": 3.024852275848389e-07, "CO2_Emissions": 4.110965143529107e-08, "_wandb": {"runtime": 22}}