{"mse_TEDA": 4.533625374159868e-07, "_timestamp": 1678951620.094319, "_runtime": 26.822925090789795, "_step": 0, "Energy_Consumed": 3.4764995396535086e-07, "Energy_RAM": 3.284060511721994e-08, "Energy_GPU": 0, "Energy_CPU": 3.1480934884813093e-07, "CO2_Emissions": 4.278457729340788e-08, "_wandb": {"runtime": 26}}