{"mse_TEDA": 6.583753064239672e-08, "_timestamp": 1678952733.884644, "_runtime": 28.669177055358887, "_step": 0, "Energy_Consumed": 3.164945352011728e-07, "Energy_RAM": 2.989752172766203e-08, "Energy_GPU": 0, "Energy_CPU": 2.8659701347351074e-07, "CO2_Emissions": 3.895034286587415e-08, "_wandb": {"runtime": 27}}