{"mse_TEDA": 3.5924945595225543e-07, "_timestamp": 1679860199.224678, "_runtime": 31.75190806388855, "_step": 0, "Energy_Consumed": 3.70459513049405e-07, "Energy_RAM": 3.4995300419874794e-08, "Energy_GPU": 0, "Energy_CPU": 3.354642126295302e-07, "CO2_Emissions": 4.559170363566401e-08, "_wandb": {"runtime": 30}}