{"mse_TEDA": 4.25198230073523e-07, "_timestamp": 1679971651.9450064, "_runtime": 23.996270418167114, "_step": 0, "Energy_Consumed": 2.8429575598870035e-07, "Energy_RAM": 2.6855877736882877e-08, "Energy_GPU": 0, "Energy_CPU": 2.574398782518175e-07, "CO2_Emissions": 3.498770417642187e-08, "_wandb": {"runtime": 23}}