{"mse_TEDA": 1.3394627455263933e-07, "_timestamp": 1678947820.5378826, "_runtime": 26.90078067779541, "_step": 0, "Energy_Consumed": 3.5340225916507334e-07, "Energy_RAM": 3.338399418263786e-08, "Energy_GPU": 0, "Energy_CPU": 3.200182649824355e-07, "CO2_Emissions": 4.349250186991258e-08, "_wandb": {"runtime": 26}}