{"mse_TEDA": 4.794565002304967e-07, "_timestamp": 1679971615.7862098, "_runtime": 25.358516931533813, "_step": 0, "Energy_Consumed": 2.681405634929332e-07, "Energy_RAM": 2.532978434525527e-08, "Energy_GPU": 0, "Energy_CPU": 2.428107791476779e-07, "CO2_Emissions": 3.2999517282849255e-08, "_wandb": {"runtime": 24}}