{"mse_TEDA": 8.625255964128395e-08, "_timestamp": 1678948357.675515, "_runtime": 25.656352043151855, "_step": 0, "Energy_Consumed": 5.368350602562563e-07, "Energy_RAM": 5.071189576142387e-08, "Energy_GPU": 0, "Energy_CPU": 4.861231644948324e-07, "CO2_Emissions": 6.606720601388098e-08, "_wandb": {"runtime": 24}}