{"mse_TEDA": 4.0799399940082387e-07, "_timestamp": 1679967630.921746, "_runtime": 37.48253798484802, "_step": 0, "Energy_Consumed": 5.351108021650615e-07, "Energy_RAM": 5.054901445381195e-08, "Energy_GPU": 0, "Energy_CPU": 4.845617877112495e-07, "CO2_Emissions": 6.585500505502839e-08, "_wandb": {"runtime": 36}}