{"mse_TEDA": 1.2695205435140773e-07, "_timestamp": 1678945968.224215, "_runtime": 27.317471027374268, "_step": 0, "Energy_Consumed": 3.3562007966995426e-07, "Energy_RAM": 3.170420815573986e-08, "Energy_GPU": 0, "Energy_CPU": 3.039158715142144e-07, "CO2_Emissions": 4.130408497419223e-08, "_wandb": {"runtime": 26}}