{"mse_RLS": 1.2799692229434365e-06, "_timestamp": 1679616576.5851562, "_runtime": 30.583006143569946, "_step": 0, "Energy_Consumed": 1.3802051198151982e-07, "Energy_RAM": 1.303804899256041e-08, "Energy_GPU": 0, "Energy_CPU": 1.2498246298895941e-07, "CO2_Emissions": 1.6985905493712824e-08, "_wandb": {"runtime": 29}}