{"mse_TEDA": 1.9315791111068045e-07, "_timestamp": 1679876547.107425, "_runtime": 28.32800793647766, "_step": 0, "Energy_Consumed": 3.947752381976797e-07, "Energy_RAM": 3.729227505952319e-08, "Energy_GPU": 0, "Energy_CPU": 3.5748296313815647e-07, "CO2_Emissions": 4.858419079173971e-08, "_wandb": {"runtime": 27}}