{"mse_TEDA": 3.456035619282657e-07, "_timestamp": 1679862604.598115, "_runtime": 31.93571901321411, "_step": 0, "Energy_Consumed": 3.961052923903531e-07, "Energy_RAM": 3.7417918063435235e-08, "Energy_GPU": 0, "Energy_CPU": 3.5868737432691787e-07, "CO2_Emissions": 4.8747877873419954e-08, "_wandb": {"runtime": 31}}