{"mse_TEDA": 5.742422196294044e-07, "_timestamp": 1679853214.6836553, "_runtime": 31.49506425857544, "_step": 0, "Energy_Consumed": 1.3090026805861676e-06, "Energy_RAM": 1.236543817716059e-07, "Energy_GPU": 0, "Energy_CPU": 1.1853482988145617e-06, "CO2_Emissions": 1.610963146291653e-07, "_wandb": {"runtime": 30}}