{"mse_TEDA": 3.451885677676439e-07, "_timestamp": 1679975109.506048, "_runtime": 24.198430061340332, "_step": 0, "Energy_Consumed": 2.6799824052697354e-07, "Energy_RAM": 2.5316339866776616e-08, "Energy_GPU": 0, "Energy_CPU": 2.426819006601969e-07, "CO2_Emissions": 3.298200188303898e-08, "_wandb": {"runtime": 23}}