{"mse_TEDA": 5.129538850103208e-07, "_timestamp": 1679854709.7359776, "_runtime": 31.22365975379944, "_step": 0, "Energy_Consumed": 3.8977959970187237e-07, "Energy_RAM": 3.6820364192635686e-08, "Energy_GPU": 0, "Energy_CPU": 3.5295923550923667e-07, "CO2_Emissions": 4.796938765739184e-08, "_wandb": {"runtime": 30}}