{"mse_TEDA": 1.0696369066780603e-07, "_timestamp": 1678946043.229685, "_runtime": 27.368067026138306, "_step": 0, "Energy_Consumed": 2.666753536779096e-07, "Energy_RAM": 2.519137392293184e-08, "Energy_GPU": 0, "Energy_CPU": 2.414839797549778e-07, "CO2_Emissions": 3.2819196871852787e-08, "_wandb": {"runtime": 26}}