{"mse_TEDA": 2.600689140277876e-07, "_timestamp": 1678952577.8861773, "_runtime": 28.139061212539673, "_step": 0, "Energy_Consumed": 3.2917970948372187e-07, "Energy_RAM": 3.109582132386398e-08, "Energy_GPU": 0, "Energy_CPU": 2.980838881598579e-07, "CO2_Emissions": 4.051148163025944e-08, "_wandb": {"runtime": 27}}