{"mse_TEDA": 2.9003527828683703e-08, "_timestamp": 1679876803.4507153, "_runtime": 28.78792428970337, "_step": 0, "Energy_Consumed": 3.3225961942333826e-07, "Energy_RAM": 3.138676370705677e-08, "Energy_GPU": 0, "Energy_CPU": 3.008728557162815e-07, "CO2_Emissions": 4.089051992255671e-08, "_wandb": {"runtime": 27}}