{"mse_TEDA": 9.498669888192561e-08, "_timestamp": 1679872780.6101725, "_runtime": 33.293052434921265, "_step": 0, "Energy_Consumed": 3.994084138880933e-07, "Energy_RAM": 3.7729946031580165e-08, "Energy_GPU": 0, "Energy_CPU": 3.6167846785651314e-07, "CO2_Emissions": 4.915438636110313e-08, "_wandb": {"runtime": 32}}