{"mse_TEDA": 3.311482454177867e-07, "_timestamp": 1679860006.0612533, "_runtime": 31.1622052192688, "_step": 0, "Energy_Consumed": 3.8380613075648606e-07, "Energy_RAM": 3.625608298799914e-08, "Energy_GPU": 0, "Energy_CPU": 3.475500477684869e-07, "CO2_Emissions": 4.72342449056424e-08, "_wandb": {"runtime": 30}}