{"mse_TEDA": 2.9395796723081393e-06, "_timestamp": 1679881762.5846932, "_runtime": 28.9148371219635, "_step": 0, "Energy_Consumed": 3.3620984965839146e-07, "Energy_RAM": 3.1759920526989544e-08, "Energy_GPU": 0, "Energy_CPU": 3.044499291314019e-07, "CO2_Emissions": 4.13766667748449e-08, "_wandb": {"runtime": 28}}