{"mse_TEDA": 1.9878843233718785e-07, "_timestamp": 1678943197.0970964, "_runtime": 27.042713403701782, "_step": 0, "Energy_Consumed": 3.5191145169430153e-07, "Energy_RAM": 3.3243165688645606e-08, "Energy_GPU": 0, "Energy_CPU": 3.186682860056559e-07, "CO2_Emissions": 4.330903120715166e-08, "_wandb": {"runtime": 26}}