{"mse_TEDA": 1.3953174700230186e-07, "_timestamp": 1678943803.3500578, "_runtime": 27.3717257976532, "_step": 0, "Energy_Consumed": 2.8373260756224125e-07, "Energy_RAM": 2.6802680160168774e-08, "Energy_GPU": 0, "Energy_CPU": 2.5692992740207247e-07, "CO2_Emissions": 3.491839863760422e-08, "_wandb": {"runtime": 26}}