{"mse_TEDA": 9.948003093029536e-08, "_timestamp": 1678947392.8567321, "_runtime": 27.120513200759888, "_step": 0, "Energy_Consumed": 6.000971066722135e-07, "Energy_RAM": 5.668791808375318e-08, "Energy_GPU": 0, "Energy_CPU": 5.434091885884603e-07, "CO2_Emissions": 7.385273822451501e-08, "_wandb": {"runtime": 26}}