{"mse_TEDA": 1.3058802204586247e-07, "_timestamp": 1679986108.347771, "_runtime": 25.69188094139099, "_step": 0, "Energy_Consumed": 2.6752417194251796e-07, "Energy_RAM": 2.5271557179470013e-08, "Energy_GPU": 0, "Energy_CPU": 2.4225261476304793e-07, "CO2_Emissions": 3.2923659220361575e-08, "_wandb": {"runtime": 24}}