{"mse_TEDA": 3.3020519408773363e-07, "_timestamp": 1678947269.271144, "_runtime": 26.76050901412964, "_step": 0, "Energy_Consumed": 3.851945476042652e-07, "Energy_RAM": 3.63872391953161e-08, "Energy_GPU": 0, "Energy_CPU": 3.4880730840894913e-07, "CO2_Emissions": 4.740511456134556e-08, "_wandb": {"runtime": 25}}