{"mse_TEDA": 7.730133384647402e-07, "_timestamp": 1679969542.4688647, "_runtime": 23.356918573379517, "_step": 0, "Energy_Consumed": 3.354900435787537e-07, "Energy_RAM": 3.169192435166224e-08, "Energy_GPU": 0, "Energy_CPU": 3.0379811922709145e-07, "CO2_Emissions": 4.128808169522888e-08, "_wandb": {"runtime": 22}}