{"mse_TEDA": 1.3135221164995035e-07, "_timestamp": 1679979842.987213, "_runtime": 24.964111804962158, "_step": 0, "Energy_Consumed": 3.355054021722026e-07, "Energy_RAM": 3.169337519466353e-08, "Energy_GPU": 0, "Energy_CPU": 3.038120269775391e-07, "CO2_Emissions": 4.128997184628755e-08, "_wandb": {"runtime": 24}}