{"mse_TEDA": 3.7977374104257927e-07, "_timestamp": 1678934751.9117603, "_runtime": 26.4642333984375, "_step": 0, "Energy_Consumed": 3.3488081937194794e-07, "Energy_RAM": 3.163437424594425e-08, "Energy_GPU": 0, "Energy_CPU": 3.032464451260037e-07, "CO2_Emissions": 4.1213105703235244e-08, "_wandb": {"runtime": 25}}