{"mse_TEDA": 3.446117416403833e-07, "_timestamp": 1678935238.8872967, "_runtime": 26.05681276321411, "_step": 0, "Energy_Consumed": 3.3563441435717327e-07, "Energy_RAM": 3.17055622758744e-08, "Energy_GPU": 0, "Energy_CPU": 3.0392885208129887e-07, "CO2_Emissions": 4.130584911518032e-08, "_wandb": {"runtime": 25}}