{"mse_TEDA": 4.3575493426143177e-07, "_timestamp": 1678929393.9123003, "_runtime": 25.86501932144165, "_step": 0, "Energy_Consumed": 6.033306025463186e-07, "Energy_RAM": 5.69933688969589e-08, "Energy_GPU": 0, "Energy_CPU": 5.463372336493597e-07, "CO2_Emissions": 7.425067802739891e-08, "_wandb": {"runtime": 25}}