{"mse_RLS": 1.0140902731366748e-06, "_timestamp": 1679616818.9841385, "_runtime": 31.05869460105896, "_step": 0, "Energy_Consumed": 1.4310420641310076e-07, "Energy_RAM": 1.351827802598867e-08, "Energy_GPU": 0, "Energy_CPU": 1.295859283871121e-07, "CO2_Emissions": 1.761154549413037e-08, "_wandb": {"runtime": 30}}