{"mse_TEDA": 1.1306962065351475e-07, "_timestamp": 1678945315.6087484, "_runtime": 27.523536443710327, "_step": 0, "Energy_Consumed": 3.204550044985253e-07, "Energy_RAM": 3.027164577626233e-08, "Energy_GPU": 0, "Energy_CPU": 2.9018335872226296e-07, "CO2_Emissions": 3.9437749818868124e-08, "_wandb": {"runtime": 26}}