{"mse_TEDA": 6.583753064239672e-08, "_timestamp": 1679991993.6030443, "_runtime": 23.358732223510742, "_step": 0, "Energy_Consumed": 3.337842157996976e-07, "Energy_RAM": 3.1530784055651875e-08, "Energy_GPU": 0, "Energy_CPU": 3.022534317440457e-07, "CO2_Emissions": 4.107814891764669e-08, "_wandb": {"runtime": 22}}