{"mse_TEDA": 4.3602129234429685e-07, "_timestamp": 1678929125.647629, "_runtime": 25.783936023712158, "_step": 0, "Energy_Consumed": 3.3376373767509907e-07, "Energy_RAM": 3.152884959831681e-08, "Energy_GPU": 0, "Energy_CPU": 3.0223488807678224e-07, "CO2_Emissions": 4.1075628716235136e-08, "_wandb": {"runtime": 24}}