{"mse_TEDA": 2.7775440770507844e-07, "_timestamp": 1679858175.6803825, "_runtime": 30.976327419281006, "_step": 0, "Energy_Consumed": 5.705338100276297e-07, "Energy_RAM": 5.352894925560274e-08, "Energy_GPU": 0, "Energy_CPU": 5.170048607720269e-07, "CO2_Emissions": 7.02144430488332e-08, "_wandb": {"runtime": 30}}