{"mse_TEDA": 2.015838061617441e-07, "_timestamp": 1678949452.4950397, "_runtime": 29.364510774612427, "_step": 0, "Energy_Consumed": 3.337934309557669e-07, "Energy_RAM": 3.153165456145265e-08, "Energy_GPU": 0, "Energy_CPU": 3.0226177639431426e-07, "CO2_Emissions": 4.1079283008281885e-08, "_wandb": {"runtime": 28}}