{"mse_TEDA": 1.6816208042427377e-07, "_timestamp": 1679876503.1065001, "_runtime": 27.248748064041138, "_step": 0, "Energy_Consumed": 3.2952886150812645e-07, "Energy_RAM": 3.1128803821426725e-08, "Energy_GPU": 0, "Energy_CPU": 2.9840005768669974e-07, "CO2_Emissions": 4.055445106432637e-08, "_wandb": {"runtime": 26}}