{"mse_TEDA": 4.803617166548283e-07, "_timestamp": 1678930788.0675702, "_runtime": 27.259003162384033, "_step": 0, "Energy_Consumed": 2.7373825885193684e-07, "Energy_RAM": 2.58585682577935e-08, "Energy_GPU": 0, "Energy_CPU": 2.4787969059414333e-07, "CO2_Emissions": 3.3688414338696735e-08, "_wandb": {"runtime": 26}}