{"mse_TEDA": 3.6874978405019186e-07, "_timestamp": 1679856539.4565518, "_runtime": 30.93650484085083, "_step": 0, "Energy_Consumed": 3.7264248113160645e-07, "Energy_RAM": 3.520151357179202e-08, "Energy_GPU": 0, "Energy_CPU": 3.3744096755981445e-07, "CO2_Emissions": 4.5860357106135346e-08, "_wandb": {"runtime": 30}}