{"mse_TEDA": 1.325848253273743e-07, "_timestamp": 1679980223.9926844, "_runtime": 25.80444025993347, "_step": 0, "Energy_Consumed": 3.337463312691903e-07, "Energy_RAM": 3.152720530958201e-08, "Energy_GPU": 0, "Energy_CPU": 3.022191259596083e-07, "CO2_Emissions": 4.107348654503532e-08, "_wandb": {"runtime": 23}}