{"mse_TEDA": 1.9166540721112705e-07, "_timestamp": 1679862954.2493434, "_runtime": 32.20748448371887, "_step": 0, "Energy_Consumed": 5.868047559953185e-07, "Energy_RAM": 5.5432261827566744e-08, "Energy_GPU": 0, "Energy_CPU": 5.313724941677518e-07, "CO2_Emissions": 7.221687548827724e-08, "_wandb": {"runtime": 30}}