{"mse_TEDA": 4.3627710135423554e-07, "_timestamp": 1679854373.0769117, "_runtime": 31.669609785079956, "_step": 0, "Energy_Consumed": 3.6701611639816494e-07, "Energy_RAM": 3.467002141898472e-08, "Energy_GPU": 0, "Energy_CPU": 3.3234609497918025e-07, "CO2_Emissions": 4.51679317683117e-08, "_wandb": {"runtime": 30}}