{"mse_TEDA": 2.2835504455926376e-07, "_timestamp": 1678949301.168967, "_runtime": 27.20076894760132, "_step": 0, "Energy_Consumed": 5.313674009884532e-07, "Energy_RAM": 5.019539565296327e-08, "Energy_GPU": 0, "Energy_CPU": 4.811720053354899e-07, "CO2_Emissions": 6.539431223699684e-08, "_wandb": {"runtime": 26}}