{"mse_TEDA": 1.9688360419293798e-07, "_timestamp": 1679974992.0368547, "_runtime": 25.71620273590088, "_step": 0, "Energy_Consumed": 5.351619974765578e-07, "Energy_RAM": 5.05538505971496e-08, "Energy_GPU": 0, "Energy_CPU": 4.846081468794081e-07, "CO2_Emissions": 6.586130555855726e-08, "_wandb": {"runtime": 24}}