{"mse_TEDA": 6.582636307710376e-08, "_timestamp": 1679991627.0071218, "_runtime": 24.43625283241272, "_step": 0, "Energy_Consumed": 2.6855114989113344e-07, "Energy_RAM": 2.5368570214823198e-08, "Energy_GPU": 0, "Energy_CPU": 2.4318257967631025e-07, "CO2_Emissions": 3.305004732115086e-08, "_wandb": {"runtime": 23}}