{"mse_RLS": 1.381510305275116e-06, "_timestamp": 1679616535.0044672, "_runtime": 32.026639223098755, "_step": 0, "Energy_Consumed": 1.3529682929667312e-07, "Energy_RAM": 1.2413509441936793e-08, "Energy_GPU": 0, "Energy_CPU": 1.228833198547363e-07, "CO2_Emissions": 1.665070736978569e-08, "_wandb": {"runtime": 30}}