{"mse_TEDA": 2.9003527828683703e-08, "_timestamp": 1679987852.9364111, "_runtime": 27.074660062789917, "_step": 0, "Energy_Consumed": 3.336613470521065e-07, "Energy_RAM": 3.151917731164152e-08, "Energy_GPU": 0, "Energy_CPU": 3.02142169740465e-07, "CO2_Emissions": 4.106302770917738e-08, "_wandb": {"runtime": 26}}