{"mse_TEDA": 1.577167216849579e-07, "_timestamp": 1678941467.5763385, "_runtime": 27.33734154701233, "_step": 0, "Energy_Consumed": 3.581562557906182e-07, "Energy_RAM": 3.383307845297168e-08, "Energy_GPU": 0, "Energy_CPU": 3.243231773376465e-07, "CO2_Emissions": 4.407756662760415e-08, "_wandb": {"runtime": 26}}