{"mse_TEDA": 2.2549821089193617e-07, "_timestamp": 1679864932.4038436, "_runtime": 31.76039457321167, "_step": 0, "Energy_Consumed": 3.8457294748013735e-07, "Energy_RAM": 3.595014856045964e-08, "Energy_GPU": 0, "Energy_CPU": 3.486227989196777e-07, "CO2_Emissions": 4.73286154902167e-08, "_wandb": {"runtime": 30}}