{"mse_TEDA": 4.3602129234429685e-07, "_timestamp": 1679851963.8508532, "_runtime": 30.39270830154419, "_step": 0, "Energy_Consumed": 3.628365311676084e-07, "Energy_RAM": 3.4275198676899284e-08, "Energy_GPU": 0, "Energy_CPU": 3.285613324907091e-07, "CO2_Emissions": 4.465355866021414e-08, "_wandb": {"runtime": 29}}