{"mse_TEDA": 3.1805775184268436e-07, "_timestamp": 1679855817.6572042, "_runtime": 31.059405088424683, "_step": 0, "Energy_Consumed": 5.81784543749993e-07, "Energy_RAM": 5.4958029611877166e-08, "Energy_GPU": 0, "Energy_CPU": 5.268265141381158e-07, "CO2_Emissions": 7.15990481122355e-08, "_wandb": {"runtime": 30}}