{"mse_TEDA": 1.1197616151200835e-07, "_timestamp": 1678946273.52539, "_runtime": 27.63266086578369, "_step": 0, "Energy_Consumed": 3.418689793911906e-07, "Energy_RAM": 3.229450781153295e-08, "Energy_GPU": 0, "Energy_CPU": 3.095744715796577e-07, "CO2_Emissions": 4.2073124434927035e-08, "_wandb": {"runtime": 26}}