{"mse_TEDA": 1.6816208042427377e-07, "_timestamp": 1678949190.274418, "_runtime": 29.132646083831787, "_step": 0, "Energy_Consumed": 3.478199223995186e-07, "Energy_RAM": 3.285666111310093e-08, "Energy_GPU": 0, "Energy_CPU": 3.1496326128641766e-07, "CO2_Emissions": 4.280549496512376e-08, "_wandb": {"runtime": 28}}