{"mse_TEDA": 1.9878843233718785e-07, "_timestamp": 1679870017.5817568, "_runtime": 31.976165771484375, "_step": 0, "Energy_Consumed": 3.812453412754419e-07, "Energy_RAM": 3.601417909825007e-08, "Energy_GPU": 0, "Energy_CPU": 3.4523116217719184e-07, "CO2_Emissions": 4.691909371912794e-08, "_wandb": {"runtime": 31}}