{"mse_TEDA": 1.6959277218799147e-07, "_timestamp": 1679981003.8989089, "_runtime": 24.87646985054016, "_step": 0, "Energy_Consumed": 2.685235044229254e-07, "Energy_RAM": 2.5365958697420866e-08, "Energy_GPU": 0, "Energy_CPU": 2.4315754572550453e-07, "CO2_Emissions": 3.304664504924526e-08, "_wandb": {"runtime": 24}}