{"mse_TEDA": 5.640981630024597e-07, "_timestamp": 1679973603.053954, "_runtime": 24.540862798690796, "_step": 0, "Energy_Consumed": 3.60445710120732e-07, "Energy_RAM": 3.404935078303121e-08, "Energy_GPU": 0, "Energy_CPU": 3.2639635933770075e-07, "CO2_Emissions": 4.435932514541556e-08, "_wandb": {"runtime": 23}}