{"mse_TEDA": 1.0696369066780603e-07, "_timestamp": 1679873071.5097768, "_runtime": 32.44355273246765, "_step": 0, "Energy_Consumed": 4.038760115474815e-07, "Energy_RAM": 3.7785078065629326e-08, "Energy_GPU": 0, "Energy_CPU": 3.660909334818522e-07, "CO2_Emissions": 4.9704204576793145e-08, "_wandb": {"runtime": 31}}