{"mse_TEDA": 2.380139386632416e-07, "_timestamp": 1679870065.796484, "_runtime": 31.99231505393982, "_step": 0, "Energy_Consumed": 3.8595874602972593e-07, "Energy_RAM": 3.607405055277013e-08, "Energy_GPU": 0, "Energy_CPU": 3.4988469547695583e-07, "CO2_Emissions": 4.749916291725267e-08, "_wandb": {"runtime": 31}}