{"mse_TEDA": 3.452116294453006e-07, "_timestamp": 1679975300.6044385, "_runtime": 23.49118947982788, "_step": 0, "Energy_Consumed": 3.6652156968911086e-07, "Energy_RAM": 3.462330427434305e-08, "Energy_GPU": 0, "Energy_CPU": 3.318982654147678e-07, "CO2_Emissions": 4.510706890422275e-08, "_wandb": {"runtime": 22}}