{"mse_TEDA": 3.9693645046650585e-08, "_timestamp": 1679875498.6230233, "_runtime": 27.25006628036499, "_step": 0, "Energy_Consumed": 3.233147745987076e-07, "Energy_RAM": 3.054179274310324e-08, "Energy_GPU": 0, "Energy_CPU": 2.927729818556044e-07, "CO2_Emissions": 3.978969594599122e-08, "_wandb": {"runtime": 26}}