{"mse_TEDA": 1.3188126514281372e-07, "_timestamp": 1679872249.5977755, "_runtime": 32.67576456069946, "_step": 0, "Energy_Consumed": 3.780302757134754e-07, "Energy_RAM": 3.57104692966459e-08, "Energy_GPU": 0, "Energy_CPU": 3.4231980641682946e-07, "CO2_Emissions": 4.652342209751444e-08, "_wandb": {"runtime": 31}}