{"mse_TEDA": 1.1197616151200835e-07, "_timestamp": 1679873602.751187, "_runtime": 32.85860013961792, "_step": 0, "Energy_Consumed": 3.708772667912146e-07, "Energy_RAM": 3.5034763349509984e-08, "Energy_GPU": 0, "Energy_CPU": 3.3584250344170465e-07, "CO2_Emissions": 4.5643115744459654e-08, "_wandb": {"runtime": 31}}