{"mse_TEDA": 2.6960508317603716e-07, "_timestamp": 1679977118.5028443, "_runtime": 24.807006359100342, "_step": 0, "Energy_Consumed": 3.337330204882013e-07, "Energy_RAM": 3.1525947912314227e-08, "Energy_GPU": 0, "Energy_CPU": 3.022070725758871e-07, "CO2_Emissions": 4.107184841411781e-08, "_wandb": {"runtime": 23}}