{"mse_TEDA": 1.325848253273743e-07, "_timestamp": 1678941392.419169, "_runtime": 26.806138038635254, "_step": 0, "Energy_Consumed": 2.6845899833044013e-07, "Energy_RAM": 2.535986515681543e-08, "Energy_GPU": 0, "Energy_CPU": 2.430991331736247e-07, "CO2_Emissions": 3.3038706414798884e-08, "_wandb": {"runtime": 26}}