{"mse_TEDA": 1.731943271789082e-07, "_timestamp": 1679861643.1610713, "_runtime": 31.971736192703247, "_step": 0, "Energy_Consumed": 1.3674697741273828e-06, "Energy_RAM": 1.2917745090893127e-07, "Energy_GPU": 0, "Energy_CPU": 1.2382923232184516e-06, "CO2_Emissions": 1.6829174167928466e-07, "_wandb": {"runtime": 31}}