{"mse_TEDA": 9.498669888192561e-08, "_timestamp": 1678945631.1450515, "_runtime": 27.150638580322266, "_step": 0, "Energy_Consumed": 3.330039992524942e-07, "Energy_RAM": 3.1457081231186146e-08, "Energy_GPU": 0, "Energy_CPU": 3.0154691802130805e-07, "CO2_Emissions": 4.098212924386659e-08, "_wandb": {"runtime": 26}}