{"mse_TEDA": 6.58259700952093e-08, "_timestamp": 1679880473.8110878, "_runtime": 26.27151584625244, "_step": 0, "Energy_Consumed": 4.1548374169792627e-07, "Energy_RAM": 3.9248495039601044e-08, "Energy_GPU": 0, "Energy_CPU": 3.7623524665832523e-07, "CO2_Emissions": 5.11327444691707e-08, "_wandb": {"runtime": 25}}