{"mse_RLS": 1.3537268089376328e-06, "_timestamp": 1679616491.3014832, "_runtime": 30.447904109954834, "_step": 0, "Energy_Consumed": 1.3478189657626496e-07, "Energy_RAM": 1.2732114565020919e-08, "Energy_GPU": 0, "Energy_CPU": 1.2204978201124403e-07, "CO2_Emissions": 1.658733564047603e-08, "_wandb": {"runtime": 29}}