{"mse_TEDA": 1.7070212468269346e-07, "_timestamp": 1679868072.2022958, "_runtime": 31.885974884033203, "_step": 0, "Energy_Consumed": 3.794821747475099e-07, "Energy_RAM": 3.584762232170154e-08, "Energy_GPU": 0, "Energy_CPU": 3.436345524258084e-07, "CO2_Emissions": 4.6702104377593395e-08, "_wandb": {"runtime": 30}}