{"mse_TEDA": 6.43074787738646e-07, "_timestamp": 1679852540.0481248, "_runtime": 31.479809761047363, "_step": 0, "Energy_Consumed": 3.671604871765845e-07, "Energy_RAM": 3.468365934319688e-08, "Energy_GPU": 0, "Energy_CPU": 3.324768278333876e-07, "CO2_Emissions": 4.518569918826314e-08, "_wandb": {"runtime": 30}}