{"mse_cnn": 1.1207698730348287e-06, "_timestamp": 1680037197.2981539, "_runtime": 70.41179990768433, "_step": 0, "Energy_Consumed": 0.00020012871744306762, "Energy_RAM": 1.8905074219622977e-05, "Energy_GPU": 0, "Energy_CPU": 0.00018122364322344464, "CO2_Emissions": 2.4629436829802952e-05, "_wandb": {"runtime": 69}}