{"mse_TEDA": 2.461858721175388e-07, "_timestamp": 1679877833.5604432, "_runtime": 26.641117095947266, "_step": 0, "Energy_Consumed": 3.299312288250652e-07, "Energy_RAM": 2.5368183323356182e-08, "Energy_GPU": 0, "Energy_CPU": 3.04563045501709e-07, "CO2_Emissions": 4.0603969596906485e-08, "_wandb": {"runtime": 25}}