{"mse_TEDA": 3.925904069571106e-07, "_timestamp": 1679972789.1203635, "_runtime": 24.419206380844116, "_step": 0, "Energy_Consumed": 3.336992315826137e-07, "Energy_RAM": 3.152275605771138e-08, "Energy_GPU": 0, "Energy_CPU": 3.0217647552490234e-07, "CO2_Emissions": 4.106769008178875e-08, "_wandb": {"runtime": 23}}