{"mse_TEDA": 1.3304700235490402e-07, "_timestamp": 1678938799.5450935, "_runtime": 27.742948532104492, "_step": 0, "Energy_Consumed": 5.990353159117806e-07, "Energy_RAM": 5.65876164709304e-08, "Energy_GPU": 0, "Energy_CPU": 5.424476994408502e-07, "CO2_Emissions": 7.37220657813261e-08, "_wandb": {"runtime": 26}}