{"mse_TEDA": 2.8850839813887622e-06, "_timestamp": 1679992215.353909, "_runtime": 24.95232105255127, "_step": 0, "Energy_Consumed": 5.351906668509956e-07, "Energy_RAM": 5.0556558837418685e-08, "Energy_GPU": 0, "Energy_CPU": 4.846341080135769e-07, "CO2_Emissions": 6.586483384053343e-08, "_wandb": {"runtime": 24}}