{"mse_TEDA": 6.43693829740448e-07, "_timestamp": 1679966826.201039, "_runtime": 37.14101219177246, "_step": 0, "Energy_Consumed": 3.7270903503655164e-07, "Energy_RAM": 3.520780055813096e-08, "Energy_GPU": 0, "Energy_CPU": 3.375012344784207e-07, "CO2_Emissions": 4.5868547760722894e-08, "_wandb": {"runtime": 36}}