{"mse_TEDA": 1.962700112650398e-07, "_timestamp": 1679874677.1027105, "_runtime": 28.922144412994385, "_step": 0, "Energy_Consumed": 3.4840252504434633e-07, "Energy_RAM": 3.291169642428334e-08, "Energy_GPU": 0, "Energy_CPU": 3.1549082862006297e-07, "CO2_Emissions": 4.28771946952824e-08, "_wandb": {"runtime": 28}}