{"mse_TEDA": 3.145099778004353e-07, "_timestamp": 1679972121.8523307, "_runtime": 24.249911785125732, "_step": 0, "Energy_Consumed": 1.1581362410440002e-06, "Energy_RAM": 1.0940284769276332e-07, "Energy_GPU": 0, "Energy_CPU": 1.048733393351237e-06, "CO2_Emissions": 1.425294867899865e-07, "_wandb": {"runtime": 23}}