{"mse_TEDA": 3.2892872286765904e-07, "_timestamp": 1678935690.5164256, "_runtime": 26.602839708328247, "_step": 0, "Energy_Consumed": 3.404539409814333e-07, "Energy_RAM": 3.21608368096804e-08, "Energy_GPU": 0, "Energy_CPU": 3.082931041717529e-07, "CO2_Emissions": 4.189897851738885e-08, "_wandb": {"runtime": 25}}