{"mse_TEDA": 8.536174221107042e-07, "_timestamp": 1678951320.5102327, "_runtime": 26.88219666481018, "_step": 0, "Energy_Consumed": 5.509229860738035e-07, "Energy_RAM": 5.2042705685077336e-08, "Energy_GPU": 0, "Energy_CPU": 4.988802803887261e-07, "CO2_Emissions": 6.780097857495752e-08, "_wandb": {"runtime": 26}}