{"mse_TEDA": 4.3575493426143177e-07, "_timestamp": 1679852056.5102425, "_runtime": 30.79525852203369, "_step": 0, "Energy_Consumed": 6.207257454865258e-07, "Energy_RAM": 5.86365936802243e-08, "Energy_GPU": 0, "Energy_CPU": 5.620891518063015e-07, "CO2_Emissions": 7.639146311644094e-08, "_wandb": {"runtime": 29}}