{"mse_TEDA": 1.3401907809554087e-07, "_timestamp": 1679871524.902939, "_runtime": 32.90486216545105, "_step": 0, "Energy_Consumed": 6.12294901589318e-07, "Energy_RAM": 5.784017759538074e-08, "Energy_GPU": 0, "Energy_CPU": 5.544547239939372e-07, "CO2_Emissions": 7.53538961953054e-08, "_wandb": {"runtime": 31}}