{"mse_TEDA": 3.75485568590037e-07, "_timestamp": 1679969465.3516083, "_runtime": 25.170008182525635, "_step": 0, "Energy_Consumed": 4.6813811957185356e-07, "Energy_RAM": 4.422246846237007e-08, "Energy_GPU": 0, "Energy_CPU": 4.239156511094835e-07, "CO2_Emissions": 5.761281234862129e-08, "_wandb": {"runtime": 24}}