{"mse_TEDA": 1.577167216849579e-07, "_timestamp": 1679980485.5718374, "_runtime": 25.934062480926514, "_step": 0, "Energy_Consumed": 3.3402892938864975e-07, "Energy_RAM": 3.1553900820805817e-08, "Energy_GPU": 0, "Energy_CPU": 3.0247502856784396e-07, "CO2_Emissions": 4.1108265324514715e-08, "_wandb": {"runtime": 25}}