{"mse_TEDA": 9.892783858873526e-07, "_timestamp": 1679880647.137794, "_runtime": 27.874639987945557, "_step": 0, "Energy_Consumed": 3.284322579358761e-07, "Energy_RAM": 3.102521363113435e-08, "Energy_GPU": 0, "Energy_CPU": 2.9740704430474174e-07, "CO2_Emissions": 4.0419494278737815e-08, "_wandb": {"runtime": 27}}