{"mse_TEDA": 7.402992532247458e-08, "_timestamp": 1678940641.611869, "_runtime": 26.743427991867065, "_step": 0, "Energy_Consumed": 1.2430426412543561e-06, "Energy_RAM": 1.1742349469538264e-07, "Energy_GPU": 0, "Energy_CPU": 1.1256191465589734e-06, "CO2_Emissions": 1.529787458825594e-07, "_wandb": {"runtime": 25}}