{"mse_TEDA": 2.8585476976658966e-06, "_timestamp": 1679882232.4168148, "_runtime": 27.414008855819702, "_step": 0, "Energy_Consumed": 4.249507786998189e-07, "Energy_RAM": 4.014279466559856e-08, "Energy_GPU": 0, "Energy_CPU": 3.8480798403422035e-07, "CO2_Emissions": 5.229783358173073e-08, "_wandb": {"runtime": 26}}