{"mse_TEDA": 2.2549821089193617e-07, "_timestamp": 1679864449.9721081, "_runtime": 32.08219313621521, "_step": 0, "Energy_Consumed": 4.1280000569069365e-07, "Energy_RAM": 3.81085193320511e-08, "Energy_GPU": 0, "Energy_CPU": 3.7469148635864256e-07, "CO2_Emissions": 5.0802462502132125e-08, "_wandb": {"runtime": 31}}