{"mse_TEDA": 5.313702591648065e-07, "_timestamp": 1679852586.787303, "_runtime": 31.049994945526123, "_step": 0, "Energy_Consumed": 3.6929274510056425e-07, "Energy_RAM": 3.452948309359272e-08, "Energy_GPU": 0, "Energy_CPU": 3.3476326200697155e-07, "CO2_Emissions": 4.544811186203869e-08, "_wandb": {"runtime": 30}}