{"mse_TEDA": 2.861114594245546e-06, "_timestamp": 1679881589.5447059, "_runtime": 28.53038787841797, "_step": 0, "Energy_Consumed": 3.328719153488338e-07, "Energy_RAM": 3.144460398137502e-08, "Energy_GPU": 0, "Energy_CPU": 3.014273113674588e-07, "CO2_Emissions": 4.096587394476209e-08, "_wandb": {"runtime": 27}}