{"mse_TEDA": 2.0482241176924275e-07, "_timestamp": 1678939587.132097, "_runtime": 28.06846594810486, "_step": 0, "Energy_Consumed": 3.332671431535851e-07, "Energy_RAM": 3.148193900794164e-08, "Energy_GPU": 0, "Energy_CPU": 3.017852041456435e-07, "CO2_Emissions": 4.101451383200502e-08, "_wandb": {"runtime": 27}}