{"mse_TEDA": 4.4877618016124663e-07, "_timestamp": 1679971096.4609165, "_runtime": 24.83594059944153, "_step": 0, "Energy_Consumed": 2.834479616303219e-07, "Energy_RAM": 2.6775791203211463e-08, "Energy_GPU": 0, "Energy_CPU": 2.5667217042711045e-07, "CO2_Emissions": 3.488336783798366e-08, "_wandb": {"runtime": 23}}