{"mse_TEDA": 6.856411086634167e-07, "_timestamp": 1679879698.5384202, "_runtime": 27.197506189346313, "_step": 0, "Energy_Consumed": 3.611839465125083e-07, "Energy_RAM": 3.411908796996007e-08, "Energy_GPU": 0, "Energy_CPU": 3.270648585425483e-07, "CO2_Emissions": 4.4450178406301966e-08, "_wandb": {"runtime": 26}}