{"mse_TEDA": 4.5362121589805575e-07, "_timestamp": 1678951434.0107687, "_runtime": 28.225650548934937, "_step": 0, "Energy_Consumed": 3.60486666369929e-07, "Energy_RAM": 3.405321969770133e-08, "Energy_GPU": 0, "Energy_CPU": 3.2643344667222763e-07, "CO2_Emissions": 4.4364365548238654e-08, "_wandb": {"runtime": 27}}