{"mse_TEDA": 2.560081526093445e-07, "_timestamp": 1678951770.1357713, "_runtime": 27.59520435333252, "_step": 0, "Energy_Consumed": 3.2330555944263833e-07, "Energy_RAM": 3.0540922237302464e-08, "Energy_GPU": 0, "Energy_CPU": 2.9276463720533584e-07, "CO2_Emissions": 3.978856185535602e-08, "_wandb": {"runtime": 26}}