{"mse_TEDA": 3.555254772149292e-07, "_timestamp": 1678938574.4091775, "_runtime": 27.16745948791504, "_step": 0, "Energy_Consumed": 2.9221362286471556e-07, "Energy_RAM": 2.7603835665483228e-08, "Energy_GPU": 0, "Energy_CPU": 2.646097871992323e-07, "CO2_Emissions": 3.596214005219808e-08, "_wandb": {"runtime": 26}}