{"mse_TEDA": 2.600689140277876e-07, "_timestamp": 1679880947.5133593, "_runtime": 28.898614406585693, "_step": 0, "Energy_Consumed": 3.3642179824798605e-07, "Energy_RAM": 3.17799421604074e-08, "Energy_GPU": 0, "Energy_CPU": 3.0464185608757867e-07, "CO2_Emissions": 4.140275085945446e-08, "_wandb": {"runtime": 28}}