{"mse_TEDA": 3.8444747106233227e-07, "_timestamp": 1679853308.6384044, "_runtime": 31.082008361816406, "_step": 0, "Energy_Consumed": 5.920154147994101e-07, "Energy_RAM": 5.5924484496472355e-08, "Energy_GPU": 0, "Energy_CPU": 5.360909303029378e-07, "CO2_Emissions": 7.285814073744639e-08, "_wandb": {"runtime": 30}}