{"mse_TEDA": 5.62642661522462e-07, "_timestamp": 1678933882.9885578, "_runtime": 25.85891079902649, "_step": 0, "Energy_Consumed": 3.855785124404873e-07, "Energy_RAM": 3.642351027034844e-08, "Energy_GPU": 0, "Energy_CPU": 3.4915500217013886e-07, "CO2_Emissions": 4.7452368337812137e-08, "_wandb": {"runtime": 25}}