{"mse_TEDA": 3.344591448840102e-07, "_timestamp": 1679860392.8706603, "_runtime": 33.55201530456543, "_step": 0, "Energy_Consumed": 3.8503686604485667e-07, "Energy_RAM": 3.6372343873836143e-08, "Energy_GPU": 0, "Energy_CPU": 3.486645221710205e-07, "CO2_Emissions": 4.7385709010476615e-08, "_wandb": {"runtime": 32}}