{"mse_TEDA": 1.7174024956282277e-07, "_timestamp": 1678942030.2862036, "_runtime": 26.867755651474, "_step": 0, "Energy_Consumed": 2.896507855712116e-07, "Energy_RAM": 2.7361738330000664e-08, "Energy_GPU": 0, "Energy_CPU": 2.6228904724121093e-07, "CO2_Emissions": 3.5646736845542464e-08, "_wandb": {"runtime": 26}}