{"mse_TEDA": 4.827308468002249e-07, "_timestamp": 1678929657.2598085, "_runtime": 25.497368574142456, "_step": 0, "Energy_Consumed": 3.4951960674119514e-07, "Energy_RAM": 3.301722107191078e-08, "Energy_GPU": 0, "Energy_CPU": 3.165023856692844e-07, "CO2_Emissions": 4.3014671682282494e-08, "_wandb": {"runtime": 24}}