{"mse_TEDA": 1.9319789441739117e-07, "_timestamp": 1679975941.0212643, "_runtime": 24.745660305023193, "_step": 0, "Energy_Consumed": 5.354149023153494e-07, "Energy_RAM": 5.0577741145237574e-08, "Energy_GPU": 0, "Energy_CPU": 4.848371611701118e-07, "CO2_Emissions": 6.589243004598991e-08, "_wandb": {"runtime": 23}}