{"mse_TEDA": 2.9376512226270074e-06, "_timestamp": 1679882188.6806912, "_runtime": 27.426374197006226, "_step": 0, "Energy_Consumed": 3.341446307926314e-07, "Energy_RAM": 3.15648305047489e-08, "Energy_GPU": 0, "Energy_CPU": 3.0257980028788253e-07, "CO2_Emissions": 4.1122504462489986e-08, "_wandb": {"runtime": 26}}