{"mse_TEDA": 1.8091168950211855e-07, "_timestamp": 1679875406.9192107, "_runtime": 29.499998569488525, "_step": 0, "Energy_Consumed": 3.9842341609490485e-07, "Energy_RAM": 3.763689863376385e-08, "Energy_GPU": 0, "Energy_CPU": 3.60786517461141e-07, "CO2_Emissions": 4.903316467320753e-08, "_wandb": {"runtime": 28}}