{"mse_TEDA": 3.4252928482077205e-07, "_timestamp": 1679985460.9661074, "_runtime": 25.32558035850525, "_step": 0, "Energy_Consumed": 5.286569313933696e-07, "Energy_RAM": 4.420176976888494e-08, "Energy_GPU": 0, "Energy_CPU": 4.844551616244846e-07, "CO2_Emissions": 6.506074022132546e-08, "_wandb": {"runtime": 24}}