{"mse_TEDA": 4.533625374159868e-07, "_timestamp": 1678951806.9871302, "_runtime": 27.011027097702026, "_step": 0, "Energy_Consumed": 3.3379650267445666e-07, "Energy_RAM": 3.153194473005291e-08, "Energy_GPU": 0, "Energy_CPU": 3.0226455794440375e-07, "CO2_Emissions": 4.107966103849361e-08, "_wandb": {"runtime": 26}}