{"mse_TEDA": 1.4823288888986742e-07, "_timestamp": 1679979326.3510299, "_runtime": 24.841967821121216, "_step": 0, "Energy_Consumed": 3.337186858009823e-07, "Energy_RAM": 3.152459379217968e-08, "Energy_GPU": 0, "Energy_CPU": 3.0219409200880263e-07, "CO2_Emissions": 4.107008427312972e-08, "_wandb": {"runtime": 23}}