{"mse_TEDA": 3.955392718378994e-07, "_timestamp": 1678932666.1365898, "_runtime": 25.653305768966675, "_step": 0, "Energy_Consumed": 3.356815140437498e-07, "Energy_RAM": 3.1710011527745033e-08, "Energy_GPU": 0, "Energy_CPU": 3.039715025160048e-07, "CO2_Emissions": 4.131164557842689e-08, "_wandb": {"runtime": 24}}