{"mse_TEDA": 1.5925457228061165e-07, "_timestamp": 1679869234.457563, "_runtime": 32.59718298912048, "_step": 0, "Energy_Consumed": 3.6832569246623987e-07, "Energy_RAM": 3.47937299655617e-08, "Energy_GPU": 0, "Energy_CPU": 3.335319625006782e-07, "CO2_Emissions": 4.5329098648580394e-08, "_wandb": {"runtime": 31}}