{"mse_TEDA": 5.62642661522462e-07, "_timestamp": 1679972859.2413423, "_runtime": 24.368961334228516, "_step": 0, "Energy_Consumed": 3.3359684095962114e-07, "Energy_RAM": 3.151308377103608e-08, "Energy_GPU": 0, "Energy_CPU": 3.0208375718858504e-07, "CO2_Emissions": 4.105508907473099e-08, "_wandb": {"runtime": 23}}