{"mse_TEDA": 4.827308468002249e-07, "_timestamp": 1679969279.5813503, "_runtime": 25.108657360076904, "_step": 0, "Energy_Consumed": 3.337145901760626e-07, "Energy_RAM": 3.152420690071267e-08, "Energy_GPU": 0, "Energy_CPU": 3.021903832753499e-07, "CO2_Emissions": 4.1069580232847407e-08, "_wandb": {"runtime": 24}}