{"mse_TEDA": 4.3627710135423554e-07, "_timestamp": 1679969689.872417, "_runtime": 25.32124090194702, "_step": 0, "Energy_Consumed": 3.3425111704054365e-07, "Energy_RAM": 3.15748896828912e-08, "Energy_GPU": 0, "Energy_CPU": 3.0267622735765244e-07, "CO2_Emissions": 4.113560950983005e-08, "_wandb": {"runtime": 24}}