{"mse_TEDA": 2.880448796749471e-07, "_timestamp": 1679977458.1549478, "_runtime": 24.185982704162598, "_step": 0, "Energy_Consumed": 4.0253030398313667e-07, "Energy_RAM": 3.802485405230982e-08, "Energy_GPU": 0, "Energy_CPU": 3.6450544993082683e-07, "CO2_Emissions": 4.953859106629409e-08, "_wandb": {"runtime": 23}}