{"mse_TEDA": 1.799647089903447e-07, "_timestamp": 1679864595.551921, "_runtime": 32.590155839920044, "_step": 0, "Energy_Consumed": 3.825887062491044e-07, "Energy_RAM": 3.614107949942991e-08, "Energy_GPU": 0, "Energy_CPU": 3.464476267496745e-07, "CO2_Emissions": 4.708441893172569e-08, "_wandb": {"runtime": 31}}