{"mse_TEDA": 4.018478189062551e-07, "_timestamp": 1678932143.0652697, "_runtime": 27.773606777191162, "_step": 0, "Energy_Consumed": 3.3169339927818936e-07, "Energy_RAM": 3.13332759617424e-08, "Energy_GPU": 0, "Energy_CPU": 3.0036012331644695e-07, "CO2_Emissions": 4.0820836353527325e-08, "_wandb": {"runtime": 26}}