{"mse_TEDA": 3.659921736121526e-07, "_timestamp": 1679857501.9413505, "_runtime": 30.97524642944336, "_step": 0, "Energy_Consumed": 3.851781651045864e-07, "Energy_RAM": 3.6385691629448053e-08, "Energy_GPU": 0, "Energy_CPU": 3.487924734751384e-07, "CO2_Emissions": 4.740309840021632e-08, "_wandb": {"runtime": 30}}