{"mse_TEDA": 1.624467405382093e-07, "_timestamp": 1679866090.6798537, "_runtime": 31.645894765853882, "_step": 0, "Energy_Consumed": 3.512612712382988e-07, "Energy_RAM": 3.31817466682575e-08, "Energy_GPU": 0, "Energy_CPU": 3.180795245700413e-07, "CO2_Emissions": 4.322901481233492e-08, "_wandb": {"runtime": 30}}