{"mse_TEDA": 5.321584930810713e-07, "_timestamp": 1678928081.1701777, "_runtime": 25.69679880142212, "_step": 0, "Energy_Consumed": 2.8090867418010626e-07, "Energy_RAM": 2.6535918493664212e-08, "Energy_GPU": 0, "Energy_CPU": 2.54372755686442e-07, "CO2_Emissions": 3.457086286295133e-08, "_wandb": {"runtime": 24}}