{"mse_TEDA": 3.429023620129301e-07, "_timestamp": 1678937263.3365448, "_runtime": 25.823060750961304, "_step": 0, "Energy_Consumed": 3.3758188400649186e-07, "Energy_RAM": 3.188952916843846e-08, "Energy_GPU": 0, "Energy_CPU": 3.056923548380534e-07, "CO2_Emissions": 4.1545520269418826e-08, "_wandb": {"runtime": 25}}