{"mse_TEDA": 2.4279132638670036e-07, "_timestamp": 1679988371.7630475, "_runtime": 24.566365480422974, "_step": 0, "Energy_Consumed": 4.6790364504520063e-07, "Energy_RAM": 4.420031892588365e-08, "Energy_GPU": 0, "Energy_CPU": 4.23703326119317e-07, "CO2_Emissions": 5.758395604245904e-08, "_wandb": {"runtime": 23}}