{"mse_TEDA": 1.962700112650398e-07, "_timestamp": 1678946809.8510244, "_runtime": 28.13199543952942, "_step": 0, "Energy_Consumed": 2.8062300434195697e-07, "Energy_RAM": 2.6508932813840146e-08, "Energy_GPU": 0, "Energy_CPU": 2.541140715281168e-07, "CO2_Emissions": 3.453570605326019e-08, "_wandb": {"runtime": 27}}