{"mse_TEDA": 2.3390728647858424e-07, "_timestamp": 1679976012.0692472, "_runtime": 24.450682163238525, "_step": 0, "Energy_Consumed": 4.696637398544428e-07, "Energy_RAM": 4.436658553383192e-08, "Energy_GPU": 0, "Energy_CPU": 4.252971543206109e-07, "CO2_Emissions": 5.7800567353781846e-08, "_wandb": {"runtime": 23}}