{"mse_RLS": 2.776709387115248e-07, "_timestamp": 1680034541.4634328, "_runtime": 27.291308879852295, "_step": 0, "Energy_Consumed": 1.3436414283445529e-07, "Energy_RAM": 1.2692651635385724e-08, "Energy_GPU": 0, "Energy_CPU": 1.2167149119906956e-07, "CO2_Emissions": 1.653592353168039e-08, "_wandb": {"runtime": 26}}