{"mse_TEDA": 4.803617166548283e-07, "_timestamp": 1679854082.8132865, "_runtime": 30.972049474716187, "_step": 0, "Energy_Consumed": 3.72759206441818e-07, "Energy_RAM": 3.5212539978601855e-08, "Energy_GPU": 0, "Energy_CPU": 3.3754666646321614e-07, "CO2_Emissions": 4.587472225418119e-08, "_wandb": {"runtime": 30}}