{"mse_TEDA": 3.451885677676439e-07, "_timestamp": 1678936139.4129014, "_runtime": 26.74293851852417, "_step": 0, "Energy_Consumed": 3.3368899252031446e-07, "Energy_RAM": 3.152178882904385e-08, "Energy_GPU": 0, "Energy_CPU": 3.021672036912706e-07, "CO2_Emissions": 4.106642998108297e-08, "_wandb": {"runtime": 25}}