{"mse_TEDA": 1.893100365367845e-06, "_timestamp": 1679989277.9005868, "_runtime": 30.308018922805786, "_step": 0, "Energy_Consumed": 1.504810412372232e-06, "Energy_RAM": 1.4215127591796773e-07, "Energy_GPU": 0, "Energy_CPU": 1.3626591364542643e-06, "CO2_Emissions": 1.85193976486134e-07, "_wandb": {"runtime": 29}}