{"mse_TEDA": 2.601506776634317e-07, "_timestamp": 1679991481.391164, "_runtime": 23.2262020111084, "_step": 0, "Energy_Consumed": 3.3370844673868305e-07, "Energy_RAM": 3.152362656351215e-08, "Energy_GPU": 0, "Energy_CPU": 3.021848201751709e-07, "CO2_Emissions": 4.1068824172423945e-08, "_wandb": {"runtime": 22}}