{"mse_TEDA": 4.725418296370004e-07, "_timestamp": 1678934863.833695, "_runtime": 26.476969957351685, "_step": 0, "Energy_Consumed": 2.754645647555915e-07, "Energy_RAM": 2.6021643011138925e-08, "Energy_GPU": 0, "Energy_CPU": 2.494429217444526e-07, "CO2_Emissions": 3.390086731769049e-08, "_wandb": {"runtime": 25}}