{"mse_TEDA": 4.018478189062551e-07, "_timestamp": 1679970984.9365494, "_runtime": 24.88955044746399, "_step": 0, "Energy_Consumed": 3.3371151845737285e-07, "Energy_RAM": 3.152391673211241e-08, "Energy_GPU": 0, "Energy_CPU": 3.0218760172526043e-07, "CO2_Emissions": 4.106920220263568e-08, "_wandb": {"runtime": 24}}