{"mse_TEDA": 3.464704701704716e-07, "_timestamp": 1679973049.835417, "_runtime": 24.558063983917236, "_step": 0, "Energy_Consumed": 1.1388929473587775e-06, "Energy_RAM": 1.075850381350089e-07, "Energy_GPU": 0, "Energy_CPU": 1.0313079092237685e-06, "CO2_Emissions": 1.4016125352355202e-07, "_wandb": {"runtime": 23}}