{"mse_TEDA": 7.767402071038788e-07, "_timestamp": 1678929162.508242, "_runtime": 25.317205905914307, "_step": 0, "Energy_Consumed": 3.5812144297880064e-07, "Energy_RAM": 3.382978987550208e-08, "Energy_GPU": 0, "Energy_CPU": 3.242916531032986e-07, "CO2_Emissions": 4.407328228520451e-08, "_wandb": {"runtime": 24}}