{"mse_TEDA": 4.052280212015518e-07, "_timestamp": 1679852201.373952, "_runtime": 30.948707818984985, "_step": 0, "Energy_Consumed": 5.496523184424657e-07, "Energy_RAM": 5.1922672607436955e-08, "Energy_GPU": 0, "Energy_CPU": 4.977296458350288e-07, "CO2_Emissions": 6.764460007737077e-08, "_wandb": {"runtime": 30}}