{"mse_TEDA": 1.1872663627011258e-06, "_timestamp": 1679879357.279619, "_runtime": 28.417075872421265, "_step": 0, "Energy_Consumed": 4.873947240380656e-07, "Energy_RAM": 4.604153541739228e-08, "Energy_GPU": 0, "Energy_CPU": 4.413531886206733e-07, "CO2_Emissions": 5.998268374597332e-08, "_wandb": {"runtime": 27}}