{"mse_TEDA": 1.044145084310179e-07, "_timestamp": 1678945463.006147, "_runtime": 25.62294602394104, "_step": 0, "Energy_Consumed": 7.962857315758104e-07, "Energy_RAM": 7.52207931365471e-08, "Energy_GPU": 0, "Energy_CPU": 7.210649384392633e-07, "CO2_Emissions": 9.799727582773856e-08, "_wandb": {"runtime": 24}}