{"mse_TEDA": 5.958711146977342e-08, "_timestamp": 1678944467.1784053, "_runtime": 27.78829026222229, "_step": 0, "Energy_Consumed": 5.385521510038416e-07, "Energy_RAM": 5.0874100008968525e-08, "Energy_GPU": 0, "Energy_CPU": 4.87678050994873e-07, "CO2_Emissions": 6.627852490223954e-08, "_wandb": {"runtime": 26}}