{"mse_TEDA": 5.313702591648065e-07, "_timestamp": 1679853068.5141735, "_runtime": 31.166301488876343, "_step": 0, "Energy_Consumed": 3.728790034707193e-07, "Energy_RAM": 3.522385655401194e-08, "Energy_GPU": 0, "Energy_CPU": 3.376551469167074e-07, "CO2_Emissions": 4.588946543243877e-08, "_wandb": {"runtime": 30}}