{"mse_TEDA": 3.659921736121526e-07, "_timestamp": 1679972823.4457595, "_runtime": 25.573070526123047, "_step": 0, "Energy_Consumed": 3.338272198613544e-07, "Energy_RAM": 3.153484641605549e-08, "Energy_GPU": 0, "Energy_CPU": 3.022923734452989e-07, "CO2_Emissions": 4.1083441340610936e-08, "_wandb": {"runtime": 24}}