{"mse_TEDA": 1.8126559114914344e-06, "_timestamp": 1679878965.5128274, "_runtime": 29.274685382843018, "_step": 0, "Energy_Consumed": 3.2802371935013577e-07, "Energy_RAM": 3.098662120729993e-08, "Energy_GPU": 0, "Energy_CPU": 2.9703709814283583e-07, "CO2_Emissions": 4.0369216260577376e-08, "_wandb": {"runtime": 28}}