{"mse_TEDA": 4.533625374159868e-07, "_timestamp": 1679990743.0327377, "_runtime": 25.012154817581177, "_step": 0, "Energy_Consumed": 3.3375452251902973e-07, "Energy_RAM": 3.1527979092516035e-08, "Energy_GPU": 0, "Energy_CPU": 3.022265434265137e-07, "CO2_Emissions": 4.107449462559994e-08, "_wandb": {"runtime": 24}}