{"mse_TEDA": 2.666949081539826e-07, "_timestamp": 1678946659.8177192, "_runtime": 27.71829319000244, "_step": 0, "Energy_Consumed": 3.576678525189436e-07, "Energy_RAM": 3.3786941645530534e-08, "Energy_GPU": 0, "Energy_CPU": 3.238809108734131e-07, "CO2_Emissions": 4.4017459823938654e-08, "_wandb": {"runtime": 26}}