{"mse_TEDA": 2.0522162277533263e-07, "_timestamp": 1678939023.0031374, "_runtime": 25.93363642692566, "_step": 0, "Energy_Consumed": 3.84673379333233e-07, "Energy_RAM": 3.6338007256138855e-08, "Energy_GPU": 0, "Energy_CPU": 3.483353720770942e-07, "CO2_Emissions": 4.7340975435421583e-08, "_wandb": {"runtime": 25}}