{"mse_TEDA": 1.9878843233718785e-07, "_timestamp": 1678942823.35592, "_runtime": 27.648952960968018, "_step": 0, "Energy_Consumed": 3.1478358789096696e-07, "Energy_RAM": 2.973589781731789e-08, "Energy_GPU": 0, "Energy_CPU": 2.8504769007364905e-07, "CO2_Emissions": 3.873978003793905e-08, "_wandb": {"runtime": 26}}