{"mse_TEDA": 3.283249103288635e-07, "_timestamp": 1679974804.8251343, "_runtime": 28.012214183807373, "_step": 0, "Energy_Consumed": 3.337985504869165e-07, "Energy_RAM": 3.153213817578641e-08, "Energy_GPU": 0, "Energy_CPU": 3.022664123111301e-07, "CO2_Emissions": 4.107991305863477e-08, "_wandb": {"runtime": 27}}