{"mse_TEDA": 1.1306962065351475e-07, "_timestamp": 1679984308.983336, "_runtime": 25.817884922027588, "_step": 0, "Energy_Consumed": 3.3378012017477786e-07, "Energy_RAM": 3.153039716418486e-08, "Energy_GPU": 0, "Energy_CPU": 3.02249723010593e-07, "CO2_Emissions": 4.1077644877364375e-08, "_wandb": {"runtime": 24}}