{"mse_TEDA": 3.8800248691536743e-07, "_timestamp": 1679874802.895538, "_runtime": 27.0350501537323, "_step": 0, "Energy_Consumed": 3.4712878569431873e-07, "Energy_RAM": 3.279137317804271e-08, "Energy_GPU": 0, "Energy_CPU": 3.1433741251627603e-07, "CO2_Emissions": 4.272043816748391e-08, "_wandb": {"runtime": 26}}