{"mse_TEDA": 1.7974185168246737e-07, "_timestamp": 1678941544.044679, "_runtime": 28.2413809299469, "_step": 0, "Energy_Consumed": 3.3371254236360276e-07, "Energy_RAM": 3.152401345497917e-08, "Energy_GPU": 0, "Energy_CPU": 3.021885289086236e-07, "CO2_Emissions": 4.106932821270625e-08, "_wandb": {"runtime": 27}}