{"mse_TEDA": 1.7174024956282277e-07, "_timestamp": 1679981229.3550057, "_runtime": 25.533815622329712, "_step": 0, "Energy_Consumed": 2.665401980555594e-07, "Energy_RAM": 2.5178606504520458e-08, "Energy_GPU": 0, "Energy_CPU": 2.4136159155103896e-07, "CO2_Emissions": 3.280256354253655e-08, "_wandb": {"runtime": 24}}