{"mse_TEDA": 4.953147874318665e-07, "_timestamp": 1678931653.8591802, "_runtime": 26.073849201202393, "_step": 0, "Energy_Consumed": 2.7761579174466536e-07, "Energy_RAM": 2.6224857754186816e-08, "Energy_GPU": 0, "Energy_CPU": 2.5139093399047853e-07, "CO2_Emissions": 3.416561447597393e-08, "_wandb": {"runtime": 25}}