{"mse_TEDA": 4.133140111499504e-07, "_timestamp": 1678934713.8639243, "_runtime": 26.86765718460083, "_step": 0, "Energy_Consumed": 2.781390078281573e-07, "Energy_RAM": 2.627428313909756e-08, "Energy_GPU": 0, "Energy_CPU": 2.518647246890598e-07, "CO2_Emissions": 3.423000562203905e-08, "_wandb": {"runtime": 26}}