{"mse_RLS": 1.0797817472194391e-06, "_timestamp": 1680033669.753199, "_runtime": 38.65757203102112, "_step": 0, "Energy_Consumed": 2.4418934896251205e-07, "Energy_RAM": 2.3067243046170918e-08, "Energy_GPU": 0, "Energy_CPU": 2.2112210591634115e-07, "CO2_Emissions": 3.005188971189917e-08, "_wandb": {"runtime": 40}}