{"mse_TEDA": 1.731943271789082e-07, "_timestamp": 1678936890.6263204, "_runtime": 27.494325399398804, "_step": 0, "Energy_Consumed": 1.2681928499800203e-06, "Energy_RAM": 1.1979929847143468e-07, "Energy_GPU": 0, "Energy_CPU": 1.1483935515085856e-06, "CO2_Emissions": 1.560739312461558e-07, "_wandb": {"runtime": 26}}