{"mse_TEDA": 1.35865208607542e-07, "_timestamp": 1678945592.3179827, "_runtime": 27.213576555252075, "_step": 0, "Energy_Consumed": 5.33381424542717e-07, "Energy_RAM": 5.038564953186627e-08, "Energy_GPU": 0, "Energy_CPU": 4.829957750108507e-07, "CO2_Emissions": 6.56421740458229e-08, "_wandb": {"runtime": 26}}