{"mse_TEDA": 2.6960508317603716e-07, "_timestamp": 1679863245.2767987, "_runtime": 32.43961572647095, "_step": 0, "Energy_Consumed": 3.608870137058299e-07, "Energy_RAM": 3.409103833860172e-08, "Energy_GPU": 0, "Energy_CPU": 3.267959753672282e-07, "CO2_Emissions": 4.441363548583448e-08, "_wandb": {"runtime": 31}}