{"mse_TEDA": 8.781012139508896e-08, "_timestamp": 1679983695.3708143, "_runtime": 25.167317390441895, "_step": 0, "Energy_Consumed": 3.3131967350426646e-07, "Energy_RAM": 3.1297972115377585e-08, "Energy_GPU": 0, "Energy_CPU": 3.000217013888889e-07, "CO2_Emissions": 4.077484267776652e-08, "_wandb": {"runtime": 24}}