{"mse_TEDA": 2.6661478733418994e-07, "_timestamp": 1679874504.826779, "_runtime": 28.454365968704224, "_step": 0, "Energy_Consumed": 3.594791426396821e-07, "Energy_RAM": 3.395804439681645e-08, "Energy_GPU": 0, "Energy_CPU": 3.2552109824286566e-07, "CO2_Emissions": 4.424037163879034e-08, "_wandb": {"runtime": 27}}