{"mse_TEDA": 3.925904069571106e-07, "_timestamp": 1679857213.670224, "_runtime": 31.3073890209198, "_step": 0, "Energy_Consumed": 3.885693425381002e-07, "Energy_RAM": 3.6706037764133727e-08, "Energy_GPU": 0, "Energy_CPU": 3.518633047739665e-07, "CO2_Emissions": 4.782044375396917e-08, "_wandb": {"runtime": 30}}