{"mse_TEDA": 4.827308468002249e-07, "_timestamp": 1678930221.1112316, "_runtime": 27.338637590408325, "_step": 0, "Energy_Consumed": 3.337678333000188e-07, "Energy_RAM": 3.1529236489783825e-08, "Energy_GPU": 0, "Energy_CPU": 3.0223859681023495e-07, "CO2_Emissions": 4.107613275651745e-08, "_wandb": {"runtime": 26}}