{"mse_TEDA": 4.950192047904936e-07, "_timestamp": 1679991883.0556157, "_runtime": 24.382606744766235, "_step": 0, "Energy_Consumed": 3.3367056220817584e-07, "Energy_RAM": 3.15200478174423e-08, "Energy_GPU": 0, "Energy_CPU": 3.0215051439073355e-07, "CO2_Emissions": 4.106416179981258e-08, "_wandb": {"runtime": 23}}