{"mse_TEDA": 1.8091168950211855e-07, "_timestamp": 1679875853.9976578, "_runtime": 27.82785177230835, "_step": 0, "Energy_Consumed": 4.1188573520596745e-07, "Energy_RAM": 3.8908610885831274e-08, "Energy_GPU": 0, "Energy_CPU": 3.729771243201362e-07, "CO2_Emissions": 5.068994508116118e-08, "_wandb": {"runtime": 26}}