{"mse_TEDA": 2.461858721175388e-07, "_timestamp": 1679988602.2357905, "_runtime": 24.919771432876587, "_step": 0, "Energy_Consumed": 3.3378319189346766e-07, "Energy_RAM": 3.153068733278512e-08, "Energy_GPU": 0, "Energy_CPU": 3.0225250456068253e-07, "CO2_Emissions": 4.107802290757611e-08, "_wandb": {"runtime": 24}}