{"mse_TEDA": 2.9900308007701104e-07, "_timestamp": 1679861259.8987143, "_runtime": 33.50333023071289, "_step": 0, "Energy_Consumed": 3.8496621651499177e-07, "Energy_RAM": 3.636566999603019e-08, "Energy_GPU": 0, "Energy_CPU": 3.486005465189616e-07, "CO2_Emissions": 4.7377014315606765e-08, "_wandb": {"runtime": 32}}