{"mse_TEDA": 3.5222631487430687e-07, "_timestamp": 1679858467.0593333, "_runtime": 31.220858335494995, "_step": 0, "Energy_Consumed": 3.808460178457709e-07, "Energy_RAM": 3.597645718021644e-08, "Energy_GPU": 0, "Energy_CPU": 3.448695606655545e-07, "CO2_Emissions": 4.68699497916027e-08, "_wandb": {"runtime": 30}}