{"mse_TEDA": 2.8103400311060375e-07, "_timestamp": 1679985426.3072343, "_runtime": 25.997074365615845, "_step": 0, "Energy_Consumed": 5.349029492003866e-07, "Energy_RAM": 5.0529379711861114e-08, "Energy_GPU": 0, "Energy_CPU": 4.843735694885254e-07, "CO2_Emissions": 6.582942501070114e-08, "_wandb": {"runtime": 25}}