{"mse_TEDA": 6.8403375244195e-07, "_timestamp": 1678952846.1815944, "_runtime": 27.835021257400513, "_step": 0, "Energy_Consumed": 3.354716132666151e-07, "Energy_RAM": 3.169018334006069e-08, "Energy_GPU": 0, "Energy_CPU": 3.037814299265544e-07, "CO2_Emissions": 4.1285813513958496e-08, "_wandb": {"runtime": 27}}