{"mse_TEDA": 1.9001016393003516e-07, "_timestamp": 1679874974.588518, "_runtime": 27.725960969924927, "_step": 0, "Energy_Consumed": 5.338462779711033e-07, "Energy_RAM": 5.0429561713372106e-08, "Energy_GPU": 0, "Energy_CPU": 4.834167162577311e-07, "CO2_Emissions": 6.569938261786511e-08, "_wandb": {"runtime": 26}}