{"mse_TEDA": 7.032978289158336e-08, "_timestamp": 1679982903.032931, "_runtime": 26.701552152633667, "_step": 0, "Energy_Consumed": 3.3363677330258824e-07, "Energy_RAM": 3.151685596283945e-08, "Energy_GPU": 0, "Energy_CPU": 3.021199173397488e-07, "CO2_Emissions": 4.1060003467483515e-08, "_wandb": {"runtime": 25}}