{"mse_TEDA": 1.8133681037737183e-06, "_timestamp": 1679878311.2318652, "_runtime": 28.343074083328247, "_step": 0, "Energy_Consumed": 3.3309410300072764e-07, "Energy_RAM": 3.14655928434604e-08, "Energy_GPU": 0, "Energy_CPU": 3.0162851015726726e-07, "CO2_Emissions": 4.099321813007741e-08, "_wandb": {"runtime": 27}}