{"mse_TEDA": 1.1745897257854977e-07, "_timestamp": 1679873166.8299825, "_runtime": 32.965861558914185, "_step": 0, "Energy_Consumed": 3.7688519160509615e-07, "Energy_RAM": 3.461730745660437e-08, "Energy_GPU": 0, "Energy_CPU": 3.4226788414849177e-07, "CO2_Emissions": 4.638249891031537e-08, "_wandb": {"runtime": 32}}