{"mse_TEDA": 4.133140111499504e-07, "_timestamp": 1678934520.8025174, "_runtime": 26.36351752281189, "_step": 0, "Energy_Consumed": 5.003287075344866e-07, "Energy_RAM": 4.726333867021519e-08, "Energy_GPU": 0, "Energy_CPU": 4.530653688642714e-07, "CO2_Emissions": 6.157444295750895e-08, "_wandb": {"runtime": 25}}