{"mse_TEDA": 1.663097082656844e-07, "_timestamp": 1679980967.802473, "_runtime": 25.761681079864502, "_step": 0, "Energy_Consumed": 2.6857060410950203e-07, "Energy_RAM": 2.53704079492915e-08, "Energy_GPU": 0, "Energy_CPU": 2.4320019616021054e-07, "CO2_Emissions": 3.3052441512491834e-08, "_wandb": {"runtime": 24}}