{"mse_TEDA": 4.725418296370004e-07, "_timestamp": 1679973645.5859118, "_runtime": 24.94626784324646, "_step": 0, "Energy_Consumed": 3.3369615986392397e-07, "Energy_RAM": 3.152246588911112e-08, "Energy_GPU": 0, "Energy_CPU": 3.0217369397481286e-07, "CO2_Emissions": 4.1067312051577014e-08, "_wandb": {"runtime": 24}}