{"mse_TEDA": 7.76828042174159e-07, "_timestamp": 1678929920.3098907, "_runtime": 27.226808786392212, "_step": 0, "Energy_Consumed": 3.4217819907262814e-07, "Energy_RAM": 3.2323718117292326e-08, "Energy_GPU": 0, "Energy_CPU": 3.0985448095533583e-07, "CO2_Emissions": 4.211117947624145e-08, "_wandb": {"runtime": 26}}