{"mse_TEDA": 1.624467405382093e-07, "_timestamp": 1678940530.297884, "_runtime": 26.682389974594116, "_step": 0, "Energy_Consumed": 3.016990901787469e-07, "Energy_RAM": 2.84998763030823e-08, "Energy_GPU": 0, "Energy_CPU": 2.731992138756646e-07, "CO2_Emissions": 3.712949734602852e-08, "_wandb": {"runtime": 25}}