{"mse_TEDA": 2.0161769694194257e-07, "_timestamp": 1679989040.9920058, "_runtime": 27.670337915420532, "_step": 0, "Energy_Consumed": 3.688499324559618e-07, "Energy_RAM": 3.48432520733392e-08, "Energy_GPU": 0, "Energy_CPU": 3.340066803826226e-07, "CO2_Emissions": 4.53936158047161e-08, "_wandb": {"runtime": 26}}