{"mse_TEDA": 1.3996438763583147e-07, "_timestamp": 1679980706.0213227, "_runtime": 25.60249662399292, "_step": 0, "Energy_Consumed": 4.695337037632422e-07, "Energy_RAM": 4.4354301729754295e-08, "Energy_GPU": 0, "Energy_CPU": 4.251794020334879e-07, "CO2_Emissions": 5.778456407481849e-08, "_wandb": {"runtime": 24}}