{"mse_TEDA": 7.765542697356549e-07, "_timestamp": 1679850326.370308, "_runtime": 29.896519899368286, "_step": 0, "Energy_Consumed": 3.6053888558765516e-07, "Energy_RAM": 3.405815256390573e-08, "Energy_GPU": 0, "Energy_CPU": 3.2648073302374944e-07, "CO2_Emissions": 4.437079206183811e-08, "_wandb": {"runtime": 28}}