{"mse_cnn": 7.647413982942761e-07, "_timestamp": 1680037737.3264952, "_runtime": 77.37487006187439, "_step": 0, "Energy_Consumed": 0.0002220547519369437, "Energy_RAM": 2.0976307747448192e-05, "Energy_GPU": 0, "Energy_CPU": 0.0002010784441894955, "CO2_Emissions": 2.7327829586197983e-05, "_wandb": {"runtime": 76}}