{"mse_TEDA": 4.950192047904936e-07, "_timestamp": 1679880989.1230102, "_runtime": 28.078566074371338, "_step": 0, "Energy_Consumed": 3.2836058449978127e-07, "Energy_RAM": 3.101844303046164e-08, "Energy_GPU": 0, "Energy_CPU": 2.9734214146931965e-07, "CO2_Emissions": 4.0410673573797385e-08, "_wandb": {"runtime": 27}}