{"mse_TEDA": 7.772595215231969e-07, "_timestamp": 1679969909.4953902, "_runtime": 25.283631086349487, "_step": 0, "Energy_Consumed": 3.3551052170335223e-07, "Energy_RAM": 3.16938588089973e-08, "Energy_GPU": 0, "Energy_CPU": 3.038166628943549e-07, "CO2_Emissions": 4.1290601896640435e-08, "_wandb": {"runtime": 24}}