{"mse_TEDA": 4.221295186441879e-07, "_timestamp": 1678933770.3719254, "_runtime": 25.94669246673584, "_step": 0, "Energy_Consumed": 3.353292903006554e-07, "Energy_RAM": 3.167673886158203e-08, "Energy_GPU": 0, "Energy_CPU": 3.036525514390734e-07, "CO2_Emissions": 4.126829811414821e-08, "_wandb": {"runtime": 25}}