{"mse_TEDA": 1.7974185168246737e-07, "_timestamp": 1678940978.963241, "_runtime": 26.72312021255493, "_step": 0, "Energy_Consumed": 3.336521318960371e-07, "Energy_RAM": 3.151830680584074e-08, "Energy_GPU": 0, "Energy_CPU": 3.021338250901964e-07, "CO2_Emissions": 4.106189361854217e-08, "_wandb": {"runtime": 25}}