{"mse_TEDA": 4.84106952368441e-07, "_timestamp": 1678927931.6298828, "_runtime": 26.37507390975952, "_step": 0, "Energy_Consumed": 4.086624783941615e-07, "Energy_RAM": 3.860412730129307e-08, "Energy_GPU": 0, "Energy_CPU": 3.700583510928684e-07, "CO2_Emissions": 5.029326537898305e-08, "_wandb": {"runtime": 25}}