{"mse_TEDA": 4.970964708020245e-07, "_timestamp": 1678932404.5016937, "_runtime": 26.627789735794067, "_step": 0, "Energy_Consumed": 3.961790136389077e-07, "Energy_RAM": 3.742488210984144e-08, "Energy_GPU": 0, "Energy_CPU": 3.5875413152906626e-07, "CO2_Emissions": 4.875695059850153e-08, "_wandb": {"runtime": 25}}