{"mse_RLS": 2.854898934020412e-06, "_timestamp": 1680034616.551575, "_runtime": 26.32775092124939, "_step": 0, "Energy_Consumed": 1.3345389019605136e-07, "Energy_RAM": 1.2606665006842378e-08, "Energy_GPU": 0, "Energy_CPU": 1.2084722518920897e-07, "CO2_Emissions": 1.6423900578936944e-08, "_wandb": {"runtime": 25}}