{"mse_TEDA": 2.501534567731034e-07, "_timestamp": 1679978108.3216586, "_runtime": 24.7152156829834, "_step": 0, "Energy_Consumed": 3.3372380533213193e-07, "Energy_RAM": 3.1525077406513446e-08, "Energy_GPU": 0, "Energy_CPU": 3.021987279256185e-07, "CO2_Emissions": 4.10707143234826e-08, "_wandb": {"runtime": 23}}