{"mse_TEDA": 1.1782135872083598e-06, "_timestamp": 1679991216.7743373, "_runtime": 24.6952064037323, "_step": 0, "Energy_Consumed": 3.3382414814266467e-07, "Energy_RAM": 3.153455624745523e-08, "Energy_GPU": 0, "Energy_CPU": 3.022895918952094e-07, "CO2_Emissions": 4.108306331039921e-08, "_wandb": {"runtime": 23}}