{"mse_TEDA": 6.43693829740448e-07, "_timestamp": 1679967043.2376401, "_runtime": 30.97076916694641, "_step": 0, "Energy_Consumed": 3.892676465869095e-07, "Energy_RAM": 3.677200275925922e-08, "Energy_GPU": 0, "Energy_CPU": 3.524956438276503e-07, "CO2_Emissions": 4.790638262210306e-08, "_wandb": {"runtime": 30}}