{"mse_TEDA": 3.120971964792153e-07, "_timestamp": 1679975335.853237, "_runtime": 26.170372009277344, "_step": 0, "Energy_Consumed": 3.317015905280288e-07, "Energy_RAM": 3.133404974467643e-08, "Energy_GPU": 0, "Energy_CPU": 3.0036754078335233e-07, "CO2_Emissions": 4.082184443409195e-08, "_wandb": {"runtime": 25}}