{"mse_TEDA": 2.6297326468033344e-07, "_timestamp": 1679877186.783734, "_runtime": 26.379820108413696, "_step": 0, "Energy_Consumed": 5.976742589732315e-07, "Energy_RAM": 5.6091621610221413e-08, "Energy_GPU": 0, "Energy_CPU": 5.4158263736301e-07, "CO2_Emissions": 7.355456325436218e-08, "_wandb": {"runtime": 25}}