{"mse_TEDA": 2.2155340959184598e-07, "_timestamp": 1679989116.8309135, "_runtime": 25.947593450546265, "_step": 0, "Energy_Consumed": 8.723199843038603e-07, "Energy_RAM": 8.240333649875235e-08, "Energy_GPU": 0, "Energy_CPU": 7.89916647805108e-07, "CO2_Emissions": 1.0735465765875698e-07, "_wandb": {"runtime": 25}}