{"mse_TEDA": 4.018478189062551e-07, "_timestamp": 1679855094.7939165, "_runtime": 31.338451385498047, "_step": 0, "Energy_Consumed": 3.8280167874492896e-07, "Energy_RAM": 3.6161197855714514e-08, "Energy_GPU": 0, "Energy_CPU": 3.4664048088921443e-07, "CO2_Emissions": 4.7110629026405824e-08, "_wandb": {"runtime": 30}}