{"mse_TEDA": 2.8596241768452066e-07, "_timestamp": 1679862507.34059, "_runtime": 31.59208607673645, "_step": 0, "Energy_Consumed": 3.63489783342301e-07, "Energy_RAM": 3.4336907865887654e-08, "Energy_GPU": 0, "Energy_CPU": 3.291528754764133e-07, "CO2_Emissions": 4.473395308524262e-08, "_wandb": {"runtime": 30}}