{"mse_TEDA": 2.231440145536473e-06, "_timestamp": 1679989704.8309472, "_runtime": 26.598088264465332, "_step": 0, "Energy_Consumed": 3.299036111882793e-07, "Energy_RAM": 3.11642043906583e-08, "Energy_GPU": 0, "Energy_CPU": 2.98739406797621e-07, "CO2_Emissions": 4.0600570750157765e-08, "_wandb": {"runtime": 25}}