{"mse_TEDA": 2.727197274763159e-06, "_timestamp": 1679881674.7789073, "_runtime": 28.249367237091064, "_step": 0, "Energy_Consumed": 3.504327225592381e-07, "Energy_RAM": 3.274910528527168e-08, "Energy_GPU": 0, "Energy_CPU": 3.1768361727396647e-07, "CO2_Emissions": 4.312704700075812e-08, "_wandb": {"runtime": 27}}