{"mse_TEDA": 6.8403375244195e-07, "_timestamp": 1678952656.2754865, "_runtime": 26.678640365600586, "_step": 0, "Energy_Consumed": 3.5996754591135663e-07, "Energy_RAM": 3.4004181204257594e-08, "Energy_GPU": 0, "Energy_CPU": 3.2596336470709904e-07, "CO2_Emissions": 4.430047844245583e-08, "_wandb": {"runtime": 25}}