{"mse_TEDA": 6.635461827685495e-07, "_timestamp": 1679852297.6471078, "_runtime": 31.21775794029236, "_step": 0, "Energy_Consumed": 3.7122539490938933e-07, "Energy_RAM": 3.506764912420598e-08, "Energy_GPU": 0, "Energy_CPU": 3.361577457851834e-07, "CO2_Emissions": 4.568595916845602e-08, "_wandb": {"runtime": 30}}