{"mse_TEDA": 1.1197616151200835e-07, "_timestamp": 1679873360.6207516, "_runtime": 32.83088564872742, "_step": 0, "Energy_Consumed": 3.8457303652270034e-07, "Energy_RAM": 3.632852841519707e-08, "Energy_GPU": 0, "Energy_CPU": 3.4824450810750325e-07, "CO2_Emissions": 4.7328626448504984e-08, "_wandb": {"runtime": 31}}