{"mse_TEDA": 2.501534567731034e-07, "_timestamp": 1679864739.5567486, "_runtime": 31.691815614700317, "_step": 0, "Energy_Consumed": 3.644727333230296e-07, "Energy_RAM": 3.442976181797046e-08, "Energy_GPU": 0, "Energy_CPU": 3.3004297150505916e-07, "CO2_Emissions": 4.4854922752997065e-08, "_wandb": {"runtime": 30}}