{"mse_TEDA": 3.7977374104257927e-07, "_timestamp": 1679973344.047606, "_runtime": 24.384937047958374, "_step": 0, "Energy_Consumed": 3.7320358174560573e-07, "Energy_RAM": 3.5254517702772624e-08, "Energy_GPU": 0, "Energy_CPU": 3.379490640428331e-07, "CO2_Emissions": 4.592941062481185e-08, "_wandb": {"runtime": 23}}