{"mse_TEDA": 3.8800248691536743e-07, "_timestamp": 1678947309.7190585, "_runtime": 29.474274396896362, "_step": 0, "Energy_Consumed": 3.0616434524745276e-07, "Energy_RAM": 2.8921684724991793e-08, "Energy_GPU": 0, "Energy_CPU": 2.7724266052246096e-07, "CO2_Emissions": 3.767902726381723e-08, "_wandb": {"runtime": 28}}