{"mse_TEDA": 3.108782384528567e-07, "_timestamp": 1679863870.0953197, "_runtime": 31.89804983139038, "_step": 0, "Energy_Consumed": 3.7525446592414685e-07, "Energy_RAM": 3.544825360487873e-08, "Energy_GPU": 0, "Energy_CPU": 3.398062123192681e-07, "CO2_Emissions": 4.6181808796178685e-08, "_wandb": {"runtime": 30}}