{"mse_TEDA": 1.3612668872730721e-07, "_timestamp": 1679866235.0866687, "_runtime": 31.649680614471436, "_step": 0, "Energy_Consumed": 3.677164682594341e-07, "Energy_RAM": 3.4736179859843713e-08, "Energy_GPU": 0, "Energy_CPU": 3.329802883995904e-07, "CO2_Emissions": 4.525412265658675e-08, "_wandb": {"runtime": 30}}