{"mse_TEDA": 2.880448796749471e-07, "_timestamp": 1679863436.4812522, "_runtime": 31.608156204223633, "_step": 0, "Energy_Consumed": 3.92276906996661e-07, "Energy_RAM": 3.7056271264646056e-08, "Energy_GPU": 0, "Energy_CPU": 3.55220635732015e-07, "CO2_Emissions": 4.827672621953048e-08, "_wandb": {"runtime": 30}}