{"mse_TEDA": 1.0696369066780603e-07, "_timestamp": 1678946235.2501395, "_runtime": 27.18691849708557, "_step": 0, "Energy_Consumed": 3.3379752658068657e-07, "Energy_RAM": 3.153204145291966e-08, "Energy_GPU": 0, "Energy_CPU": 3.022654851277669e-07, "CO2_Emissions": 4.107978704856419e-08, "_wandb": {"runtime": 26}}