{"mse_TEDA": 3.9693645046650585e-08, "_timestamp": 1678948125.6786957, "_runtime": 27.244788646697998, "_step": 0, "Energy_Consumed": 3.336736339268656e-07, "Energy_RAM": 3.1520337986042554e-08, "Energy_GPU": 0, "Energy_CPU": 3.0215329594082303e-07, "CO2_Emissions": 4.106453983002431e-08, "_wandb": {"runtime": 26}}