{"mse_TEDA": 2.592914154820145e-07, "_timestamp": 1678938537.856196, "_runtime": 28.525996923446655, "_step": 0, "Energy_Consumed": 3.1621910442532276e-07, "Energy_RAM": 2.987150327650549e-08, "Energy_GPU": 0, "Energy_CPU": 2.863476011488173e-07, "CO2_Emissions": 3.8916446156888785e-08, "_wandb": {"runtime": 27}}