{"mse_TEDA": 6.635461827685495e-07, "_timestamp": 1678929582.2888515, "_runtime": 25.914358615875244, "_step": 0, "Energy_Consumed": 3.9657014581873935e-07, "Energy_RAM": 3.7461830244941064e-08, "Energy_GPU": 0, "Energy_CPU": 3.591083155737983e-07, "CO2_Emissions": 4.880508644546216e-08, "_wandb": {"runtime": 25}}