{"mse_TEDA": 1.3394627455263933e-07, "_timestamp": 1678948200.9541385, "_runtime": 27.393179416656494, "_step": 0, "Energy_Consumed": 3.338784151728507e-07, "Energy_RAM": 3.153968255939314e-08, "Energy_GPU": 0, "Energy_CPU": 3.023387326134576e-07, "CO2_Emissions": 4.108974184413982e-08, "_wandb": {"runtime": 26}}