{"mse_TEDA": 3.311482454177867e-07, "_timestamp": 1678935425.5928757, "_runtime": 26.0903217792511, "_step": 0, "Energy_Consumed": 2.8358618897136193e-07, "Energy_RAM": 2.6788848790223103e-08, "Energy_GPU": 0, "Energy_CPU": 2.567973401811388e-07, "CO2_Emissions": 3.490037919751163e-08, "_wandb": {"runtime": 25}}