{"mse_TEDA": 2.231440145536473e-06, "_timestamp": 1679879006.7315369, "_runtime": 27.608420848846436, "_step": 0, "Energy_Consumed": 3.8390647356701875e-07, "Energy_RAM": 3.6265561828940923e-08, "Energy_GPU": 0, "Energy_CPU": 3.476409117380778e-07, "CO2_Emissions": 4.7246593892559e-08, "_wandb": {"runtime": 26}}