{"mse_TEDA": 1.7974185168246737e-07, "_timestamp": 1679980185.6359837, "_runtime": 24.851356744766235, "_step": 0, "Energy_Consumed": 3.3376988111247856e-07, "Energy_RAM": 3.152942993551733e-08, "Energy_GPU": 0, "Energy_CPU": 3.0224045117696126e-07, "CO2_Emissions": 4.107638477665859e-08, "_wandb": {"runtime": 23}}