{"mse_TEDA": 4.3627710135423554e-07, "_timestamp": 1679970055.2680376, "_runtime": 26.48110866546631, "_step": 0, "Energy_Consumed": 3.3379138314330703e-07, "Energy_RAM": 3.1531461115719144e-08, "Energy_GPU": 0, "Energy_CPU": 3.022599220275879e-07, "CO2_Emissions": 4.1079030988140725e-08, "_wandb": {"runtime": 25}}