{"mse_TEDA": 2.996684531192259e-07, "_timestamp": 1678936214.6482224, "_runtime": 27.085939407348633, "_step": 0, "Energy_Consumed": 3.353303142068853e-07, "Energy_RAM": 3.167683558444878e-08, "Energy_GPU": 0, "Energy_CPU": 3.036534786224365e-07, "CO2_Emissions": 4.1268424124218783e-08, "_wandb": {"runtime": 26}}