{"mse_TEDA": 4.00438246142968e-08, "_timestamp": 1679870355.2412114, "_runtime": 32.12939739227295, "_step": 0, "Energy_Consumed": 3.724458911354608e-07, "Energy_RAM": 3.5182942781375466e-08, "Energy_GPU": 0, "Energy_CPU": 3.3726294835408533e-07, "CO2_Emissions": 4.583616317258447e-08, "_wandb": {"runtime": 31}}