{"mse_TEDA": 1.577167216849579e-07, "_timestamp": 1679867540.43947, "_runtime": 31.500216007232666, "_step": 0, "Energy_Consumed": 3.717129692595083e-07, "Energy_RAM": 3.475784578199637e-08, "Energy_GPU": 0, "Energy_CPU": 3.369551234775119e-07, "CO2_Emissions": 4.5745963958420774e-08, "_wandb": {"runtime": 30}}