{"mse_TEDA": 1.5062758608356837e-07, "_timestamp": 1678941731.578723, "_runtime": 27.37017583847046, "_step": 0, "Energy_Consumed": 5.322377212838901e-07, "Energy_RAM": 5.027761008970326e-08, "Energy_GPU": 0, "Energy_CPU": 4.819601111941868e-07, "CO2_Emissions": 6.550142079698778e-08, "_wandb": {"runtime": 26}}