{"mse_TEDA": 2.788950739733103e-06, "_timestamp": 1678953781.136847, "_runtime": 27.12055802345276, "_step": 0, "Energy_Consumed": 2.861029504845192e-07, "Energy_RAM": 2.702659359670179e-08, "Energy_GPU": 0, "Energy_CPU": 2.590763568878174e-07, "CO2_Emissions": 3.5210111950991254e-08, "_wandb": {"runtime": 26}}