{"mse_TEDA": 3.456035619282657e-07, "_timestamp": 1679976623.8308492, "_runtime": 23.669238090515137, "_step": 0, "Energy_Consumed": 2.685183848917758e-07, "Energy_RAM": 2.53654750830871e-08, "Energy_GPU": 0, "Energy_CPU": 2.431529098086887e-07, "CO2_Emissions": 3.304601499889238e-08, "_wandb": {"runtime": 22}}