{"mse_TEDA": 1.893100365367845e-06, "_timestamp": 1678950229.6402364, "_runtime": 25.525028467178345, "_step": 0, "Energy_Consumed": 1.1981105641665282e-06, "Energy_RAM": 1.1317900513366416e-07, "Energy_GPU": 0, "Energy_CPU": 1.084931559032864e-06, "CO2_Emissions": 1.4744904595540472e-07, "_wandb": {"runtime": 24}}