{"mse_TEDA": 1.3394627455263933e-07, "_timestamp": 1678948012.5045743, "_runtime": 29.896425247192383, "_step": 0, "Energy_Consumed": 3.418648837662709e-07, "Energy_RAM": 3.229412092006593e-08, "Energy_GPU": 0, "Energy_CPU": 3.0957076284620497e-07, "CO2_Emissions": 4.207262039464472e-08, "_wandb": {"runtime": 29}}