{"mse_TEDA": 6.641649377174232e-07, "_timestamp": 1678927658.3006263, "_runtime": 25.396438360214233, "_step": 0, "Energy_Consumed": 3.3389889329744917e-07, "Energy_RAM": 3.15416170167282e-08, "Energy_GPU": 0, "Energy_CPU": 3.02357276280721e-07, "CO2_Emissions": 4.109226204555136e-08, "_wandb": {"runtime": 23}}