{"mse_TEDA": 1.3612668872730721e-07, "_timestamp": 1678940454.461374, "_runtime": 26.749505043029785, "_step": 0, "Energy_Consumed": 3.3380059829937637e-07, "Energy_RAM": 3.153233162151992e-08, "Energy_GPU": 0, "Energy_CPU": 3.0226826667785646e-07, "CO2_Emissions": 4.108016507877592e-08, "_wandb": {"runtime": 25}}