{"mse_TEDA": 5.737002628934206e-07, "_timestamp": 1679850804.6259065, "_runtime": 31.21532940864563, "_step": 0, "Energy_Consumed": 1.3885305013707238e-06, "Energy_RAM": 1.311669435551721e-07, "Energy_GPU": 0, "Energy_CPU": 1.2573635578155518e-06, "CO2_Emissions": 1.7088364282099432e-07, "_wandb": {"runtime": 30}}