{"mse_TEDA": 9.961694403697337e-07, "_timestamp": 1679991403.055612, "_runtime": 24.5229811668396, "_step": 0, "Energy_Consumed": 4.773481561100349e-07, "Energy_RAM": 4.50924906488126e-08, "Energy_GPU": 0, "Energy_CPU": 4.3225566546122234e-07, "CO2_Emissions": 5.8746272933466376e-08, "_wandb": {"runtime": 23}}