{"mse_TEDA": 3.6874978405019186e-07, "_timestamp": 1678932516.82231, "_runtime": 26.56081795692444, "_step": 0, "Energy_Consumed": 3.435666159204074e-07, "Energy_RAM": 3.245487432460929e-08, "Energy_GPU": 0, "Energy_CPU": 3.111117415957981e-07, "CO2_Emissions": 4.228204913194462e-08, "_wandb": {"runtime": 25}}