{"mse_TEDA": 3.3020519408773363e-07, "_timestamp": 1679985661.1600432, "_runtime": 31.205584287643433, "_step": 0, "Energy_Consumed": 3.3543372873610774e-07, "Energy_RAM": 3.1686604593990825e-08, "Energy_GPU": 0, "Energy_CPU": 3.0374712414211693e-07, "CO2_Emissions": 4.128115114134711e-08, "_wandb": {"runtime": 30}}