{"mse_TEDA": 2.7972068969906754e-06, "_timestamp": 1678950303.492074, "_runtime": 27.22453999519348, "_step": 0, "Energy_Consumed": 5.716693741045574e-07, "Energy_RAM": 5.4002504411225044e-08, "Energy_GPU": 0, "Energy_CPU": 5.176668696933323e-07, "CO2_Emissions": 7.035419462499988e-08, "_wandb": {"runtime": 26}}