{"mse_TEDA": 6.399721018054589e-08, "_timestamp": 1678945027.174412, "_runtime": 26.80782198905945, "_step": 0, "Energy_Consumed": 3.3368489689539475e-07, "Energy_RAM": 3.152140193757683e-08, "Energy_GPU": 0, "Energy_CPU": 3.021634949578179e-07, "CO2_Emissions": 4.106592594080066e-08, "_wandb": {"runtime": 25}}