{"mse_TEDA": 1.2034514673626365e-07, "_timestamp": 1679871236.602712, "_runtime": 32.98489689826965, "_step": 0, "Energy_Consumed": 3.9256872027218985e-07, "Energy_RAM": 3.708383728167064e-08, "Energy_GPU": 0, "Energy_CPU": 3.554848829905192e-07, "CO2_Emissions": 4.831263908964509e-08, "_wandb": {"runtime": 32}}