{"mse_TEDA": 3.283249103288635e-07, "_timestamp": 1679860053.505578, "_runtime": 31.544921159744263, "_step": 0, "Energy_Consumed": 3.810692294038947e-07, "Energy_RAM": 3.599754276516857e-08, "Energy_GPU": 0, "Energy_CPU": 3.4507168663872614e-07, "CO2_Emissions": 4.68974199869886e-08, "_wandb": {"runtime": 30}}