{"mse_TEDA": 2.9395796723081393e-06, "_timestamp": 1678953506.01634, "_runtime": 26.461719036102295, "_step": 0, "Energy_Consumed": 4.778201768820307e-07, "Energy_RAM": 4.51370798903857e-08, "Energy_GPU": 0, "Energy_CPU": 4.32683096991645e-07, "CO2_Emissions": 5.880436357600263e-08, "_wandb": {"runtime": 25}}