{"mse_TEDA": 2.2549821089193617e-07, "_timestamp": 1678939435.8662171, "_runtime": 26.101667165756226, "_step": 0, "Energy_Consumed": 2.6860746473377933e-07, "Energy_RAM": 2.5373889972494604e-08, "Energy_GPU": 0, "Energy_CPU": 2.432335747612847e-07, "CO2_Emissions": 3.3056977875032626e-08, "_wandb": {"runtime": 25}}