{"mse_TEDA": 5.61194896158914e-07, "_timestamp": 1679856108.568209, "_runtime": 31.248194932937622, "_step": 0, "Energy_Consumed": 3.8083270706478185e-07, "Energy_RAM": 3.597519978294865e-08, "Energy_GPU": 0, "Energy_CPU": 3.448575072818332e-07, "CO2_Emissions": 4.6868311660685186e-08, "_wandb": {"runtime": 30}}