{"mse_TEDA": 2.9396701671244693e-06, "_timestamp": 1678953311.1295907, "_runtime": 27.478558778762817, "_step": 0, "Energy_Consumed": 4.158083199728127e-07, "Energy_RAM": 3.927915618836172e-08, "Energy_GPU": 0, "Energy_CPU": 3.7652916378445096e-07, "CO2_Emissions": 5.117268966154378e-08, "_wandb": {"runtime": 26}}