{"mse_TEDA": 3.5139365773888617e-08, "_timestamp": 1678944803.3568347, "_runtime": 27.523109674453735, "_step": 0, "Energy_Consumed": 3.4307923655496276e-07, "Energy_RAM": 3.24088342400349e-08, "Energy_GPU": 0, "Energy_CPU": 3.1067040231492785e-07, "CO2_Emissions": 4.22220683383497e-08, "_wandb": {"runtime": 26}}