{"mse_TEDA": 8.753568146675801e-08, "_timestamp": 1678945065.1740463, "_runtime": 27.65100121498108, "_step": 0, "Energy_Consumed": 3.3384360236103326e-07, "Energy_RAM": 3.153639398192354e-08, "Energy_GPU": 0, "Energy_CPU": 3.023072083791097e-07, "CO2_Emissions": 4.108545750174018e-08, "_wandb": {"runtime": 26}}