{"mse_TEDA": 1.8484462114278483e-07, "_timestamp": 1678940227.8430274, "_runtime": 26.290361404418945, "_step": 0, "Energy_Consumed": 4.149615495206642e-07, "Energy_RAM": 3.9199166377557054e-08, "Energy_GPU": 0, "Energy_CPU": 3.757623831431071e-07, "CO2_Emissions": 5.106847933317615e-08, "_wandb": {"runtime": 25}}