{"mse_TEDA": 2.1909008520713328e-07, "_timestamp": 1678937823.8608341, "_runtime": 26.6823410987854, "_step": 0, "Energy_Consumed": 1.2025430542358765e-06, "Energy_RAM": 1.1359771842383756e-07, "Energy_GPU": 0, "Energy_CPU": 1.088945335812039e-06, "CO2_Emissions": 1.4799454355093493e-07, "_wandb": {"runtime": 25}}