{"mse_TEDA": 2.592914154820145e-07, "_timestamp": 1678938163.0519812, "_runtime": 27.596327304840088, "_step": 0, "Energy_Consumed": 4.0038624433767237e-07, "Energy_RAM": 3.78223163693292e-08, "Energy_GPU": 0, "Energy_CPU": 3.6256392796834314e-07, "CO2_Emissions": 4.92747259785047e-08, "_wandb": {"runtime": 26}}