{"mse_TEDA": 5.763817460181766e-07, "_timestamp": 1679988251.002624, "_runtime": 26.05833411216736, "_step": 0, "Energy_Consumed": 1.3258500336933646e-06, "Energy_RAM": 1.2524585982115847e-07, "Energy_GPU": 0, "Energy_CPU": 1.2006041738722061e-06, "CO2_Emissions": 1.6316968433044837e-07, "_wandb": {"runtime": 25}}