{"mse_TEDA": 4.133140111499504e-07, "_timestamp": 1679973872.3176763, "_runtime": 25.058080196380615, "_step": 0, "Energy_Consumed": 3.2145331307270275e-07, "Energy_RAM": 3.036595057134643e-08, "Energy_GPU": 0, "Energy_CPU": 2.910873625013563e-07, "CO2_Emissions": 3.956060963768123e-08, "_wandb": {"runtime": 24}}