{"mse_TEDA": 1.577167216849579e-07, "_timestamp": 1678941092.5077047, "_runtime": 27.295413732528687, "_step": 0, "Energy_Consumed": 3.958656983325505e-07, "Energy_RAM": 3.739528491261505e-08, "Energy_GPU": 0, "Energy_CPU": 3.5847041341993545e-07, "CO2_Emissions": 4.87183915169048e-08, "_wandb": {"runtime": 26}}