{"mse_TEDA": 2.8133981095437645e-06, "_timestamp": 1679881416.279993, "_runtime": 26.844858169555664, "_step": 0, "Energy_Consumed": 5.379838830462328e-07, "Energy_RAM": 5.082041881792065e-08, "Energy_GPU": 0, "Energy_CPU": 4.871634642283121e-07, "CO2_Emissions": 6.620858931306899e-08, "_wandb": {"runtime": 25}}