{"mse_TEDA": 4.953147874318665e-07, "_timestamp": 1679854950.6013505, "_runtime": 30.960463523864746, "_step": 0, "Energy_Consumed": 3.4927386924601305e-07, "Energy_RAM": 3.2994007583890075e-08, "Energy_GPU": 0, "Energy_CPU": 3.1627986166212295e-07, "CO2_Emissions": 4.298442926534389e-08, "_wandb": {"runtime": 30}}