{"mse_TEDA": 1.348936821719116e-07, "_timestamp": 1679978912.308461, "_runtime": 25.19452404975891, "_step": 0, "Energy_Consumed": 3.5132987295570375e-07, "Energy_RAM": 3.318822710032994e-08, "Energy_GPU": 0, "Energy_CPU": 3.181416458553738e-07, "CO2_Emissions": 4.323745748706361e-08, "_wandb": {"runtime": 24}}