{"mse_TEDA": 2.0198297513083991e-07, "_timestamp": 1678948477.8886065, "_runtime": 26.773576498031616, "_step": 0, "Energy_Consumed": 5.456549885208359e-07, "Energy_RAM": 5.1545066535633544e-08, "Energy_GPU": 0, "Energy_CPU": 4.941099219852024e-07, "CO2_Emissions": 6.7152656761836e-08, "_wandb": {"runtime": 25}}