{"mse_TEDA": 2.8596241768452066e-07, "_timestamp": 1679976545.655165, "_runtime": 26.232542991638184, "_step": 0, "Energy_Consumed": 3.337104945511429e-07, "Energy_RAM": 3.1523820009245656e-08, "Energy_GPU": 0, "Energy_CPU": 3.021866745418972e-07, "CO2_Emissions": 4.10690761925651e-08, "_wandb": {"runtime": 25}}