{"mse_TEDA": 1.5827274348956437e-07, "_timestamp": 1678938947.7653594, "_runtime": 26.164942502975464, "_step": 0, "Energy_Consumed": 3.8946014095813553e-07, "Energy_RAM": 3.679018665820877e-08, "Energy_GPU": 0, "Energy_CPU": 3.526699542999268e-07, "CO2_Emissions": 4.793007251537164e-08, "_wandb": {"runtime": 25}}