{"mse_TEDA": 2.380139386632416e-07, "_timestamp": 1678943422.9123995, "_runtime": 27.949249505996704, "_step": 0, "Energy_Consumed": 3.336685143957159e-07, "Energy_RAM": 3.151985437170879e-08, "Energy_GPU": 0, "Energy_CPU": 3.0214866002400714e-07, "CO2_Emissions": 4.106390977967141e-08, "_wandb": {"runtime": 27}}