{"mse_TEDA": 2.7904784678160287e-06, "_timestamp": 1679881631.263091, "_runtime": 28.312514066696167, "_step": 0, "Energy_Consumed": 3.339009411099091e-07, "Energy_RAM": 3.15418104624617e-08, "Energy_GPU": 0, "Energy_CPU": 3.023591306474474e-07, "CO2_Emissions": 4.109251406569253e-08, "_wandb": {"runtime": 27}}