{"mse_TEDA": 1.3953174700230186e-07, "_timestamp": 1679871042.4151711, "_runtime": 32.39965224266052, "_step": 0, "Energy_Consumed": 3.549954572588377e-07, "Energy_RAM": 3.353449496330541e-08, "Energy_GPU": 0, "Energy_CPU": 3.2146096229553225e-07, "CO2_Emissions": 4.368857353973125e-08, "_wandb": {"runtime": 31}}