{"mse_TEDA": 3.243443694298364e-07, "_timestamp": 1678938048.349031, "_runtime": 26.494009017944336, "_step": 0, "Energy_Consumed": 3.3653765669365994e-07, "Energy_RAM": 2.6052691051366615e-08, "Energy_GPU": 0, "Energy_CPU": 3.104849656422933e-07, "CO2_Emissions": 4.141700932423343e-08, "_wandb": {"runtime": 25}}