{"mse_TEDA": 1.206939143738527e-07, "_timestamp": 1678948590.8755653, "_runtime": 27.15505623817444, "_step": 0, "Energy_Consumed": 3.356753706063703e-07, "Energy_RAM": 3.170943119054452e-08, "Energy_GPU": 0, "Energy_CPU": 3.0396593941582576e-07, "CO2_Emissions": 4.131088951800342e-08, "_wandb": {"runtime": 26}}