{"mse_TEDA": 3.5280104366025144e-07, "_timestamp": 1679863098.6591353, "_runtime": 31.730748414993286, "_step": 0, "Energy_Consumed": 3.8861849003713665e-07, "Energy_RAM": 3.6710680461737863e-08, "Energy_GPU": 0, "Energy_CPU": 3.5190780957539877e-07, "CO2_Emissions": 4.7826492237356895e-08, "_wandb": {"runtime": 30}}