{"mse_TEDA": 4.5362121589805575e-07, "_timestamp": 1679990561.1490042, "_runtime": 24.930123329162598, "_step": 0, "Energy_Consumed": 3.3544703951709684e-07, "Energy_RAM": 3.1687861991258615e-08, "Energy_GPU": 0, "Energy_CPU": 3.037591775258382e-07, "CO2_Emissions": 4.128278927226463e-08, "_wandb": {"runtime": 24}}