{"mse_TEDA": 2.231440145536473e-06, "_timestamp": 1678951059.946587, "_runtime": 28.322999000549316, "_step": 0, "Energy_Consumed": 3.3379752658068657e-07, "Energy_RAM": 3.153204145291966e-08, "Energy_GPU": 0, "Energy_CPU": 3.022654851277669e-07, "CO2_Emissions": 4.107978704856419e-08, "_wandb": {"runtime": 27}}