{"mse_TEDA": 4.3627710135423554e-07, "_timestamp": 1679853890.50658, "_runtime": 31.29326105117798, "_step": 0, "Energy_Consumed": 3.7051070836090123e-07, "Energy_RAM": 3.5000136563212436e-08, "Energy_GPU": 0, "Energy_CPU": 3.355105717976888e-07, "CO2_Emissions": 4.559800413919289e-08, "_wandb": {"runtime": 30}}