{"mse_TEDA": 5.299969110105931e-07, "_timestamp": 1679854277.993268, "_runtime": 30.75105905532837, "_step": 0, "Energy_Consumed": 3.680809637839704e-07, "Energy_RAM": 3.441641406235855e-08, "Energy_GPU": 0, "Energy_CPU": 3.3366454972161185e-07, "CO2_Emissions": 4.52989803842083e-08, "_wandb": {"runtime": 29}}