{"mse_TEDA": 5.591290581532206e-07, "_timestamp": 1679857309.4071064, "_runtime": 31.379262447357178, "_step": 0, "Energy_Consumed": 3.720537350493993e-07, "Energy_RAM": 3.5145897923409094e-08, "Energy_GPU": 0, "Energy_CPU": 3.369078371259902e-07, "CO2_Emissions": 4.578790131555327e-08, "_wandb": {"runtime": 30}}