{"mse_TEDA": 2.2157368213420192e-07, "_timestamp": 1679988525.3694966, "_runtime": 27.522746562957764, "_step": 0, "Energy_Consumed": 6.910333519577863e-07, "Energy_RAM": 6.491013554068559e-08, "Energy_GPU": 0, "Energy_CPU": 6.261232164171007e-07, "CO2_Emissions": 8.50440781652091e-08, "_wandb": {"runtime": 26}}