{"mse_TEDA": 2.8530998822998015e-07, "_timestamp": 1678936664.5457716, "_runtime": 26.461385488510132, "_step": 0, "Energy_Consumed": 2.9265185473112376e-07, "Energy_RAM": 2.7645233052453477e-08, "Energy_GPU": 0, "Energy_CPU": 2.6500662167867026e-07, "CO2_Emissions": 3.6016072362405276e-08, "_wandb": {"runtime": 25}}