{"mse_TEDA": 2.0482241176924275e-07, "_timestamp": 1678939400.1620724, "_runtime": 27.74242353439331, "_step": 0, "Energy_Consumed": 3.3381595689282524e-07, "Energy_RAM": 3.153378246452121e-08, "Energy_GPU": 0, "Energy_CPU": 3.0228217442830404e-07, "CO2_Emissions": 4.1082055229834586e-08, "_wandb": {"runtime": 26}}