{"mse_TEDA": 3.75485568590037e-07, "_timestamp": 1678930408.1609805, "_runtime": 26.604111433029175, "_step": 0, "Energy_Consumed": 5.378948032042293e-07, "Energy_RAM": 5.081200392851316e-08, "Energy_GPU": 0, "Energy_CPU": 4.870827992757161e-07, "CO2_Emissions": 6.619762643692875e-08, "_wandb": {"runtime": 25}}