{"mse_TEDA": 4.4877618016124663e-07, "_timestamp": 1679970732.2124894, "_runtime": 24.357665300369263, "_step": 0, "Energy_Consumed": 2.6826343224052427e-07, "Energy_RAM": 2.5341391089265623e-08, "Energy_GPU": 0, "Energy_CPU": 2.4292204115125864e-07, "CO2_Emissions": 3.301463849131856e-08, "_wandb": {"runtime": 23}}