{"mse_TEDA": 4.2623918853283534e-07, "_timestamp": 1679971465.096492, "_runtime": 24.497808933258057, "_step": 0, "Energy_Consumed": 3.336603231458766e-07, "Energy_RAM": 3.151908058877477e-08, "Energy_GPU": 0, "Energy_CPU": 3.021412425571018e-07, "CO2_Emissions": 4.10629016991068e-08, "_wandb": {"runtime": 23}}