{"mse_TEDA": 1.9319789441739117e-07, "_timestamp": 1678936964.2190707, "_runtime": 26.55484676361084, "_step": 0, "Energy_Consumed": 5.601811462047912e-07, "Energy_RAM": 5.291727384625725e-08, "Energy_GPU": 0, "Energy_CPU": 5.07263872358534e-07, "CO2_Emissions": 6.894036163311972e-08, "_wandb": {"runtime": 25}}