{"mse_TEDA": 4.803617166548283e-07, "_timestamp": 1679854324.1003652, "_runtime": 31.03904128074646, "_step": 0, "Energy_Consumed": 3.786210696081425e-07, "Energy_RAM": 3.576627839076234e-08, "Energy_GPU": 0, "Energy_CPU": 3.4285479121738014e-07, "CO2_Emissions": 4.659612990823768e-08, "_wandb": {"runtime": 30}}