{"mse_TEDA": 1.577167216849579e-07, "_timestamp": 1679867058.0542011, "_runtime": 31.661907196044922, "_step": 0, "Energy_Consumed": 3.728493101900515e-07, "Energy_RAM": 3.522105159087611e-08, "Energy_GPU": 0, "Energy_CPU": 3.3762825859917535e-07, "CO2_Emissions": 4.588581114039202e-08, "_wandb": {"runtime": 30}}