{"mse_TEDA": 2.9528468217726104e-07, "_timestamp": 1679976319.4961982, "_runtime": 24.858777284622192, "_step": 0, "Energy_Consumed": 3.798733069273415e-07, "Energy_RAM": 3.588457045680116e-08, "Energy_GPU": 0, "Energy_CPU": 3.439887364705404e-07, "CO2_Emissions": 4.675024022455402e-08, "_wandb": {"runtime": 23}}