{"mse_TEDA": 1.4394662641094182e-07, "_timestamp": 1679867010.5139244, "_runtime": 32.001755475997925, "_step": 0, "Energy_Consumed": 3.4819569598590125e-07, "Energy_RAM": 3.289215840519925e-08, "Energy_GPU": 0, "Energy_CPU": 3.15303537580702e-07, "CO2_Emissions": 4.285174066102572e-08, "_wandb": {"runtime": 31}}