{"mse_TEDA": 1.7456831441668582e-07, "_timestamp": 1679868844.8541286, "_runtime": 31.804791688919067, "_step": 0, "Energy_Consumed": 3.806115433191179e-07, "Energy_RAM": 3.595430764373001e-08, "Energy_GPU": 0, "Energy_CPU": 3.446572356753879e-07, "CO2_Emissions": 4.6841093485440434e-08, "_wandb": {"runtime": 30}}