{"mse_TEDA": 2.600689140277876e-07, "_timestamp": 1679991667.49171, "_runtime": 23.58761692047119, "_step": 0, "Energy_Consumed": 3.357050638870381e-07, "Energy_RAM": 3.171223615368035e-08, "Energy_GPU": 0, "Energy_CPU": 3.039928277333578e-07, "CO2_Emissions": 4.131454381005017e-08, "_wandb": {"runtime": 22}}