{"mse_TEDA": 7.505154025744124e-08, "_timestamp": 1678948925.7130947, "_runtime": 26.499815702438354, "_step": 0, "Energy_Consumed": 3.337821679872377e-07, "Energy_RAM": 3.1530590609918363e-08, "Energy_GPU": 0, "Energy_CPU": 3.0225157737731935e-07, "CO2_Emissions": 4.107789689750553e-08, "_wandb": {"runtime": 25}}