{"mse_TEDA": 4.3627710135423554e-07, "_timestamp": 1679969874.7263112, "_runtime": 23.791367292404175, "_step": 0, "Energy_Consumed": 3.340186903263505e-07, "Energy_RAM": 3.155293359213829e-08, "Energy_GPU": 0, "Energy_CPU": 3.0246575673421223e-07, "CO2_Emissions": 4.110700522380894e-08, "_wandb": {"runtime": 22}}