{"mse_RLS": 2.9350045113900504e-06, "_timestamp": 1680034578.816716, "_runtime": 26.25783395767212, "_step": 0, "Energy_Consumed": 1.5554217726414917e-07, "Energy_RAM": 1.4337714153119427e-08, "Energy_GPU": 0, "Energy_CPU": 1.4120446311102975e-07, "CO2_Emissions": 1.9142261431756735e-08, "_wandb": {"runtime": 25}}