{"mse_TEDA": 4.36027399920611e-07, "_timestamp": 1678930068.4644427, "_runtime": 25.92685079574585, "_step": 0, "Energy_Consumed": 3.535793949428504e-07, "Energy_RAM": 3.340072723858612e-08, "Energy_GPU": 0, "Energy_CPU": 3.201786677042643e-07, "CO2_Emissions": 4.351430161212249e-08, "_wandb": {"runtime": 25}}