{"mse_TEDA": 1.7388620610156288e-07, "_timestamp": 1678940005.2330537, "_runtime": 27.809404611587524, "_step": 0, "Energy_Consumed": 4.045699251931486e-07, "Energy_RAM": 3.821752600288164e-08, "Energy_GPU": 0, "Energy_CPU": 3.663523991902669e-07, "CO2_Emissions": 4.978960312688457e-08, "_wandb": {"runtime": 27}}