{"mse_TEDA": 3.1126918090711686e-07, "_timestamp": 1678931317.1527233, "_runtime": 26.537076234817505, "_step": 0, "Energy_Consumed": 5.625525130332992e-07, "Energy_RAM": 5.3141284005657026e-08, "Energy_GPU": 0, "Energy_CPU": 5.094112290276422e-07, "CO2_Emissions": 6.923220095657735e-08, "_wandb": {"runtime": 25}}