{"mse_TEDA": 3.659921736121526e-07, "_timestamp": 1678934032.6953466, "_runtime": 26.53237557411194, "_step": 0, "Energy_Consumed": 3.3365110798980725e-07, "Energy_RAM": 3.151821008297399e-08, "Energy_GPU": 0, "Energy_CPU": 3.0213289790683325e-07, "CO2_Emissions": 4.1061767608471606e-08, "_wandb": {"runtime": 25}}