{"mse_TEDA": 2.8221495744486707e-07, "_timestamp": 1679971283.7386994, "_runtime": 24.997929334640503, "_step": 0, "Energy_Consumed": 5.35103634821452e-07, "Energy_RAM": 5.054833739374469e-08, "Energy_GPU": 0, "Energy_CPU": 4.845552974277073e-07, "CO2_Emissions": 6.585412298453435e-08, "_wandb": {"runtime": 23}}