{"mse_TEDA": 3.9693645046650585e-08, "_timestamp": 1679875725.2483728, "_runtime": 28.003273725509644, "_step": 0, "Energy_Consumed": 3.735015384585141e-07, "Energy_RAM": 3.5282664056997725e-08, "Energy_GPU": 0, "Energy_CPU": 3.382188744015164e-07, "CO2_Emissions": 4.596607955534992e-08, "_wandb": {"runtime": 27}}