{"mse_TEDA": 3.955392718378994e-07, "_timestamp": 1678933044.9893978, "_runtime": 28.326623678207397, "_step": 0, "Energy_Consumed": 3.8200917532296645e-07, "Energy_RAM": 3.608633435684775e-08, "Energy_GPU": 0, "Energy_CPU": 3.459228409661187e-07, "CO2_Emissions": 4.7013097231778794e-08, "_wandb": {"runtime": 27}}