{"mse_TEDA": 1.454580638685153e-07, "_timestamp": 1679874932.3415415, "_runtime": 27.93024253845215, "_step": 0, "Energy_Consumed": 5.875870203549817e-07, "Energy_RAM": 5.550615809776597e-08, "Energy_GPU": 0, "Energy_CPU": 5.320808622572157e-07, "CO2_Emissions": 7.231314718219849e-08, "_wandb": {"runtime": 26}}