{"mse_TEDA": 4.828909902185851e-07, "_timestamp": 1679851430.717699, "_runtime": 30.888522148132324, "_step": 0, "Energy_Consumed": 3.6013220597826354e-07, "Energy_RAM": 3.365240013787722e-08, "Energy_GPU": 0, "Energy_CPU": 3.264798058403863e-07, "CO2_Emissions": 4.432074282414023e-08, "_wandb": {"runtime": 29}}