{"mse_TEDA": 4.3599186515588886e-07, "_timestamp": 1679850040.31783, "_runtime": 31.201733112335205, "_step": 0, "Energy_Consumed": 3.9634079082323605e-07, "Energy_RAM": 3.744016432278841e-08, "Energy_GPU": 0, "Energy_CPU": 3.589006265004476e-07, "CO2_Emissions": 4.87768601896528e-08, "_wandb": {"runtime": 29}}