{"mse_TEDA": 4.2431047665081173e-07, "_timestamp": 1678931540.9495296, "_runtime": 26.055625677108765, "_step": 0, "Energy_Consumed": 3.3383745892365366e-07, "Energy_RAM": 3.153581364472302e-08, "Energy_GPU": 0, "Energy_CPU": 3.0230164527893063e-07, "CO2_Emissions": 4.108470144131671e-08, "_wandb": {"runtime": 25}}