{"mse_TEDA": 3.5222631487430687e-07, "_timestamp": 1679973566.104397, "_runtime": 24.71533703804016, "_step": 0, "Energy_Consumed": 3.337862636121574e-07, "Energy_RAM": 3.153097750138537e-08, "Energy_GPU": 0, "Energy_CPU": 3.02255286110772e-07, "CO2_Emissions": 4.1078400937787837e-08, "_wandb": {"runtime": 23}}