{"mse_TEDA": 2.461858721175388e-07, "_timestamp": 1678950186.5988488, "_runtime": 27.963867902755737, "_step": 0, "Energy_Consumed": 3.5139130732949926e-07, "Energy_RAM": 3.319403047233512e-08, "Energy_GPU": 0, "Energy_CPU": 3.1819727685716415e-07, "CO2_Emissions": 4.324501809129826e-08, "_wandb": {"runtime": 27}}