{"mse_TEDA": 3.2556143683658335e-07, "_timestamp": 1678936177.9774218, "_runtime": 27.82201385498047, "_step": 0, "Energy_Consumed": 3.336808012704751e-07, "Energy_RAM": 3.152101504610983e-08, "Energy_GPU": 0, "Energy_CPU": 3.021597862243653e-07, "CO2_Emissions": 4.1065421900518356e-08, "_wandb": {"runtime": 27}}