{"mse_TEDA": 4.90190254324756e-07, "_timestamp": 1678934296.197714, "_runtime": 27.233072996139526, "_step": 0, "Energy_Consumed": 3.3547263717284497e-07, "Energy_RAM": 3.169028006292744e-08, "Energy_GPU": 0, "Energy_CPU": 3.037823571099175e-07, "CO2_Emissions": 4.128593952402906e-08, "_wandb": {"runtime": 26}}