{"mse_TEDA": 1.7174024956282277e-07, "_timestamp": 1679868748.4064114, "_runtime": 32.02409839630127, "_step": 0, "Energy_Consumed": 3.750711867089902e-07, "Energy_RAM": 3.5430940211729956e-08, "Energy_GPU": 0, "Energy_CPU": 3.396402464972602e-07, "CO2_Emissions": 4.6159252993545306e-08, "_wandb": {"runtime": 31}}