{"mse_TEDA": 1.1890709866313956e-07, "_timestamp": 1679984502.9211607, "_runtime": 25.74565076828003, "_step": 0, "Energy_Consumed": 4.6798555754359464e-07, "Energy_RAM": 4.420805675522388e-08, "Energy_GPU": 0, "Energy_CPU": 4.2377750078837076e-07, "CO2_Emissions": 5.759403684810524e-08, "_wandb": {"runtime": 24}}