{"mse_TEDA": 4.027292864456868e-08, "_timestamp": 1678944044.2603967, "_runtime": 27.38346266746521, "_step": 0, "Energy_Consumed": 3.174795329943613e-07, "Energy_RAM": 2.999056912547834e-08, "Energy_GPU": 0, "Energy_CPU": 2.8748896386888294e-07, "CO2_Emissions": 3.907156455376975e-08, "_wandb": {"runtime": 26}}