{"mse_TEDA": 2.963796227749086e-07, "_timestamp": 1679859428.9548476, "_runtime": 31.289251565933228, "_step": 0, "Energy_Consumed": 6.012705032117083e-07, "Energy_RAM": 5.679876248905203e-08, "Energy_GPU": 0, "Energy_CPU": 5.444717407226562e-07, "CO2_Emissions": 7.399714576539689e-08, "_wandb": {"runtime": 30}}