{"mse_TEDA": 3.971358748024236e-06, "_timestamp": 1679990290.026707, "_runtime": 32.588788986206055, "_step": 0, "Energy_Consumed": 6.69624435309086e-07, "Energy_RAM": 6.325578762774361e-08, "Energy_GPU": 0, "Energy_CPU": 6.063686476813423e-07, "CO2_Emissions": 8.24093260570131e-08, "_wandb": {"runtime": 31}}