{"mse_TEDA": 9.892783858873526e-07, "_timestamp": 1679991589.893339, "_runtime": 24.776387929916382, "_step": 0, "Energy_Consumed": 3.3535591186263344e-07, "Energy_RAM": 3.1679253656117604e-08, "Energy_GPU": 0, "Energy_CPU": 3.036766582065158e-07, "CO2_Emissions": 4.1271574375983225e-08, "_wandb": {"runtime": 23}}