{"mse_TEDA": 3.8800248691536743e-07, "_timestamp": 1678946735.5681427, "_runtime": 28.509750604629517, "_step": 0, "Energy_Consumed": 2.7997794341710385e-07, "Energy_RAM": 2.6447997407785807e-08, "Energy_GPU": 0, "Energy_CPU": 2.5352994600931803e-07, "CO2_Emissions": 3.4456319708796337e-08, "_wandb": {"runtime": 27}}