{"mse_TEDA": 1.1306962065351475e-07, "_timestamp": 1678944914.7461805, "_runtime": 26.896134614944458, "_step": 0, "Energy_Consumed": 3.388689341375084e-07, "Energy_RAM": 3.2011109811946883e-08, "Energy_GPU": 0, "Energy_CPU": 3.0685782432556154e-07, "CO2_Emissions": 4.17039149281348e-08, "_wandb": {"runtime": 26}}