{"mse_TEDA": 2.0631567023236276e-07, "_timestamp": 1678948275.5712657, "_runtime": 27.493435621261597, "_step": 0, "Energy_Consumed": 3.4924315205911524e-07, "Energy_RAM": 3.2991105897887486e-08, "Energy_GPU": 0, "Energy_CPU": 3.1625204616122775e-07, "CO2_Emissions": 4.298064896322656e-08, "_wandb": {"runtime": 26}}