{"mse_TEDA": 7.730275597023127e-07, "_timestamp": 1679853692.396991, "_runtime": 30.58027696609497, "_step": 0, "Energy_Consumed": 3.878720623955209e-07, "Energy_RAM": 3.664016949187499e-08, "Energy_GPU": 0, "Energy_CPU": 3.5123189290364586e-07, "CO2_Emissions": 4.773463089590586e-08, "_wandb": {"runtime": 29}}