{"mse_TEDA": 1.7388620610156288e-07, "_timestamp": 1679866380.170819, "_runtime": 32.25614809989929, "_step": 0, "Energy_Consumed": 3.7179263896076815e-07, "Energy_RAM": 3.5121233592387095e-08, "Energy_GPU": 0, "Energy_CPU": 3.3667140536838106e-07, "CO2_Emissions": 4.575576874755598e-08, "_wandb": {"runtime": 31}}