{"mse_TEDA": 9.49519008792953e-08, "_timestamp": 1679984770.6776922, "_runtime": 25.224042177200317, "_step": 0, "Energy_Consumed": 3.3367568173932547e-07, "Energy_RAM": 3.152053143177606e-08, "Energy_GPU": 0, "Energy_CPU": 3.021551503075494e-07, "CO2_Emissions": 4.106479185016547e-08, "_wandb": {"runtime": 24}}