{"mse_TEDA": 1.1843274371432523e-07, "_timestamp": 1678942935.984852, "_runtime": 27.400792121887207, "_step": 0, "Energy_Consumed": 3.269834306205313e-07, "Energy_RAM": 3.088835077467896e-08, "Energy_GPU": 0, "Energy_CPU": 2.9609507984585234e-07, "CO2_Emissions": 4.0241190028870586e-08, "_wandb": {"runtime": 26}}