{"mse_TEDA": 2.773368426917836e-07, "_timestamp": 1678934108.6567423, "_runtime": 27.431042432785034, "_step": 0, "Energy_Consumed": 5.054226410283667e-07, "Energy_RAM": 4.774453493231097e-08, "Energy_GPU": 0, "Energy_CPU": 4.576781060960557e-07, "CO2_Emissions": 6.220134305863227e-08, "_wandb": {"runtime": 26}}