{"mse_TEDA": 4.953147874318665e-07, "_timestamp": 1678931842.5775075, "_runtime": 27.179734468460083, "_step": 0, "Energy_Consumed": 2.7664820035738556e-07, "Energy_RAM": 2.61334546451053e-08, "Energy_GPU": 0, "Energy_CPU": 2.5051474571228027e-07, "CO2_Emissions": 3.404653495927814e-08, "_wandb": {"runtime": 26}}