{"mse_TEDA": 1.8091168950211855e-07, "_timestamp": 1678948050.6307702, "_runtime": 27.541616201400757, "_step": 0, "Energy_Consumed": 2.685665084845823e-07, "Energy_RAM": 2.537002105782449e-08, "Energy_GPU": 0, "Energy_CPU": 2.431964874267578e-07, "CO2_Emissions": 3.3051937472209526e-08, "_wandb": {"runtime": 26}}