{"mse_TEDA": 1.6283532922294917e-07, "_timestamp": 1678939967.150539, "_runtime": 27.33698081970215, "_step": 0, "Energy_Consumed": 3.343238143828684e-07, "Energy_RAM": 3.158175700643066e-08, "Energy_GPU": 0, "Energy_CPU": 3.027420573764377e-07, "CO2_Emissions": 4.114455622484105e-08, "_wandb": {"runtime": 26}}