{"mse_TEDA": 1.9688360419293798e-07, "_timestamp": 1678936026.7223914, "_runtime": 26.46024441719055, "_step": 0, "Energy_Consumed": 5.457532835189088e-07, "Energy_RAM": 5.155435193084183e-08, "Energy_GPU": 0, "Energy_CPU": 4.941989315880669e-07, "CO2_Emissions": 6.716475372861145e-08, "_wandb": {"runtime": 25}}