{"mse_TEDA": 1.4413738538940702e-07, "_timestamp": 1679978835.298357, "_runtime": 24.950374126434326, "_step": 0, "Energy_Consumed": 4.696903614164209e-07, "Energy_RAM": 4.43691003283675e-08, "Energy_GPU": 0, "Energy_CPU": 4.253212610880534e-07, "CO2_Emissions": 5.780384361561686e-08, "_wandb": {"runtime": 24}}