{"mse_TEDA": 2.0631567023236276e-07, "_timestamp": 1679987233.2972944, "_runtime": 27.356630325317383, "_step": 0, "Energy_Consumed": 4.022466819574472e-07, "Energy_RAM": 3.799806181821926e-08, "Energy_GPU": 0, "Energy_CPU": 3.6424862013922794e-07, "CO2_Emissions": 4.9503686276744104e-08, "_wandb": {"runtime": 26}}