{"mse_TEDA": 1.3394627455263933e-07, "_timestamp": 1679986766.15931, "_runtime": 26.89113712310791, "_step": 0, "Energy_Consumed": 3.3372892486328155e-07, "Energy_RAM": 3.152556102084721e-08, "Energy_GPU": 0, "Energy_CPU": 3.0220336384243437e-07, "CO2_Emissions": 4.107134437383549e-08, "_wandb": {"runtime": 26}}