{"mse_TEDA": 7.723220093958628e-07, "_timestamp": 1679966776.261695, "_runtime": 30.803242921829224, "_step": 0, "Energy_Consumed": 4.006452926138435e-07, "Energy_RAM": 3.784678725461769e-08, "Energy_GPU": 0, "Energy_CPU": 3.627985053592258e-07, "CO2_Emissions": 4.930660652636082e-08, "_wandb": {"runtime": 29}}