{"mse_cnn": 1.5602744703349643e-06, "_timestamp": 1680036281.7983074, "_runtime": 72.39987444877625, "_step": 0, "Energy_Consumed": 0.00020421037321007536, "Energy_RAM": 1.929064609656356e-05, "Energy_GPU": 0, "Energy_CPU": 0.00018491972711351184, "CO2_Emissions": 2.5131757956720263e-05, "_wandb": {"runtime": 71}}