{"mse_TEDA": 2.0482241176924275e-07, "_timestamp": 1679865127.3309333, "_runtime": 33.21904730796814, "_step": 0, "Energy_Consumed": 4.17415852753796e-07, "Energy_RAM": 3.94310110891638e-08, "Energy_GPU": 0, "Energy_CPU": 3.7798484166463217e-07, "CO2_Emissions": 5.137052547235054e-08, "_wandb": {"runtime": 32}}