{"mse_TEDA": 9.948003093029536e-08, "_timestamp": 1679874888.7922072, "_runtime": 27.32517433166504, "_step": 0, "Energy_Consumed": 5.16081504881893e-07, "Energy_RAM": 4.87514199752089e-08, "Energy_GPU": 0, "Energy_CPU": 4.6733008490668405e-07, "CO2_Emissions": 6.351310789334458e-08, "_wandb": {"runtime": 26}}