{"mse_TEDA": 3.2892872286765904e-07, "_timestamp": 1679859620.9208581, "_runtime": 31.29512906074524, "_step": 0, "Energy_Consumed": 3.8603415071280426e-07, "Energy_RAM": 3.646655194605349e-08, "Energy_GPU": 0, "Energy_CPU": 3.495675987667508e-07, "CO2_Emissions": 4.750844281921915e-08, "_wandb": {"runtime": 30}}