{"mse_TEDA": 1.2063659772341954e-07, "_timestamp": 1679876674.200726, "_runtime": 27.30259895324707, "_step": 0, "Energy_Consumed": 3.3546751764169534e-07, "Energy_RAM": 3.1689796448593674e-08, "Energy_GPU": 0, "Energy_CPU": 3.037777211931017e-07, "CO2_Emissions": 4.128530947367618e-08, "_wandb": {"runtime": 26}}