{"mse_RLS": 1.983713966200783e-07, "_timestamp": 1680034342.485566, "_runtime": 26.273144960403442, "_step": 0, "Energy_Consumed": 1.328323791144865e-07, "Energy_RAM": 1.2547954226723353e-08, "Energy_GPU": 0, "Energy_CPU": 1.2028442488776313e-07, "CO2_Emissions": 1.634741246609637e-08, "_wandb": {"runtime": 25}}