{"mse_TEDA": 1.799647089903447e-07, "_timestamp": 1678939173.5670114, "_runtime": 26.809934377670288, "_step": 0, "Energy_Consumed": 2.8597086658085875e-07, "Energy_RAM": 2.701411634689066e-08, "Energy_GPU": 0, "Energy_CPU": 2.589567502339681e-07, "CO2_Emissions": 3.5193856651886745e-08, "_wandb": {"runtime": 25}}