{"mse_TEDA": 6.856411086634167e-07, "_timestamp": 1679880132.8582225, "_runtime": 26.922478437423706, "_step": 0, "Energy_Consumed": 3.948243856967161e-07, "Energy_RAM": 3.729691775712733e-08, "Energy_GPU": 0, "Energy_CPU": 3.575274679395888e-07, "CO2_Emissions": 4.859023927512743e-08, "_wandb": {"runtime": 26}}