{"mse_TEDA": 9.363424245875357e-08, "_timestamp": 1678940679.2698278, "_runtime": 26.85321593284607, "_step": 0, "Energy_Consumed": 6.205148208031612e-07, "Energy_RAM": 5.86166687696732e-08, "Energy_GPU": 0, "Energy_CPU": 5.61898152033488e-07, "CO2_Emissions": 7.636550504190198e-08, "_wandb": {"runtime": 26}}