{"mse_TEDA": 3.4287930078770397e-07, "_timestamp": 1678937076.9919958, "_runtime": 25.561293840408325, "_step": 0, "Energy_Consumed": 4.054207912702168e-07, "Energy_RAM": 3.829790270515332e-08, "Energy_GPU": 0, "Energy_CPU": 3.671228885650635e-07, "CO2_Emissions": 4.989431749553452e-08, "_wandb": {"runtime": 24}}