{"mse_TEDA": 7.767402071038788e-07, "_timestamp": 1679968044.5895863, "_runtime": 25.82558035850525, "_step": 0, "Energy_Consumed": 3.335661237727234e-07, "Energy_RAM": 3.15101820850335e-08, "Energy_GPU": 0, "Energy_CPU": 3.020559416876899e-07, "CO2_Emissions": 4.1051308772613665e-08, "_wandb": {"runtime": 24}}