{"mse_TEDA": 1.5894740975530397e-07, "_timestamp": 1679982177.3082, "_runtime": 26.356578826904297, "_step": 0, "Energy_Consumed": 3.3373199658197135e-07, "Energy_RAM": 3.152585118944747e-08, "Energy_GPU": 0, "Energy_CPU": 3.022061453925239e-07, "CO2_Emissions": 4.1071722404047226e-08, "_wandb": {"runtime": 25}}