{"mse_TEDA": 1.7210337310910684e-07, "_timestamp": 1679868023.842481, "_runtime": 32.23045992851257, "_step": 0, "Energy_Consumed": 3.8913453877701915e-07, "Energy_RAM": 3.675942878658134e-08, "Energy_GPU": 0, "Energy_CPU": 3.523751099904378e-07, "CO2_Emissions": 4.7890001312927975e-08, "_wandb": {"runtime": 31}}