{"mse_TEDA": 4.0128153600096915e-06, "_timestamp": 1679989425.9239635, "_runtime": 27.00748062133789, "_step": 0, "Energy_Consumed": 8.745101197296714e-07, "Energy_RAM": 8.261022671073685e-08, "Energy_GPU": 0, "Energy_CPU": 7.918998930189345e-07, "CO2_Emissions": 1.0762419319972236e-07, "_wandb": {"runtime": 25}}