{"mse_RLS": 1.0140902731366748e-06, "_timestamp": 1680033718.3862977, "_runtime": 31.339959621429443, "_step": 0, "Energy_Consumed": 1.342126047124263e-07, "Energy_RAM": 1.2678336651106295e-08, "Energy_GPU": 0, "Energy_CPU": 1.2153426806132e-07, "CO2_Emissions": 1.651727404123491e-08, "_wandb": {"runtime": 30}}