{"mse_TEDA": 3.0897891999970026e-07, "_timestamp": 1679862411.9914944, "_runtime": 31.784499406814575, "_step": 0, "Energy_Consumed": 3.6206348196401447e-07, "Energy_RAM": 3.4202172912500825e-08, "Energy_GPU": 0, "Energy_CPU": 3.2786130905151364e-07, "CO2_Emissions": 4.4558421056928085e-08, "_wandb": {"runtime": 30}}