{"mse_TEDA": 1.3058802204586247e-07, "_timestamp": 1678946959.085721, "_runtime": 27.01859402656555, "_step": 0, "Energy_Consumed": 3.335425739294351e-07, "Energy_RAM": 3.150795745909818e-08, "Energy_GPU": 0, "Energy_CPU": 3.0203461647033694e-07, "CO2_Emissions": 4.104841054099038e-08, "_wandb": {"runtime": 26}}