{"mse_TEDA": 1.962700112650398e-07, "_timestamp": 1678946995.7603064, "_runtime": 26.883207321166992, "_step": 0, "Energy_Consumed": 3.5412718477586064e-07, "Energy_RAM": 3.3452473972298925e-08, "Energy_GPU": 0, "Energy_CPU": 3.2067471080356175e-07, "CO2_Emissions": 4.358171699988148e-08, "_wandb": {"runtime": 26}}