{"mse_TEDA": 2.592914154820145e-07, "_timestamp": 1679977344.9338248, "_runtime": 24.874976873397827, "_step": 0, "Energy_Consumed": 3.33640868927508e-07, "Energy_RAM": 3.151724285430646e-08, "Energy_GPU": 0, "Energy_CPU": 3.021236260732015e-07, "CO2_Emissions": 4.106050750776583e-08, "_wandb": {"runtime": 23}}