{"mse_TEDA": 1.7388620610156288e-07, "_timestamp": 1678940191.0111737, "_runtime": 26.740911722183228, "_step": 0, "Energy_Consumed": 3.820613945406927e-07, "Energy_RAM": 3.6091267223052155e-08, "Energy_GPU": 0, "Energy_CPU": 3.4597012731764054e-07, "CO2_Emissions": 4.701952374537825e-08, "_wandb": {"runtime": 25}}