{"mse_TEDA": 1.3996438763583147e-07, "_timestamp": 1679867830.9784274, "_runtime": 32.20088839530945, "_step": 0, "Energy_Consumed": 5.51962250897178e-07, "Energy_RAM": 5.2140879394831545e-08, "Energy_GPU": 0, "Energy_CPU": 4.998213715023464e-07, "CO2_Emissions": 6.792887879659372e-08, "_wandb": {"runtime": 31}}