{"mse_TEDA": 6.421530506146765e-07, "_timestamp": 1679853744.9196181, "_runtime": 30.95061421394348, "_step": 0, "Energy_Consumed": 3.66822598120709e-07, "Energy_RAM": 3.465174079716842e-08, "Energy_GPU": 0, "Energy_CPU": 3.321708573235406e-07, "CO2_Emissions": 4.514411586497255e-08, "_wandb": {"runtime": 30}}