{"mse_TEDA": 1.2063659772341954e-07, "_timestamp": 1679988135.4865904, "_runtime": 24.449777364730835, "_step": 0, "Energy_Consumed": 3.3455624109706153e-07, "Energy_RAM": 3.160371309718358e-08, "Energy_GPU": 0, "Energy_CPU": 3.0295252799987793e-07, "CO2_Emissions": 4.117316051086216e-08, "_wandb": {"runtime": 23}}