{"mse_TEDA": 1.7974185168246737e-07, "_timestamp": 1678941355.075689, "_runtime": 26.79104709625244, "_step": 0, "Energy_Consumed": 3.4073346738220306e-07, "Energy_RAM": 3.2187242152303955e-08, "Energy_GPU": 0, "Energy_CPU": 3.085462252298991e-07, "CO2_Emissions": 4.193337926665653e-08, "_wandb": {"runtime": 26}}