{"mse_TEDA": 2.9900308007701104e-07, "_timestamp": 1679861498.7728622, "_runtime": 31.817342281341553, "_step": 0, "Energy_Consumed": 3.5565382896467984e-07, "Energy_RAM": 3.359668776662754e-08, "Energy_GPU": 0, "Energy_CPU": 3.220571411980523e-07, "CO2_Emissions": 4.3769598015112615e-08, "_wandb": {"runtime": 30}}