{"mse_TEDA": 2.8596241768452066e-07, "_timestamp": 1679862268.9892547, "_runtime": 31.74973464012146, "_step": 0, "Energy_Consumed": 3.7431554391130497e-07, "Energy_RAM": 3.5359558736066296e-08, "Energy_GPU": 0, "Energy_CPU": 3.389559851752387e-07, "CO2_Emissions": 4.606625756145907e-08, "_wandb": {"runtime": 30}}