{"mse_TEDA": 3.871704971638078e-07, "_timestamp": 1678928498.1970205, "_runtime": 25.276613473892212, "_step": 0, "Energy_Consumed": 6.065026640466284e-07, "Energy_RAM": 5.729301633815946e-08, "Energy_GPU": 0, "Energy_CPU": 5.49209647708469e-07, "CO2_Emissions": 7.464105722604817e-08, "_wandb": {"runtime": 24}}