{"mse_TEDA": 2.0132094924225296e-07, "_timestamp": 1679869040.6605244, "_runtime": 33.140785455703735, "_step": 0, "Energy_Consumed": 5.451880872799898e-07, "Energy_RAM": 5.150096090839422e-08, "Energy_GPU": 0, "Energy_CPU": 4.936871263715956e-07, "CO2_Emissions": 6.709519616965264e-08, "_wandb": {"runtime": 32}}