{"mse_TEDA": 1.6959277218799147e-07, "_timestamp": 1679868700.2150397, "_runtime": 32.43570375442505, "_step": 0, "Energy_Consumed": 4.5047139596704255e-07, "Energy_RAM": 4.218712917728833e-08, "Energy_GPU": 0, "Energy_CPU": 4.082842667897542e-07, "CO2_Emissions": 5.5438604376004547e-08, "_wandb": {"runtime": 31}}