{"mse_TEDA": 2.5601835501182405e-07, "_timestamp": 1679879612.6694658, "_runtime": 26.87894368171692, "_step": 0, "Energy_Consumed": 3.3240501410798766e-07, "Energy_RAM": 3.1400498354135684e-08, "Energy_GPU": 0, "Energy_CPU": 3.01004515753852e-07, "CO2_Emissions": 4.0908413352578716e-08, "_wandb": {"runtime": 26}}