{"mse_TEDA": 1.8091168950211855e-07, "_timestamp": 1678947665.5712674, "_runtime": 26.697805404663086, "_step": 0, "Energy_Consumed": 2.8751798889427645e-07, "Energy_RAM": 2.7160264598554325e-08, "Energy_GPU": 0, "Energy_CPU": 2.603577242957221e-07, "CO2_Emissions": 3.538425786852943e-08, "_wandb": {"runtime": 25}}