{"mse_TEDA": 6.583753064239672e-08, "_timestamp": 1679991813.7082107, "_runtime": 24.06328773498535, "_step": 0, "Energy_Consumed": 3.339009411099091e-07, "Energy_RAM": 3.15418104624617e-08, "Energy_GPU": 0, "Energy_CPU": 3.023591306474474e-07, "CO2_Emissions": 4.109251406569253e-08, "_wandb": {"runtime": 23}}