{"mse_TEDA": 7.725080333272527e-07, "_timestamp": 1679851291.016979, "_runtime": 30.55902600288391, "_step": 0, "Energy_Consumed": 3.8718706912770056e-07, "Energy_RAM": 3.657546189401728e-08, "Energy_GPU": 0, "Energy_CPU": 3.506116072336833e-07, "CO2_Emissions": 4.765033015868948e-08, "_wandb": {"runtime": 29}}