{"mse_TEDA": 3.846529332829356e-07, "_timestamp": 1678929469.968786, "_runtime": 26.080293893814087, "_step": 0, "Energy_Consumed": 5.426027240494275e-07, "Energy_RAM": 5.125673566984309e-08, "Energy_GPU": 0, "Energy_CPU": 4.913459883795844e-07, "CO2_Emissions": 6.677702074144432e-08, "_wandb": {"runtime": 25}}