{"mse_TEDA": 5.61194896158914e-07, "_timestamp": 1679971581.2543876, "_runtime": 23.68512272834778, "_step": 0, "Energy_Consumed": 3.336490601773473e-07, "Energy_RAM": 3.1518016637240485e-08, "Energy_GPU": 0, "Energy_CPU": 3.0213104354010684e-07, "CO2_Emissions": 4.106151558833044e-08, "_wandb": {"runtime": 22}}