{"mse_TEDA": 8.776988117495086e-08, "_timestamp": 1679875546.4698157, "_runtime": 26.17448878288269, "_step": 0, "Energy_Consumed": 3.249673592538077e-07, "Energy_RAM": 3.0697903450042455e-08, "Energy_GPU": 0, "Energy_CPU": 2.942694558037652e-07, "CO2_Emissions": 3.9993076199903386e-08, "_wandb": {"runtime": 25}}