{"mse_TEDA": 1.3188126514281372e-07, "_timestamp": 1678944952.5939002, "_runtime": 27.165430307388306, "_step": 0, "Energy_Consumed": 4.151571156105799e-07, "Energy_RAM": 3.921764044510686e-08, "Energy_GPU": 0, "Energy_CPU": 3.759394751654731e-07, "CO2_Emissions": 5.109254725665645e-08, "_wandb": {"runtime": 26}}