{"mse_TEDA": 6.431955596930191e-07, "_timestamp": 1679967896.389009, "_runtime": 26.118897914886475, "_step": 0, "Energy_Consumed": 3.3366441877079625e-07, "Energy_RAM": 3.151946748024178e-08, "Energy_GPU": 0, "Energy_CPU": 3.021449512905545e-07, "CO2_Emissions": 4.106340573938911e-08, "_wandb": {"runtime": 25}}