{"mse_TEDA": 1.8126559114914344e-06, "_timestamp": 1679989874.4154818, "_runtime": 25.758795738220215, "_step": 0, "Energy_Consumed": 3.38309881335969e-07, "Energy_RAM": 3.1958299126699784e-08, "Energy_GPU": 0, "Energy_CPU": 3.0635158220926924e-07, "CO2_Emissions": 4.163511342959946e-08, "_wandb": {"runtime": 24}}