{"mse_TEDA": 1.577167216849579e-07, "_timestamp": 1678941279.4026165, "_runtime": 26.634379386901855, "_step": 0, "Energy_Consumed": 3.3407295735653666e-07, "Energy_RAM": 3.1558059904076195e-08, "Energy_GPU": 0, "Energy_CPU": 3.0251489745246044e-07, "CO2_Emissions": 4.111368375754956e-08, "_wandb": {"runtime": 25}}