{"mse_TEDA": 5.329751156370507e-07, "_timestamp": 1679851146.7162342, "_runtime": 30.787203311920166, "_step": 0, "Energy_Consumed": 3.9934595560806783e-07, "Energy_RAM": 3.772404593670823e-08, "Energy_GPU": 0, "Energy_CPU": 3.616219096713596e-07, "CO2_Emissions": 4.9146699746797904e-08, "_wandb": {"runtime": 29}}