{"mse_TEDA": 3.0188817169304697e-06, "_timestamp": 1678950943.18184, "_runtime": 26.168978929519653, "_step": 0, "Energy_Consumed": 3.356804901375199e-07, "Energy_RAM": 3.170991480487828e-08, "Energy_GPU": 0, "Energy_CPU": 3.039705753326416e-07, "CO2_Emissions": 4.131151956835631e-08, "_wandb": {"runtime": 25}}