{"mse_TEDA": 1.6959277218799147e-07, "_timestamp": 1679981380.6185708, "_runtime": 25.562222719192505, "_step": 0, "Energy_Consumed": 2.683842531756555e-07, "Energy_RAM": 2.5352804387542467e-08, "Energy_GPU": 0, "Energy_CPU": 2.4303144878811306e-07, "CO2_Emissions": 3.3029507679646714e-08, "_wandb": {"runtime": 24}}