{"mse_TEDA": 1.9878843233718785e-07, "_timestamp": 1679982213.2430925, "_runtime": 24.900492429733276, "_step": 0, "Energy_Consumed": 3.33640868927508e-07, "Energy_RAM": 3.151724285430646e-08, "Energy_GPU": 0, "Energy_CPU": 3.021236260732015e-07, "CO2_Emissions": 4.106050750776583e-08, "_wandb": {"runtime": 24}}