{"mse_TEDA": 1.8091168950211855e-07, "_timestamp": 1679987194.9194095, "_runtime": 24.041463613510132, "_step": 0, "Energy_Consumed": 3.2824181137710996e-07, "Energy_RAM": 3.10072231779183e-08, "Energy_GPU": 0, "Energy_CPU": 2.9723458819919164e-07, "CO2_Emissions": 4.03960564056104e-08, "_wandb": {"runtime": 23}}