{"mse_TEDA": 7.505154025744124e-08, "_timestamp": 1679876631.7481508, "_runtime": 27.530885934829712, "_step": 0, "Energy_Consumed": 3.410478065947902e-07, "Energy_RAM": 3.22169360723971e-08, "Energy_GPU": 0, "Energy_CPU": 3.0883087052239314e-07, "CO2_Emissions": 4.1972064358323836e-08, "_wandb": {"runtime": 26}}