{"mse_TEDA": 4.36027399920611e-07, "_timestamp": 1679852442.2272203, "_runtime": 30.992920398712158, "_step": 0, "Energy_Consumed": 3.620819122761532e-07, "Energy_RAM": 3.4203913924102386e-08, "Energy_GPU": 0, "Energy_CPU": 3.278779983520508e-07, "CO2_Emissions": 4.4560689238198484e-08, "_wandb": {"runtime": 30}}