{"mse_TEDA": 2.996684531192259e-07, "_timestamp": 1679860776.724967, "_runtime": 31.544111967086792, "_step": 0, "Energy_Consumed": 3.859983139947569e-07, "Energy_RAM": 3.646316664571714e-08, "Energy_GPU": 0, "Energy_CPU": 3.4953514734903974e-07, "CO2_Emissions": 4.750403246674894e-08, "_wandb": {"runtime": 30}}