{"mse_TEDA": 2.380139386632416e-07, "_timestamp": 1678942859.62279, "_runtime": 26.47784113883972, "_step": 0, "Energy_Consumed": 3.356436295132426e-07, "Energy_RAM": 3.170643278167518e-08, "Energy_GPU": 0, "Energy_CPU": 3.0393719673156743e-07, "CO2_Emissions": 4.1306983205815525e-08, "_wandb": {"runtime": 25}}