{"mse_TEDA": 1.4413738538940702e-07, "_timestamp": 1678939817.5068817, "_runtime": 27.807937622070312, "_step": 0, "Energy_Consumed": 5.856190725810647e-07, "Energy_RAM": 5.532025674786686e-08, "Energy_GPU": 0, "Energy_CPU": 5.302988158331978e-07, "CO2_Emissions": 7.207095582654845e-08, "_wandb": {"runtime": 26}}