{"mse_TEDA": 2.8585476976658966e-06, "_timestamp": 1679992942.5344672, "_runtime": 25.08983612060547, "_step": 0, "Energy_Consumed": 3.3383029158004426e-07, "Energy_RAM": 3.153513658465575e-08, "Energy_GPU": 0, "Energy_CPU": 3.022951549953885e-07, "CO2_Emissions": 4.108381937082268e-08, "_wandb": {"runtime": 24}}