{"mse_TEDA": 2.788950739733103e-06, "_timestamp": 1678953585.981717, "_runtime": 30.02010703086853, "_step": 0, "Energy_Consumed": 3.3431767094548884e-07, "Energy_RAM": 3.1581176669230144e-08, "Energy_GPU": 0, "Energy_CPU": 3.027364942762587e-07, "CO2_Emissions": 4.114380016441759e-08, "_wandb": {"runtime": 29}}