{"mse_TEDA": 3.446117416403833e-07, "_timestamp": 1679974208.3735049, "_runtime": 23.608316898345947, "_step": 0, "Energy_Consumed": 3.346883250007219e-07, "Energy_RAM": 3.16161903469947e-08, "Energy_GPU": 0, "Energy_CPU": 3.030721346537272e-07, "CO2_Emissions": 4.1189415809966655e-08, "_wandb": {"runtime": 22}}