{"mse_TEDA": 3.0897891999970026e-07, "_timestamp": 1679862173.1864755, "_runtime": 31.97403645515442, "_step": 0, "Energy_Consumed": 3.579860683265047e-07, "Energy_RAM": 3.344222134842312e-08, "Energy_GPU": 0, "Energy_CPU": 3.245438469780816e-07, "CO2_Emissions": 4.405662200031547e-08, "_wandb": {"runtime": 31}}