{"mse_TEDA": 1.8133681037737183e-06, "_timestamp": 1679989467.2336822, "_runtime": 28.019601106643677, "_step": 0, "Energy_Consumed": 4.008889822965658e-07, "Energy_RAM": 3.786980729690489e-08, "Energy_GPU": 0, "Energy_CPU": 3.630191749996609e-07, "CO2_Emissions": 4.933659692315828e-08, "_wandb": {"runtime": 27}}