{"mse_TEDA": 2.2549821089193617e-07, "_timestamp": 1679864691.6141129, "_runtime": 32.25537395477295, "_step": 0, "Energy_Consumed": 3.5844090172253754e-07, "Energy_RAM": 3.385996740992899e-08, "Energy_GPU": 0, "Energy_CPU": 3.2458093431260853e-07, "CO2_Emissions": 4.411259742722471e-08, "_wandb": {"runtime": 31}}