{"mse_TEDA": 2.3432541077712378e-07, "_timestamp": 1678949339.2071981, "_runtime": 27.742128133773804, "_step": 0, "Energy_Consumed": 5.349889573237002e-07, "Energy_RAM": 5.053750443266835e-08, "Energy_GPU": 0, "Energy_CPU": 4.844514528910319e-07, "CO2_Emissions": 6.584000985662965e-08, "_wandb": {"runtime": 26}}