{"mse_TEDA": 2.1074036156022196e-07, "_timestamp": 1678949683.6018128, "_runtime": 27.1174259185791, "_step": 0, "Energy_Consumed": 3.0879680816459166e-07, "Energy_RAM": 2.917035921541356e-08, "Energy_GPU": 0, "Energy_CPU": 2.796264489491781e-07, "CO2_Emissions": 3.8002999155272114e-08, "_wandb": {"runtime": 26}}