{"mse_TEDA": 7.767402071038788e-07, "_timestamp": 1679851771.1049151, "_runtime": 30.560639142990112, "_step": 0, "Energy_Consumed": 3.6523759127678406e-07, "Energy_RAM": 3.4502013799434885e-08, "Energy_GPU": 0, "Energy_CPU": 3.307355774773492e-07, "CO2_Emissions": 4.494905227571849e-08, "_wandb": {"runtime": 29}}