{"mse_TEDA": 3.8919447036259323e-07, "_timestamp": 1678928461.636977, "_runtime": 25.50377607345581, "_step": 0, "Energy_Consumed": 5.397777667610626e-07, "Energy_RAM": 5.098987728047178e-08, "Energy_GPU": 0, "Energy_CPU": 4.887878894805908e-07, "CO2_Emissions": 6.642935895672086e-08, "_wandb": {"runtime": 24}}