{"mse_TEDA": 0.5804320329901846, "_timestamp": 1678927073.9758444, "_runtime": 32.963353395462036, "_step": 0, "Energy_Consumed": 2.6138319193791583e-06, "Energy_RAM": 2.469145211383269e-07, "Energy_GPU": 0, "Energy_CPU": 2.3669173982408313e-06, "CO2_Emissions": 3.2167901221065653e-07, "_wandb": {"runtime": 32}}