{"mse_TEDA": 2.811925865600243e-07, "_timestamp": 1679862076.7448478, "_runtime": 31.97811269760132, "_step": 0, "Energy_Consumed": 4.0579963657528926e-07, "Energy_RAM": 3.83336901658519e-08, "Energy_GPU": 0, "Energy_CPU": 3.6746594640943736e-07, "CO2_Emissions": 4.994094122164821e-08, "_wandb": {"runtime": 31}}