{"mse_TEDA": 1.1843274371432523e-07, "_timestamp": 1679982138.5280247, "_runtime": 24.838582754135132, "_step": 0, "Energy_Consumed": 2.667029991461176e-07, "Energy_RAM": 2.519398544033417e-08, "Energy_GPU": 0, "Energy_CPU": 2.415090137057834e-07, "CO2_Emissions": 3.2822599143758376e-08, "_wandb": {"runtime": 24}}