{"mse_TEDA": 7.161508027641367e-08, "_timestamp": 1679982704.9459422, "_runtime": 24.902138233184814, "_step": 0, "Energy_Consumed": 3.336828490829349e-07, "Energy_RAM": 3.1521208491843334e-08, "Energy_GPU": 0, "Energy_CPU": 3.021616405910916e-07, "CO2_Emissions": 4.106567392065951e-08, "_wandb": {"runtime": 24}}