{"mse_TEDA": 1.624467405382093e-07, "_timestamp": 1679979362.5841343, "_runtime": 24.16607427597046, "_step": 0, "Energy_Consumed": 3.3546751764169534e-07, "Energy_RAM": 3.1689796448593674e-08, "Energy_GPU": 0, "Energy_CPU": 3.037777211931017e-07, "CO2_Emissions": 4.128530947367618e-08, "_wandb": {"runtime": 23}}