{"mse_TEDA": 7.772595215231969e-07, "_timestamp": 1678930861.2083864, "_runtime": 25.414377450942993, "_step": 0, "Energy_Consumed": 3.337842157996976e-07, "Energy_RAM": 3.1530784055651875e-08, "Energy_GPU": 0, "Energy_CPU": 3.022534317440457e-07, "CO2_Emissions": 4.107814891764669e-08, "_wandb": {"runtime": 24}}