{"mse_TEDA": 1.325848253273743e-07, "_timestamp": 1679867444.4541698, "_runtime": 31.788262844085693, "_step": 0, "Energy_Consumed": 3.5128174936289724e-07, "Energy_RAM": 3.3183681125592555e-08, "Energy_GPU": 0, "Energy_CPU": 3.180980682373047e-07, "CO2_Emissions": 4.3231535013746465e-08, "_wandb": {"runtime": 30}}