{"mse_TEDA": 5.763817460181766e-07, "_timestamp": 1678949264.7117724, "_runtime": 27.43428635597229, "_step": 0, "Energy_Consumed": 1.2750397109395333e-06, "Energy_RAM": 1.2044608428141148e-07, "Energy_GPU": 0, "Energy_CPU": 1.1545936266581218e-06, "CO2_Emissions": 1.569165605881079e-07, "_wandb": {"runtime": 26}}