{"mse_TEDA": 4.828909902185851e-07, "_timestamp": 1679851199.345373, "_runtime": 30.684921979904175, "_step": 0, "Energy_Consumed": 3.9117620779949094e-07, "Energy_RAM": 3.695229418288667e-08, "Energy_GPU": 0, "Energy_CPU": 3.5422391361660426e-07, "CO2_Emissions": 4.814126539365962e-08, "_wandb": {"runtime": 29}}