{"mse_TEDA": 3.5222631487430687e-07, "_timestamp": 1678934408.021571, "_runtime": 26.85319495201111, "_step": 0, "Energy_Consumed": 3.643665788279628e-07, "Energy_RAM": 3.4064923164578435e-08, "Energy_GPU": 0, "Energy_CPU": 3.3030165566338435e-07, "CO2_Emissions": 4.4841858533809275e-08, "_wandb": {"runtime": 26}}