{"mse_TEDA": 4.3599186515588886e-07, "_timestamp": 1679967388.1405306, "_runtime": 31.803945541381836, "_step": 0, "Energy_Consumed": 3.0443701543756813e-07, "Energy_RAM": 2.875851324877961e-08, "Energy_GPU": 0, "Energy_CPU": 2.756785021887885e-07, "CO2_Emissions": 3.7466448274752894e-08, "_wandb": {"runtime": 30}}