{"mse_TEDA": 2.0482241176924275e-07, "_timestamp": 1678939210.7424762, "_runtime": 26.544955253601074, "_step": 0, "Energy_Consumed": 4.5642975183265357e-07, "Energy_RAM": 4.31164424810504e-08, "Energy_GPU": 0, "Energy_CPU": 4.133133093516032e-07, "CO2_Emissions": 5.6171887191566985e-08, "_wandb": {"runtime": 25}}