{"mse_TEDA": 6.431955596930191e-07, "_timestamp": 1678928825.9613612, "_runtime": 25.701309204101562, "_step": 0, "Energy_Consumed": 3.340483836070184e-07, "Energy_RAM": 3.155573855527412e-08, "Energy_GPU": 0, "Energy_CPU": 3.0249264505174425e-07, "CO2_Emissions": 4.1110659515855695e-08, "_wandb": {"runtime": 24}}