{"mse_TEDA": 4.3599186515588886e-07, "_timestamp": 1679966950.8366756, "_runtime": 29.070842742919922, "_step": 0, "Energy_Consumed": 3.9280831432999245e-07, "Energy_RAM": 3.7106470432490827e-08, "Energy_GPU": 0, "Energy_CPU": 3.557018438975016e-07, "CO2_Emissions": 4.834212544616023e-08, "_wandb": {"runtime": 28}}