{"mse_TEDA": 2.4764336646666544e-07, "_timestamp": 1679981680.769127, "_runtime": 26.29349684715271, "_step": 0, "Energy_Consumed": 5.35420021846499e-07, "Energy_RAM": 5.057822475957133e-08, "Energy_GPU": 0, "Energy_CPU": 4.848417970869276e-07, "CO2_Emissions": 6.58930600963428e-08, "_wandb": {"runtime": 25}}