{"mse_TEDA": 2.773368426917836e-07, "_timestamp": 1679858079.3505847, "_runtime": 31.21299386024475, "_step": 0, "Energy_Consumed": 6.402260396354601e-07, "Energy_RAM": 6.04786806775337e-08, "Energy_GPU": 0, "Energy_CPU": 5.797473589579265e-07, "CO2_Emissions": 7.879132491059043e-08, "_wandb": {"runtime": 30}}