{"mse_TEDA": 2.811925865600243e-07, "_timestamp": 1678937412.417209, "_runtime": 27.261505842208862, "_step": 0, "Energy_Consumed": 3.338261959551245e-07, "Energy_RAM": 3.153474969318874e-08, "Energy_GPU": 0, "Energy_CPU": 3.022914462619358e-07, "CO2_Emissions": 4.108331533054036e-08, "_wandb": {"runtime": 26}}