{"mse_TEDA": 2.89189879916492e-08, "_timestamp": 1679987651.873785, "_runtime": 25.22948908805847, "_step": 0, "Energy_Consumed": 2.7147030655265144e-07, "Energy_RAM": 2.5644327107935777e-08, "Energy_GPU": 0, "Energy_CPU": 2.458259794447157e-07, "CO2_Emissions": 3.3409302032367454e-08, "_wandb": {"runtime": 24}}