{"mse_TEDA": 3.955392718378994e-07, "_timestamp": 1679856731.819797, "_runtime": 30.929150104522705, "_step": 0, "Energy_Consumed": 3.6653598229577256e-07, "Energy_RAM": 3.425479015201442e-08, "Energy_GPU": 0, "Energy_CPU": 3.3228119214375816e-07, "CO2_Emissions": 4.510884263459919e-08, "_wandb": {"runtime": 29}}