{"mse_TEDA": 3.065184323997976e-07, "_timestamp": 1678934220.2465816, "_runtime": 25.575552463531494, "_step": 0, "Energy_Consumed": 5.088578464297675e-07, "Energy_RAM": 4.806904015026704e-08, "Energy_GPU": 0, "Energy_CPU": 4.607888062795004e-07, "CO2_Emissions": 6.262410684541996e-08, "_wandb": {"runtime": 24}}