{"mse_TEDA": 2.1074036156022196e-07, "_timestamp": 1679877487.512874, "_runtime": 27.843228816986084, "_step": 0, "Energy_Consumed": 3.305978196121689e-07, "Energy_RAM": 3.122978249431678e-08, "Energy_GPU": 0, "Energy_CPU": 2.9936803711785213e-07, "CO2_Emissions": 4.0686005578009343e-08, "_wandb": {"runtime": 26}}