{"mse_TEDA": 4.4877618016124663e-07, "_timestamp": 1679855479.7856052, "_runtime": 31.19543719291687, "_step": 0, "Energy_Consumed": 3.7109843053687855e-07, "Energy_RAM": 3.505565548872861e-08, "Energy_GPU": 0, "Energy_CPU": 3.3604277504814995e-07, "CO2_Emissions": 4.56703339197044e-08, "_wandb": {"runtime": 30}}