{"mse_TEDA": 5.611609723886396e-07, "_timestamp": 1679971395.782213, "_runtime": 24.431326866149902, "_step": 0, "Energy_Consumed": 3.356671793565308e-07, "Energy_RAM": 3.1708657407610495e-08, "Energy_GPU": 0, "Energy_CPU": 3.0395852194892033e-07, "CO2_Emissions": 4.130988143743879e-08, "_wandb": {"runtime": 23}}