{"mse_TEDA": 1.3953174700230186e-07, "_timestamp": 1679983016.7678926, "_runtime": 26.542279481887817, "_step": 0, "Energy_Consumed": 3.3372278142590207e-07, "Energy_RAM": 3.15249806836467e-08, "Energy_GPU": 0, "Energy_CPU": 3.0219780074225535e-07, "CO2_Emissions": 4.1070588313412036e-08, "_wandb": {"runtime": 25}}