{"mse_TEDA": 4.7663187927950593e-07, "_timestamp": 1679972902.0698423, "_runtime": 24.92890429496765, "_step": 0, "Energy_Consumed": 3.708926253846635e-07, "Energy_RAM": 3.503621419251128e-08, "Energy_GPU": 0, "Energy_CPU": 3.358564111921522e-07, "CO2_Emissions": 4.564500589551831e-08, "_wandb": {"runtime": 24}}