{"mse_TEDA": 4.2431047665081173e-07, "_timestamp": 1679855527.4741533, "_runtime": 30.79176425933838, "_step": 0, "Energy_Consumed": 3.858836364970052e-07, "Energy_RAM": 3.645233368464081e-08, "Energy_GPU": 0, "Energy_CPU": 3.4943130281236435e-07, "CO2_Emissions": 4.748991933884425e-08, "_wandb": {"runtime": 29}}