{"mse_TEDA": 2.2155340959184598e-07, "_timestamp": 1679877747.654025, "_runtime": 26.23424196243286, "_step": 0, "Energy_Consumed": 3.349944729634697e-07, "Energy_RAM": 3.164511048415383e-08, "Energy_GPU": 0, "Energy_CPU": 3.0334936247931587e-07, "CO2_Emissions": 4.122709282106935e-08, "_wandb": {"runtime": 25}}