{"mse_TEDA": 9.837577268991174e-08, "_timestamp": 1679978755.009914, "_runtime": 24.749462842941284, "_step": 0, "Energy_Consumed": 6.031821361429796e-07, "Energy_RAM": 5.6979344081279734e-08, "Energy_GPU": 0, "Energy_CPU": 5.462027920616998e-07, "CO2_Emissions": 7.423240656716519e-08, "_wandb": {"runtime": 23}}