{"mse_TEDA": 4.533625374159868e-07, "_timestamp": 1679879874.6603885, "_runtime": 28.162635564804077, "_step": 0, "Energy_Consumed": 3.05113817455549e-07, "Energy_RAM": 2.88224470637033e-08, "Energy_GPU": 0, "Energy_CPU": 2.7629137039184574e-07, "CO2_Emissions": 3.754974093140466e-08, "_wandb": {"runtime": 27}}