{"mse_TEDA": 9.463169050981206e-08, "_timestamp": 1678943917.5978477, "_runtime": 29.648550748825073, "_step": 0, "Energy_Consumed": 3.5191247560053144e-07, "Energy_RAM": 3.324326241151236e-08, "Energy_GPU": 0, "Energy_CPU": 3.186692131890191e-07, "CO2_Emissions": 4.3309157217222236e-08, "_wandb": {"runtime": 27}}