{"mse_TEDA": 3.8800248691536743e-07, "_timestamp": 1679986261.7286105, "_runtime": 29.60589861869812, "_step": 0, "Energy_Consumed": 4.0362690755538703e-07, "Energy_RAM": 3.81284442426022e-08, "Energy_GPU": 0, "Energy_CPU": 3.6549846331278483e-07, "CO2_Emissions": 4.9673547851882644e-08, "_wandb": {"runtime": 28}}