{"mse_TEDA": 2.959494229507326e-07, "_timestamp": 1679861979.533664, "_runtime": 31.42862296104431, "_step": 0, "Energy_Consumed": 3.8108970752849327e-07, "Energy_RAM": 3.599947722250363e-08, "Energy_GPU": 0, "Energy_CPU": 3.450902303059896e-07, "CO2_Emissions": 4.689994018840016e-08, "_wandb": {"runtime": 30}}