{"mse_TEDA": 2.4764336646666544e-07, "_timestamp": 1678942671.8074167, "_runtime": 26.18079161643982, "_step": 0, "Energy_Consumed": 5.320933505054706e-07, "Energy_RAM": 5.02639721654911e-08, "Energy_GPU": 0, "Energy_CPU": 4.818293783399795e-07, "CO2_Emissions": 6.548365337703635e-08, "_wandb": {"runtime": 25}}