{"mse_TEDA": 1.30513142714734e-07, "_timestamp": 1678946585.4773142, "_runtime": 27.155128240585327, "_step": 0, "Energy_Consumed": 3.7031616617721535e-07, "Energy_RAM": 3.498175921852938e-08, "Energy_GPU": 0, "Energy_CPU": 3.35334406958686e-07, "CO2_Emissions": 4.557406222578315e-08, "_wandb": {"runtime": 26}}