{"mse_TEDA": 1.2695205435140773e-07, "_timestamp": 1679984937.4793723, "_runtime": 27.297882318496704, "_step": 0, "Energy_Consumed": 3.3369411205146403e-07, "Energy_RAM": 3.152227244337761e-08, "Energy_GPU": 0, "Energy_CPU": 3.0217183960808645e-07, "CO2_Emissions": 4.1067060031435853e-08, "_wandb": {"runtime": 26}}