{"mse_TEDA": 2.8530998822998015e-07, "_timestamp": 1679975639.2128792, "_runtime": 23.37211513519287, "_step": 0, "Energy_Consumed": 3.3369718377015394e-07, "Energy_RAM": 3.152256261197787e-08, "Energy_GPU": 0, "Energy_CPU": 3.0217462115817604e-07, "CO2_Emissions": 4.10674380616476e-08, "_wandb": {"runtime": 22}}