{"mse_TEDA": 3.3020519408773363e-07, "_timestamp": 1679986220.197901, "_runtime": 25.603106021881104, "_step": 0, "Energy_Consumed": 3.337156140822925e-07, "Energy_RAM": 3.152430362357943e-08, "Energy_GPU": 0, "Energy_CPU": 3.021913104587131e-07, "CO2_Emissions": 4.106970624291799e-08, "_wandb": {"runtime": 24}}