{"mse_TEDA": 1.8484462114278483e-07, "_timestamp": 1679866428.6230686, "_runtime": 32.248690605163574, "_step": 0, "Energy_Consumed": 3.825968974989438e-07, "Energy_RAM": 3.614185328236393e-08, "Energy_GPU": 0, "Energy_CPU": 3.464550442165799e-07, "CO2_Emissions": 4.708542701229031e-08, "_wandb": {"runtime": 31}}