{"mse_TEDA": 3.3020519408773363e-07, "_timestamp": 1679874760.8103137, "_runtime": 27.48437762260437, "_step": 0, "Energy_Consumed": 3.5335003994734707e-07, "Energy_RAM": 3.3379061316433464e-08, "Energy_GPU": 0, "Energy_CPU": 3.1997097863091363e-07, "CO2_Emissions": 4.3486075356313115e-08, "_wandb": {"runtime": 26}}