{"mse_TEDA": 2.5451190036110304e-07, "_timestamp": 1678938911.2157276, "_runtime": 26.861140489578247, "_step": 0, "Energy_Consumed": 4.696514529796837e-07, "Energy_RAM": 4.4365424859430886e-08, "Energy_GPU": 0, "Energy_CPU": 4.252860281202528e-07, "CO2_Emissions": 5.7799055232934915e-08, "_wandb": {"runtime": 26}}