{"mse_TEDA": 1.3188126514281372e-07, "_timestamp": 1679872491.1581442, "_runtime": 32.29509234428406, "_step": 0, "Energy_Consumed": 3.9672373175322823e-07, "Energy_RAM": 3.7476338674954e-08, "Energy_GPU": 0, "Energy_CPU": 3.592473930782742e-07, "CO2_Emissions": 4.8823987956048794e-08, "_wandb": {"runtime": 31}}