{"mse_TEDA": 1.2034514673626365e-07, "_timestamp": 1679983356.226333, "_runtime": 26.92020583152771, "_step": 0, "Energy_Consumed": 3.3378012017477786e-07, "Energy_RAM": 3.153039716418486e-08, "Energy_GPU": 0, "Energy_CPU": 3.02249723010593e-07, "CO2_Emissions": 4.1077644877364375e-08, "_wandb": {"runtime": 25}}