{"mse_TEDA": 5.640981630024597e-07, "_timestamp": 1679973795.9438748, "_runtime": 24.310166835784912, "_step": 0, "Energy_Consumed": 3.3372790095705164e-07, "Energy_RAM": 3.152546429798046e-08, "Energy_GPU": 0, "Energy_CPU": 3.022024366590712e-07, "CO2_Emissions": 4.107121836376492e-08, "_wandb": {"runtime": 23}}