{"mse_RLS": 3.8306926220810496e-07, "_timestamp": 1679617318.5295641, "_runtime": 37.370116233825684, "_step": 0, "Energy_Consumed": 1.819266350269623e-07, "Energy_RAM": 1.7185622241792468e-08, "Energy_GPU": 0, "Energy_CPU": 1.647410127851698e-07, "CO2_Emissions": 2.2389343330148822e-08, "_wandb": {"runtime": 36}}