{"mse_TEDA": 4.3778363489922605e-07, "_timestamp": 1679969389.805049, "_runtime": 24.569926023483276, "_step": 0, "Energy_Consumed": 5.454000358695845e-07, "Energy_RAM": 5.152098254181207e-08, "Energy_GPU": 0, "Energy_CPU": 4.938790533277724e-07, "CO2_Emissions": 6.712128025426221e-08, "_wandb": {"runtime": 23}}