{"mse_TEDA": 3.1417354217969746e-07, "_timestamp": 1678933281.9761815, "_runtime": 26.55665349960327, "_step": 0, "Energy_Consumed": 6.086001201626661e-07, "Energy_RAM": 5.7037281078464735e-08, "Energy_GPU": 0, "Energy_CPU": 5.515628390842013e-07, "CO2_Emissions": 7.489918691164879e-08, "_wandb": {"runtime": 25}}