{"mse_TEDA": 3.930209613537293e-07, "_timestamp": 1678930444.5523047, "_runtime": 25.760528802871704, "_step": 0, "Energy_Consumed": 5.33644568443808e-07, "Energy_RAM": 5.0410507308621774e-08, "Energy_GPU": 0, "Energy_CPU": 4.832340611351861e-07, "CO2_Emissions": 6.567455863396134e-08, "_wandb": {"runtime": 24}}