{"mse_TEDA": 3.5403782990587245e-08, "_timestamp": 1678944990.109473, "_runtime": 27.321989059448242, "_step": 0, "Energy_Consumed": 3.2864932605662035e-07, "Energy_RAM": 3.104571887888597e-08, "Energy_GPU": 0, "Energy_CPU": 2.976036071777344e-07, "CO2_Emissions": 4.0446208413700266e-08, "_wandb": {"runtime": 26}}