{"mse_TEDA": 1.1306962065351475e-07, "_timestamp": 1679871957.6420913, "_runtime": 31.88364815711975, "_step": 0, "Energy_Consumed": 3.8666794866912826e-07, "Energy_RAM": 3.652642340057355e-08, "Energy_GPU": 0, "Energy_CPU": 3.501415252685547e-07, "CO2_Emissions": 4.7586443052906656e-08, "_wandb": {"runtime": 30}}