{"mse_TEDA": 2.4764336646666544e-07, "_timestamp": 1679869089.4482758, "_runtime": 33.00887179374695, "_step": 0, "Energy_Consumed": 5.809081216014217e-07, "Energy_RAM": 5.4520165194086685e-08, "Energy_GPU": 0, "Energy_CPU": 5.263879564073351e-07, "CO2_Emissions": 7.149118860951013e-08, "_wandb": {"runtime": 32}}