{"mse_TEDA": 1.2873150015560755e-07, "_timestamp": 1679867781.760421, "_runtime": 31.627081155776978, "_step": 0, "Energy_Consumed": 6.269562148956235e-07, "Energy_RAM": 5.9225152324415834e-08, "Energy_GPU": 0, "Energy_CPU": 5.677310625712077e-07, "CO2_Emissions": 7.715823439590535e-08, "_wandb": {"runtime": 30}}