{"mse_TEDA": 1.1782135872083598e-06, "_timestamp": 1678951920.9558313, "_runtime": 27.213075399398804, "_step": 0, "Energy_Consumed": 3.355340715466405e-07, "Energy_RAM": 3.169608343493261e-08, "Energy_GPU": 0, "Energy_CPU": 3.038379881117079e-07, "CO2_Emissions": 4.1293500128263716e-08, "_wandb": {"runtime": 26}}