{"mse_TEDA": 1.2873150015560755e-07, "_timestamp": 1678941653.910033, "_runtime": 26.229841947555542, "_step": 0, "Energy_Consumed": 5.290605402524307e-07, "Energy_RAM": 4.997747903416894e-08, "Energy_GPU": 0, "Energy_CPU": 4.790830612182617e-07, "CO2_Emissions": 6.511041154798564e-08, "_wandb": {"runtime": 25}}