{"mse_TEDA": 4.018478189062551e-07, "_timestamp": 1679855580.9530094, "_runtime": 30.95289444923401, "_step": 0, "Energy_Consumed": 3.8300543608468413e-07, "Energy_RAM": 3.6180445706198344e-08, "Energy_GPU": 0, "Energy_CPU": 3.468249903784858e-07, "CO2_Emissions": 4.713570503045075e-08, "_wandb": {"runtime": 30}}