{"mse_TEDA": 2.560081526093445e-07, "_timestamp": 1679879825.3877294, "_runtime": 25.577186346054077, "_step": 0, "Energy_Consumed": 3.966663930043524e-07, "Energy_RAM": 3.747092219441583e-08, "Energy_GPU": 0, "Energy_CPU": 3.591954708099365e-07, "CO2_Emissions": 4.881693139209645e-08, "_wandb": {"runtime": 24}}