{"mse_TEDA": 6.636668964012294e-07, "_timestamp": 1679967714.6250775, "_runtime": 23.532723426818848, "_step": 0, "Energy_Consumed": 3.336613470521065e-07, "Energy_RAM": 3.151917731164152e-08, "Energy_GPU": 0, "Energy_CPU": 3.02142169740465e-07, "CO2_Emissions": 4.106302770917738e-08, "_wandb": {"runtime": 22}}