{"mse_TEDA": 8.480312515121686e-07, "_timestamp": 1679879961.7505224, "_runtime": 28.128310441970825, "_step": 0, "Energy_Consumed": 3.3116096803862796e-07, "Energy_RAM": 3.128298007103088e-08, "Energy_GPU": 0, "Energy_CPU": 2.998779879675971e-07, "CO2_Emissions": 4.075531111682699e-08, "_wandb": {"runtime": 27}}