{"mse_TEDA": 2.783807868920405e-07, "_timestamp": 1679972198.7916327, "_runtime": 25.322535753250122, "_step": 0, "Energy_Consumed": 4.6989104703748626e-07, "Energy_RAM": 4.438805801025107e-08, "Energy_GPU": 0, "Energy_CPU": 4.255029890272352e-07, "CO2_Emissions": 5.782854158945006e-08, "_wandb": {"runtime": 24}}