{"mse_TEDA": 3.344591448840102e-07, "_timestamp": 1678935538.1570156, "_runtime": 25.869914531707764, "_step": 0, "Energy_Consumed": 3.3549721092236324e-07, "Energy_RAM": 3.1692601411729514e-08, "Energy_GPU": 0, "Energy_CPU": 3.038046095106337e-07, "CO2_Emissions": 4.128896376572293e-08, "_wandb": {"runtime": 25}}