{"mse_TEDA": 2.461858721175388e-07, "_timestamp": 1678949993.303329, "_runtime": 26.994522094726562, "_step": 0, "Energy_Consumed": 3.636826661439348e-07, "Energy_RAM": 3.399944178378671e-08, "Energy_GPU": 0, "Energy_CPU": 3.296832243601481e-07, "CO2_Emissions": 4.475769078185653e-08, "_wandb": {"runtime": 26}}