{"mse_TEDA": 1.3188126514281372e-07, "_timestamp": 1678945362.5838156, "_runtime": 29.80204153060913, "_step": 0, "Energy_Consumed": 3.528247760513952e-07, "Energy_RAM": 3.332944248578921e-08, "Energy_GPU": 0, "Energy_CPU": 3.19495333565606e-07, "CO2_Emissions": 4.342143219010684e-08, "_wandb": {"runtime": 29}}