{"mse_TEDA": 2.380139386632416e-07, "_timestamp": 1679869572.3606396, "_runtime": 31.94352960586548, "_step": 0, "Energy_Consumed": 3.58213594539494e-07, "Energy_RAM": 3.383849493350984e-08, "Energy_GPU": 0, "Energy_CPU": 3.2437509960598416e-07, "CO2_Emissions": 4.408462319155649e-08, "_wandb": {"runtime": 31}}