{"mse_TEDA": 2.727197274763159e-06, "_timestamp": 1679881888.951655, "_runtime": 27.344615936279297, "_step": 0, "Energy_Consumed": 3.341599893860803e-07, "Energy_RAM": 3.156628134775019e-08, "Energy_GPU": 0, "Energy_CPU": 3.025937080383301e-07, "CO2_Emissions": 4.112439461354865e-08, "_wandb": {"runtime": 26}}