{"mse_TEDA": 2.811925865600243e-07, "_timestamp": 1679976774.7648804, "_runtime": 25.629518508911133, "_step": 0, "Energy_Consumed": 3.3551359342204203e-07, "Energy_RAM": 3.169414897759756e-08, "Energy_GPU": 0, "Energy_CPU": 3.0381944444444446e-07, "CO2_Emissions": 4.129097992685217e-08, "_wandb": {"runtime": 24}}