{"mse_TEDA": 3.659921736121526e-07, "_timestamp": 1679857262.1774585, "_runtime": 31.321083545684814, "_step": 0, "Energy_Consumed": 3.7434318937951304e-07, "Energy_RAM": 3.5362170253468625e-08, "Energy_GPU": 0, "Energy_CPU": 3.389810191260444e-07, "CO2_Emissions": 4.606965983336467e-08, "_wandb": {"runtime": 30}}