{"mse_TEDA": 1.8484462114278483e-07, "_timestamp": 1679979618.9520159, "_runtime": 24.959662914276123, "_step": 0, "Energy_Consumed": 3.355166651407318e-07, "Energy_RAM": 3.169443914619782e-08, "Energy_GPU": 0, "Energy_CPU": 3.03822225994534e-07, "CO2_Emissions": 4.1291357957063904e-08, "_wandb": {"runtime": 24}}