{"mse_TEDA": 3.1758317335685984e-07, "_timestamp": 1679971209.3021307, "_runtime": 25.61776065826416, "_step": 0, "Energy_Consumed": 1.1398840885893454e-06, "Energy_RAM": 1.0767866587002573e-07, "Energy_GPU": 0, "Energy_CPU": 1.0322054227193197e-06, "CO2_Emissions": 1.4028323127187108e-07, "_wandb": {"runtime": 24}}