{"mse_TEDA": 1.6816208042427377e-07, "_timestamp": 1679876931.0514703, "_runtime": 26.88050627708435, "_step": 0, "Energy_Consumed": 3.093056895608647e-07, "Energy_RAM": 2.921843048018976e-08, "Energy_GPU": 0, "Energy_CPU": 2.8008725908067494e-07, "CO2_Emissions": 3.806562616034916e-08, "_wandb": {"runtime": 26}}