{"mse_TEDA": 6.43074787738646e-07, "_timestamp": 1679852781.6632063, "_runtime": 29.690353393554688, "_step": 0, "Energy_Consumed": 3.854771457237247e-07, "Energy_RAM": 3.6413934706539903e-08, "Energy_GPU": 0, "Energy_CPU": 3.490632110171848e-07, "CO2_Emissions": 4.7439893340824964e-08, "_wandb": {"runtime": 28}}