{"mse_TEDA": 1.2695205435140773e-07, "_timestamp": 1679872974.1979444, "_runtime": 32.17137932777405, "_step": 0, "Energy_Consumed": 3.55733693650614e-07, "Energy_RAM": 3.3604232150234266e-08, "Energy_GPU": 0, "Energy_CPU": 3.221294615003798e-07, "CO2_Emissions": 4.377942680061766e-08, "_wandb": {"runtime": 31}}