{"mse_TEDA": 1.6616677623269712e-07, "_timestamp": 1679864160.169444, "_runtime": 32.39745497703552, "_step": 0, "Energy_Consumed": 6.077190646477801e-07, "Energy_RAM": 5.740792310386193e-08, "Energy_GPU": 0, "Energy_CPU": 5.503111415439182e-07, "CO2_Emissions": 7.479075718989431e-08, "_wandb": {"runtime": 31}}