{"mse_TEDA": 3.0188817169304697e-06, "_timestamp": 1679990246.1372497, "_runtime": 25.543457746505737, "_step": 0, "Energy_Consumed": 3.3561700795126446e-07, "Energy_RAM": 3.17039179871396e-08, "Energy_GPU": 0, "Energy_CPU": 3.039130899641249e-07, "CO2_Emissions": 4.1303706943980496e-08, "_wandb": {"runtime": 24}}