{"mse_TEDA": 2.461858721175388e-07, "_timestamp": 1678949605.619811, "_runtime": 27.007190942764282, "_step": 0, "Energy_Consumed": 3.339378017341864e-07, "Energy_RAM": 3.1545292485664806e-08, "Energy_GPU": 0, "Energy_CPU": 3.023925092485216e-07, "CO2_Emissions": 4.109705042823332e-08, "_wandb": {"runtime": 26}}