{"mse_TEDA": 2.592914154820145e-07, "_timestamp": 1679863292.3851082, "_runtime": 31.83817219734192, "_step": 0, "Energy_Consumed": 3.6413586817338407e-07, "Energy_RAM": 3.439793999480875e-08, "Energy_GPU": 0, "Energy_CPU": 3.2973792817857534e-07, "CO2_Emissions": 4.4813465439777056e-08, "_wandb": {"runtime": 30}}