{"mse_TEDA": 7.730133384647402e-07, "_timestamp": 1678930483.2207012, "_runtime": 27.05289626121521, "_step": 0, "Energy_Consumed": 3.729005055015478e-07, "Energy_RAM": 3.522588773421376e-08, "Energy_GPU": 0, "Energy_CPU": 3.3767461776733403e-07, "CO2_Emissions": 4.5892111643920896e-08, "_wandb": {"runtime": 26}}