{"mse_TEDA": 7.032978289158336e-08, "_timestamp": 1679983279.4263437, "_runtime": 25.556140661239624, "_step": 0, "Energy_Consumed": 2.680586509945392e-07, "Energy_RAM": 2.532204651591504e-08, "Energy_GPU": 0, "Energy_CPU": 2.4273660447862415e-07, "CO2_Emissions": 3.298943647720306e-08, "_wandb": {"runtime": 24}}