{"mse_TEDA": 3.9693645046650585e-08, "_timestamp": 1679986880.3881383, "_runtime": 27.879672288894653, "_step": 0, "Energy_Consumed": 3.336715861144057e-07, "Energy_RAM": 3.152014454030905e-08, "Energy_GPU": 0, "Energy_CPU": 3.0215144157409667e-07, "CO2_Emissions": 4.1064287809883146e-08, "_wandb": {"runtime": 26}}