{"mse_TEDA": 1.6959277218799147e-07, "_timestamp": 1678942185.469412, "_runtime": 27.038137197494507, "_step": 0, "Energy_Consumed": 4.0090126917132495e-07, "Energy_RAM": 3.7870967971305924e-08, "Energy_GPU": 0, "Energy_CPU": 3.63030301200019e-07, "CO2_Emissions": 4.933810904400521e-08, "_wandb": {"runtime": 26}}