{"mse_TEDA": 1.9878843233718785e-07, "_timestamp": 1679982029.2065678, "_runtime": 27.35713768005371, "_step": 0, "Energy_Consumed": 3.3398285360830317e-07, "Energy_RAM": 3.154954829180194e-08, "Energy_GPU": 0, "Energy_CPU": 3.0243330531650123e-07, "CO2_Emissions": 4.1102594871338734e-08, "_wandb": {"runtime": 26}}