{"mse_TEDA": 2.3297299017873242e-07, "_timestamp": 1678950148.9256737, "_runtime": 26.699542760849, "_step": 0, "Energy_Consumed": 8.03880044083169e-07, "Energy_RAM": 7.593818663925352e-08, "Energy_GPU": 0, "Energy_CPU": 7.279418574439154e-07, "CO2_Emissions": 9.893189252121226e-08, "_wandb": {"runtime": 25}}