{"mse_TEDA": 9.521856132947309e-08, "_timestamp": 1678946197.6181335, "_runtime": 27.10250449180603, "_step": 0, "Energy_Consumed": 2.685654845783524e-07, "Energy_RAM": 2.5369924334957734e-08, "Energy_GPU": 0, "Energy_CPU": 2.4319556024339465e-07, "CO2_Emissions": 3.3051811462138946e-08, "_wandb": {"runtime": 26}}