{"mse_RLS": 3.5620787172430803e-07, "_timestamp": 1680034070.73979, "_runtime": 31.394304990768433, "_step": 0, "Energy_Consumed": 1.3250268130845042e-07, "Energy_RAM": 1.2516809463628914e-08, "Energy_GPU": 0, "Energy_CPU": 1.199858718448215e-07, "CO2_Emissions": 1.63068372233704e-08, "_wandb": {"runtime": 30}}