{"mse_TEDA": 3.283249103288635e-07, "_timestamp": 1678935463.764819, "_runtime": 26.543527841567993, "_step": 0, "Energy_Consumed": 3.56684902538215e-07, "Energy_RAM": 3.369408769344773e-08, "Energy_GPU": 0, "Energy_CPU": 3.2299081484476724e-07, "CO2_Emissions": 4.389649015618421e-08, "_wandb": {"runtime": 25}}