{"mse_TEDA": 1.325848253273743e-07, "_timestamp": 1679867203.0832503, "_runtime": 31.521026372909546, "_step": 0, "Energy_Consumed": 3.704892063300728e-07, "Energy_RAM": 3.499810538301063e-08, "Energy_GPU": 0, "Energy_CPU": 3.354911009470622e-07, "CO2_Emissions": 4.559535792771076e-08, "_wandb": {"runtime": 30}}