{"mse_TEDA": 8.536174221107042e-07, "_timestamp": 1679990443.5024004, "_runtime": 25.19506335258484, "_step": 0, "Energy_Consumed": 1.0736465706692241e-06, "Energy_RAM": 1.0142156689691243e-07, "Energy_GPU": 0, "Energy_CPU": 9.722250037723117e-07, "CO2_Emissions": 1.3213151379613867e-07, "_wandb": {"runtime": 24}}