{"mse_TEDA": 3.383577339780479e-07, "_timestamp": 1679854421.3855383, "_runtime": 31.500871419906616, "_step": 0, "Energy_Consumed": 1.456244492074398e-06, "Energy_RAM": 1.3756351690214313e-07, "Energy_GPU": 0, "Energy_CPU": 1.3186809751722548e-06, "CO2_Emissions": 1.7921706681849957e-07, "_wandb": {"runtime": 30}}