{"mse_TEDA": 1.6255173055528223e-07, "_timestamp": 1679866669.6781166, "_runtime": 32.142345666885376, "_step": 0, "Energy_Consumed": 6.266285649020472e-07, "Energy_RAM": 5.919420100705489e-08, "Energy_GPU": 0, "Energy_CPU": 5.674343638949924e-07, "CO2_Emissions": 7.711791117332053e-08, "_wandb": {"runtime": 31}}