{"mse_TEDA": 4.977311002879698e-07, "_timestamp": 1678952231.108628, "_runtime": 28.241498947143555, "_step": 0, "Energy_Consumed": 4.818830368023758e-07, "Energy_RAM": 4.55208762256613e-08, "Energy_GPU": 0, "Energy_CPU": 4.363621605767144e-07, "CO2_Emissions": 5.930437153605436e-08, "_wandb": {"runtime": 27}}