{"mse_TEDA": 3.429023620129301e-07, "_timestamp": 1679976242.5691302, "_runtime": 24.204756259918213, "_step": 0, "Energy_Consumed": 3.335732911163329e-07, "Energy_RAM": 3.151085914510077e-08, "Energy_GPU": 0, "Energy_CPU": 3.0206243197123214e-07, "CO2_Emissions": 4.1052190843107714e-08, "_wandb": {"runtime": 23}}