{"mse_TEDA": 4.794565002304967e-07, "_timestamp": 1678932591.0106864, "_runtime": 26.18110942840576, "_step": 0, "Energy_Consumed": 3.343279100077881e-07, "Energy_RAM": 3.158214389789767e-08, "Energy_GPU": 0, "Energy_CPU": 3.0274576610989043e-07, "CO2_Emissions": 4.1145060265123365e-08, "_wandb": {"runtime": 25}}