{"mse_TEDA": 4.3627710135423554e-07, "_timestamp": 1678931203.0693624, "_runtime": 25.80557632446289, "_step": 0, "Energy_Consumed": 3.348070981233933e-07, "Energy_RAM": 3.162741019953804e-08, "Energy_GPU": 0, "Energy_CPU": 3.0317968792385526e-07, "CO2_Emissions": 4.120403297815366e-08, "_wandb": {"runtime": 25}}