{"mse_TEDA": 2.592914154820145e-07, "_timestamp": 1679863532.925879, "_runtime": 31.587214946746826, "_step": 0, "Energy_Consumed": 3.791586203788534e-07, "Energy_RAM": 3.581705789580762e-08, "Energy_GPU": 0, "Energy_CPU": 3.433415624830458e-07, "CO2_Emissions": 4.666228519529089e-08, "_wandb": {"runtime": 30}}