{"mse_TEDA": 2.9900308007701104e-07, "_timestamp": 1678936777.0957584, "_runtime": 26.558151483535767, "_step": 0, "Energy_Consumed": 2.689269234775161e-07, "Energy_RAM": 2.5404067506921517e-08, "Energy_GPU": 0, "Energy_CPU": 2.435228559705946e-07, "CO2_Emissions": 3.3096293017052816e-08, "_wandb": {"runtime": 25}}