{"mse_TEDA": 2.8585476976658966e-06, "_timestamp": 1679882019.4200296, "_runtime": 28.687851667404175, "_step": 0, "Energy_Consumed": 4.033895359523538e-07, "Energy_RAM": 3.773623301791911e-08, "Energy_GPU": 0, "Energy_CPU": 3.656533029344347e-07, "CO2_Emissions": 4.964433500838476e-08, "_wandb": {"runtime": 27}}