{"mse_TEDA": 3.659921736121526e-07, "_timestamp": 1679973008.4284222, "_runtime": 24.43330717086792, "_step": 0, "Energy_Consumed": 3.3380264611183625e-07, "Energy_RAM": 3.153252506725342e-08, "Energy_GPU": 0, "Energy_CPU": 3.022701210445828e-07, "CO2_Emissions": 4.108041709891708e-08, "_wandb": {"runtime": 23}}