{"mse_TEDA": 3.0188817169304697e-06, "_timestamp": 1679879095.8729014, "_runtime": 28.765129327774048, "_step": 0, "Energy_Consumed": 3.331913740925706e-07, "Energy_RAM": 3.1474781515801926e-08, "Energy_GPU": 0, "Energy_CPU": 3.0171659257676867e-07, "CO2_Emissions": 4.100518908678228e-08, "_wandb": {"runtime": 27}}