{"mse_TEDA": 4.36027399920611e-07, "_timestamp": 1678929694.7914257, "_runtime": 25.41967272758484, "_step": 0, "Energy_Consumed": 3.0912957768931744e-07, "Energy_RAM": 2.9201794147108255e-08, "Energy_GPU": 0, "Energy_CPU": 2.799277835422092e-07, "CO2_Emissions": 3.8043952428209815e-08, "_wandb": {"runtime": 24}}