{"mse_TEDA": 2.0251887130597059e-07, "_timestamp": 1679976926.252395, "_runtime": 24.762576818466187, "_step": 0, "Energy_Consumed": 4.6801320301180265e-07, "Energy_RAM": 4.421066827262621e-08, "Energy_GPU": 0, "Energy_CPU": 4.2380253473917643e-07, "CO2_Emissions": 5.759743912001084e-08, "_wandb": {"runtime": 23}}