{"mse_TEDA": 6.399721018054589e-08, "_timestamp": 1679872346.6930335, "_runtime": 32.20176649093628, "_step": 0, "Energy_Consumed": 3.772172941669143e-07, "Energy_RAM": 3.563367134044408e-08, "Energy_GPU": 0, "Energy_CPU": 3.4158362282647024e-07, "CO2_Emissions": 4.642337010147585e-08, "_wandb": {"runtime": 31}}