{"mse_TEDA": 1.7456831441668582e-07, "_timestamp": 1678942485.9441116, "_runtime": 26.739802598953247, "_step": 0, "Energy_Consumed": 3.3375861814394945e-07, "Energy_RAM": 3.152836598398305e-08, "Energy_GPU": 0, "Energy_CPU": 3.022302521599664e-07, "CO2_Emissions": 4.107499866588225e-08, "_wandb": {"runtime": 25}}