{"mse_TEDA": 1.1745897257854977e-07, "_timestamp": 1679872925.8578577, "_runtime": 32.8495397567749, "_step": 0, "Energy_Consumed": 4.060617565701503e-07, "Energy_RAM": 3.8358451219740655e-08, "Energy_GPU": 0, "Energy_CPU": 3.6770330535040966e-07, "CO2_Emissions": 4.9973199799716066e-08, "_wandb": {"runtime": 31}}