{"mse_TEDA": 5.314942975210172e-07, "_timestamp": 1679969614.3257506, "_runtime": 24.60406756401062, "_step": 0, "Energy_Consumed": 3.082438988004318e-07, "Energy_RAM": 2.911812886736698e-08, "Energy_GPU": 0, "Energy_CPU": 2.791257699330648e-07, "CO2_Emissions": 3.7934953717160234e-08, "_wandb": {"runtime": 23}}