{"mse_TEDA": 2.6712797989543884e-06, "_timestamp": 1679992684.6909876, "_runtime": 24.464609622955322, "_step": 0, "Energy_Consumed": 3.338046939242961e-07, "Energy_RAM": 3.153271851298693e-08, "Energy_GPU": 0, "Energy_CPU": 3.022719754113091e-07, "CO2_Emissions": 4.1080669119058236e-08, "_wandb": {"runtime": 23}}