{"mse_TEDA": 7.765542697356549e-07, "_timestamp": 1679850563.1341126, "_runtime": 30.126960515975952, "_step": 0, "Energy_Consumed": 4.001652188991203e-07, "Energy_RAM": 3.7446451309127346e-08, "Energy_GPU": 0, "Energy_CPU": 3.6271876758999295e-07, "CO2_Emissions": 4.9247524824436715e-08, "_wandb": {"runtime": 29}}