{"mse_TEDA": 1.3394627455263933e-07, "_timestamp": 1679875810.7923963, "_runtime": 27.137548208236694, "_step": 0, "Energy_Consumed": 3.357327093552461e-07, "Energy_RAM": 3.171484767108268e-08, "Energy_GPU": 0, "Energy_CPU": 3.040178616841634e-07, "CO2_Emissions": 4.131794608195576e-08, "_wandb": {"runtime": 26}}