{"mse_TEDA": 2.899389639370399e-07, "_timestamp": 1679975597.691814, "_runtime": 24.476600885391235, "_step": 0, "Energy_Consumed": 3.354255374862684e-07, "Energy_RAM": 3.1685830811056806e-08, "Energy_GPU": 0, "Energy_CPU": 3.037397066752116e-07, "CO2_Emissions": 4.12801430607825e-08, "_wandb": {"runtime": 23}}