{"mse_TEDA": 3.3020519408773363e-07, "_timestamp": 1679986034.9185722, "_runtime": 26.886874198913574, "_step": 0, "Energy_Consumed": 3.3541734623642895e-07, "Energy_RAM": 3.168505702812278e-08, "Energy_GPU": 0, "Energy_CPU": 3.037322892083062e-07, "CO2_Emissions": 4.127913498021787e-08, "_wandb": {"runtime": 25}}