{"mse_TEDA": 1.2695205435140773e-07, "_timestamp": 1678945782.164173, "_runtime": 28.868830919265747, "_step": 0, "Energy_Consumed": 3.204550044985253e-07, "Energy_RAM": 3.027164577626233e-08, "Energy_GPU": 0, "Energy_CPU": 2.9018335872226296e-07, "CO2_Emissions": 3.9437749818868124e-08, "_wandb": {"runtime": 28}}