{"mse_TEDA": 7.570788923722186e-08, "_timestamp": 1679869378.7113075, "_runtime": 32.40597343444824, "_step": 0, "Energy_Consumed": 3.465912349236078e-07, "Energy_RAM": 3.274059367299742e-08, "Energy_GPU": 0, "Energy_CPU": 3.138506412506104e-07, "CO2_Emissions": 4.2654282880430705e-08, "_wandb": {"runtime": 31}}