{"mse_TEDA": 7.772595215231969e-07, "_timestamp": 1679854179.5373843, "_runtime": 31.126633167266846, "_step": 0, "Energy_Consumed": 3.5579000849325996e-07, "Energy_RAM": 3.360955190790568e-08, "Energy_GPU": 0, "Energy_CPU": 3.221804565853543e-07, "CO2_Emissions": 4.3786357354499426e-08, "_wandb": {"runtime": 30}}