{"mse_TEDA": 4.3599186515588886e-07, "_timestamp": 1679850274.7372503, "_runtime": 30.33253240585327, "_step": 0, "Energy_Consumed": 3.6882740651890346e-07, "Energy_RAM": 3.4841124170270636e-08, "Energy_GPU": 0, "Energy_CPU": 3.3398628234863283e-07, "CO2_Emissions": 4.5390843583163396e-08, "_wandb": {"runtime": 29}}