{"mse_TEDA": 4.059483311238478e-07, "_timestamp": 1679849707.8624554, "_runtime": 30.33304238319397, "_step": 0, "Energy_Consumed": 5.97041635252885e-07, "Energy_RAM": 5.604219622531067e-08, "Energy_GPU": 0, "Energy_CPU": 5.409994390275743e-07, "CO2_Emissions": 7.34767075315235e-08, "_wandb": {"runtime": 29}}