{"mse_TEDA": 2.231440145536473e-06, "_timestamp": 1679878792.9974105, "_runtime": 27.296122550964355, "_step": 0, "Energy_Consumed": 3.9903161639548067e-07, "Energy_RAM": 3.769435201661509e-08, "Energy_GPU": 0, "Energy_CPU": 3.6133726437886556e-07, "CO2_Emissions": 4.9108014655130595e-08, "_wandb": {"runtime": 26}}