{"mse_TEDA": 1.7456831441668582e-07, "_timestamp": 1679868120.3129137, "_runtime": 32.08627367019653, "_step": 0, "Energy_Consumed": 3.874788824032294e-07, "Energy_RAM": 3.660302791104187e-08, "Energy_GPU": 0, "Energy_CPU": 3.508758544921875e-07, "CO2_Emissions": 4.768624302880408e-08, "_wandb": {"runtime": 31}}