{"mse_TEDA": 2.3297299017873242e-07, "_timestamp": 1679878010.7946765, "_runtime": 27.428040504455566, "_step": 0, "Energy_Consumed": 3.2836365621847106e-07, "Energy_RAM": 3.10187331990619e-08, "Energy_GPU": 0, "Energy_CPU": 2.973449230194092e-07, "CO2_Emissions": 4.041105160400912e-08, "_wandb": {"runtime": 26}}