{"mse_TEDA": 1.1197616151200835e-07, "_timestamp": 1678945893.3368752, "_runtime": 26.822076082229614, "_step": 0, "Energy_Consumed": 3.2182396712793585e-07, "Energy_RAM": 3.0400964249110984e-08, "Energy_GPU": 0, "Energy_CPU": 2.914230028788249e-07, "CO2_Emissions": 3.96062252832303e-08, "_wandb": {"runtime": 26}}