{"mse_TEDA": 9.521856132947309e-08, "_timestamp": 1678946004.586972, "_runtime": 26.319833993911743, "_step": 0, "Energy_Consumed": 3.8312318530112563e-07, "Energy_RAM": 3.6191568835874935e-08, "Energy_GPU": 0, "Energy_CPU": 3.4693161646525067e-07, "CO2_Emissions": 4.7150196188567174e-08, "_wandb": {"runtime": 25}}