{"mse_TEDA": 5.690547762148386e-07, "_timestamp": 1679854661.4015205, "_runtime": 31.12632942199707, "_step": 0, "Energy_Consumed": 4.0733242420148806e-07, "Energy_RAM": 3.847848429738103e-08, "Energy_GPU": 0, "Energy_CPU": 3.68853939904107e-07, "CO2_Emissions": 5.012957829730281e-08, "_wandb": {"runtime": 30}}