{"mse_TEDA": 2.3182178612985337e-07, "_timestamp": 1679984383.9628086, "_runtime": 25.590686559677124, "_step": 0, "Energy_Consumed": 1.2734127239401812e-06, "Energy_RAM": 1.2029239164614108e-07, "Energy_GPU": 0, "Energy_CPU": 1.1531203322940402e-06, "CO2_Emissions": 1.5671633058596015e-07, "_wandb": {"runtime": 24}}