{"mse_TEDA": 4.027292864456868e-08, "_timestamp": 1679870849.537263, "_runtime": 32.15284991264343, "_step": 0, "Energy_Consumed": 3.571999273718676e-07, "Energy_RAM": 3.3742739295424445e-08, "Energy_GPU": 0, "Energy_CPU": 3.234571880764431e-07, "CO2_Emissions": 4.3959873221684716e-08, "_wandb": {"runtime": 31}}