{"mse_TEDA": 3.3020519408773363e-07, "_timestamp": 1678947070.0267775, "_runtime": 26.290765523910522, "_step": 0, "Energy_Consumed": 3.65583671582499e-07, "Energy_RAM": 3.453470612839738e-08, "Energy_GPU": 0, "Energy_CPU": 3.310489654541016e-07, "CO2_Emissions": 4.499164367957372e-08, "_wandb": {"runtime": 25}}