{"mse_TEDA": 1.7210337310910684e-07, "_timestamp": 1679980856.173988, "_runtime": 26.96885919570923, "_step": 0, "Energy_Consumed": 3.335947931471613e-07, "Energy_RAM": 3.151289032530258e-08, "Energy_GPU": 0, "Energy_CPU": 3.0208190282185874e-07, "CO2_Emissions": 4.1054837054589835e-08, "_wandb": {"runtime": 26}}