{"mse_TEDA": 4.018478189062551e-07, "_timestamp": 1678931765.5045254, "_runtime": 26.15480351448059, "_step": 0, "Energy_Consumed": 3.1778977658202876e-07, "Energy_RAM": 3.001987615410447e-08, "Energy_GPU": 0, "Energy_CPU": 2.8776990042792427e-07, "CO2_Emissions": 3.910974560515475e-08, "_wandb": {"runtime": 25}}