{"mse_TEDA": 4.794565002304967e-07, "_timestamp": 1679856396.3243847, "_runtime": 31.554401636123657, "_step": 0, "Energy_Consumed": 3.6080919683235557e-07, "Energy_RAM": 3.40836874007285e-08, "Energy_GPU": 0, "Energy_CPU": 3.2672550943162705e-07, "CO2_Emissions": 4.4404058720470585e-08, "_wandb": {"runtime": 30}}