{"mse_TEDA": 1.2034514673626365e-07, "_timestamp": 1678944157.8388646, "_runtime": 27.888502597808838, "_step": 0, "Energy_Consumed": 3.6165289556581433e-07, "Energy_RAM": 3.416338704293291e-08, "Energy_GPU": 0, "Energy_CPU": 3.274895085228814e-07, "CO2_Emissions": 4.450789101862649e-08, "_wandb": {"runtime": 27}}