{"mse_TEDA": 4.828909902185851e-07, "_timestamp": 1679967968.112947, "_runtime": 24.983346939086914, "_step": 0, "Energy_Consumed": 5.367654346326213e-07, "Energy_RAM": 5.0705318606484675e-08, "Energy_GPU": 0, "Energy_CPU": 4.860601160261366e-07, "CO2_Emissions": 6.605863732908171e-08, "_wandb": {"runtime": 24}}