{"mse_TEDA": 1.2063659772341954e-07, "_timestamp": 1678949150.7756014, "_runtime": 27.195865392684937, "_step": 0, "Energy_Consumed": 3.280042651317672e-07, "Energy_RAM": 3.098478347283162e-08, "Energy_GPU": 0, "Energy_CPU": 2.9701948165893554e-07, "CO2_Emissions": 4.03668220692364e-08, "_wandb": {"runtime": 26}}