{"mse_TEDA": 1.348708537073943e-07, "_timestamp": 1678940079.1525695, "_runtime": 26.728392601013184, "_step": 0, "Energy_Consumed": 3.339378017341864e-07, "Energy_RAM": 3.1545292485664806e-08, "Energy_GPU": 0, "Energy_CPU": 3.023925092485216e-07, "CO2_Emissions": 4.109705042823332e-08, "_wandb": {"runtime": 25}}