{"mse_TEDA": 1.0696369066780603e-07, "_timestamp": 1679985199.190666, "_runtime": 26.115617036819458, "_step": 0, "Energy_Consumed": 3.3467808593842263e-07, "Energy_RAM": 3.161522311832717e-08, "Energy_GPU": 0, "Energy_CPU": 3.0306286282009547e-07, "CO2_Emissions": 4.1188155709260885e-08, "_wandb": {"runtime": 25}}