{"mse_TEDA": 2.2835504455926376e-07, "_timestamp": 1679877058.3100908, "_runtime": 25.76553988456726, "_step": 0, "Energy_Consumed": 5.27995677773308e-07, "Energy_RAM": 4.98768872527459e-08, "Energy_GPU": 0, "Energy_CPU": 4.781187905205621e-07, "CO2_Emissions": 6.497936107458497e-08, "_wandb": {"runtime": 24}}