{"mse_TEDA": 4.725418296370004e-07, "_timestamp": 1679859043.8084147, "_runtime": 31.173123598098755, "_step": 0, "Energy_Consumed": 3.602491201245862e-07, "Energy_RAM": 3.403077999261465e-08, "Energy_GPU": 0, "Energy_CPU": 3.262183401319716e-07, "CO2_Emissions": 4.4335131211864664e-08, "_wandb": {"runtime": 30}}