{"mse_TEDA": 2.899389639370399e-07, "_timestamp": 1679861065.7396674, "_runtime": 31.776068449020386, "_step": 0, "Energy_Consumed": 3.6220990055489384e-07, "Energy_RAM": 3.42160042824465e-08, "Energy_GPU": 0, "Energy_CPU": 3.2799389627244737e-07, "CO2_Emissions": 4.457644049702067e-08, "_wandb": {"runtime": 30}}