{"mse_TEDA": 2.501534567731034e-07, "_timestamp": 1678939287.2364025, "_runtime": 28.161462545394897, "_step": 0, "Energy_Consumed": 4.1342978580069535e-07, "Energy_RAM": 3.905446896889468e-08, "Energy_GPU": 0, "Energy_CPU": 3.743753168318007e-07, "CO2_Emissions": 5.087996826759213e-08, "_wandb": {"runtime": 27}}