{"mse_TEDA": 1.7974185168246737e-07, "_timestamp": 1679980372.8316007, "_runtime": 25.996687650680542, "_step": 0, "Energy_Consumed": 2.6836377505105707e-07, "Energy_RAM": 2.535086993020741e-08, "Energy_GPU": 0, "Energy_CPU": 2.4301290512084964e-07, "CO2_Emissions": 3.3026987478235174e-08, "_wandb": {"runtime": 25}}