{"mse_TEDA": 5.299969110105931e-07, "_timestamp": 1678930942.8467708, "_runtime": 31.536393880844116, "_step": 0, "Energy_Consumed": 2.890006051152088e-07, "Energy_RAM": 2.7300319309612557e-08, "Energy_GPU": 0, "Energy_CPU": 2.6170028580559625e-07, "CO2_Emissions": 3.556672045072572e-08, "_wandb": {"runtime": 30}}