{"mse_TEDA": 3.971358748024236e-06, "_timestamp": 1678950780.704233, "_runtime": 27.5870258808136, "_step": 0, "Energy_Consumed": 3.354777567039946e-07, "Energy_RAM": 3.1690763677261203e-08, "Energy_GPU": 0, "Energy_CPU": 3.037869930267334e-07, "CO2_Emissions": 4.128656957438195e-08, "_wandb": {"runtime": 26}}