{"mse_cnn": 6.381229256994178e-07, "_timestamp": 1680035647.4501827, "_runtime": 70.86028575897217, "_step": 0, "Energy_Consumed": 0.00019432435685061582, "Energy_RAM": 1.835676776365934e-05, "Energy_GPU": 0, "Energy_CPU": 0.00017596758908695645, "CO2_Emissions": 2.3915105901310105e-05, "_wandb": {"runtime": 70}}