{"mse_TEDA": 6.641649377174232e-07, "_timestamp": 1679849896.8792324, "_runtime": 32.11318850517273, "_step": 0, "Energy_Consumed": 3.74123049540079e-07, "Energy_RAM": 3.534137483711675e-08, "Energy_GPU": 0, "Energy_CPU": 3.387816747029623e-07, "CO2_Emissions": 4.604256766819049e-08, "_wandb": {"runtime": 29}}