{"mse_TEDA": 1.9315791111068045e-07, "_timestamp": 1678949039.631783, "_runtime": 27.228883028030396, "_step": 0, "Energy_Consumed": 2.785680245384962e-07, "Energy_RAM": 2.6314810020267033e-08, "Energy_GPU": 0, "Energy_CPU": 2.5225321451822917e-07, "CO2_Emissions": 3.4282803841611046e-08, "_wandb": {"runtime": 26}}