{"mse_TEDA": 3.5403782990587245e-08, "_timestamp": 1679872298.6653097, "_runtime": 32.5697066783905, "_step": 0, "Energy_Consumed": 3.660004014180787e-07, "Energy_RAM": 3.4574072335165814e-08, "Energy_GPU": 0, "Energy_CPU": 3.3142632908291285e-07, "CO2_Emissions": 4.5042929778298774e-08, "_wandb": {"runtime": 31}}