{"mse_TEDA": 1.0696369066780603e-07, "_timestamp": 1679985010.9564412, "_runtime": 25.324523210525513, "_step": 0, "Energy_Consumed": 3.338067417367559e-07, "Energy_RAM": 3.153291195872044e-08, "Energy_GPU": 0, "Energy_CPU": 3.022738297780355e-07, "CO2_Emissions": 4.108092113919939e-08, "_wandb": {"runtime": 24}}