{"mse_TEDA": 4.00438246142968e-08, "_timestamp": 1679982667.7133205, "_runtime": 25.70199751853943, "_step": 0, "Energy_Consumed": 3.338087895492158e-07, "Energy_RAM": 3.153310540445394e-08, "Energy_GPU": 0, "Energy_CPU": 3.0227568414476184e-07, "CO2_Emissions": 4.1081173159340544e-08, "_wandb": {"runtime": 24}}