{"mse_TEDA": 4.000902496354645e-08, "_timestamp": 1679982864.01248, "_runtime": 27.043621063232422, "_step": 0, "Energy_Consumed": 2.68254217084455e-07, "Energy_RAM": 2.5340520583464846e-08, "Energy_GPU": 0, "Energy_CPU": 2.4291369650099014e-07, "CO2_Emissions": 3.301350440068337e-08, "_wandb": {"runtime": 26}}