{"mse_TEDA": 4.827308468002249e-07, "_timestamp": 1678929844.1694624, "_runtime": 25.649641513824463, "_step": 0, "Energy_Consumed": 3.336388211150481e-07, "Energy_RAM": 3.1517049408572956e-08, "Energy_GPU": 0, "Energy_CPU": 3.0212177170647516e-07, "CO2_Emissions": 4.106025548762467e-08, "_wandb": {"runtime": 24}}