{"mse_TEDA": 2.0631567023236276e-07, "_timestamp": 1679987032.8985217, "_runtime": 25.995012760162354, "_step": 0, "Energy_Consumed": 3.356313426384834e-07, "Energy_RAM": 3.170527210727414e-08, "Energy_GPU": 0, "Energy_CPU": 3.039260705312093e-07, "CO2_Emissions": 4.130547108496858e-08, "_wandb": {"runtime": 25}}