{"mse_TEDA": 6.43693829740448e-07, "_timestamp": 1679850134.9544654, "_runtime": 29.905447483062744, "_step": 0, "Energy_Consumed": 3.4589600259348824e-07, "Energy_RAM": 3.2674918846472185e-08, "Energy_GPU": 0, "Energy_CPU": 3.1322108374701604e-07, "CO2_Emissions": 4.256872204250854e-08, "_wandb": {"runtime": 28}}