{"mse_TEDA": 1.7174024956282277e-07, "_timestamp": 1679868506.561273, "_runtime": 32.20948004722595, "_step": 0, "Energy_Consumed": 3.5474357632627594e-07, "Energy_RAM": 3.3510701138084187e-08, "Energy_GPU": 0, "Energy_CPU": 3.2123287518819174e-07, "CO2_Emissions": 4.365757506236917e-08, "_wandb": {"runtime": 31}}