{"mse_RLS": 1.5357993452344486e-06, "_timestamp": 1680033507.2957776, "_runtime": 29.58922052383423, "_step": 0, "Energy_Consumed": 1.2455307333930755e-07, "Energy_RAM": 1.1765853126159223e-08, "Energy_GPU": 0, "Energy_CPU": 1.1278722021314832e-07, "CO2_Emissions": 1.5328495035406287e-08, "_wandb": {"runtime": 28}}