{"mse_TEDA": 1.6907475201990146e-07, "_timestamp": 1678940941.3056502, "_runtime": 26.634880304336548, "_step": 0, "Energy_Consumed": 3.493414470571881e-07, "Energy_RAM": 3.300039129309577e-08, "Energy_GPU": 0, "Energy_CPU": 3.1634105576409233e-07, "CO2_Emissions": 4.2992745930002e-08, "_wandb": {"runtime": 25}}