{"mse_TEDA": 8.480312515121686e-07, "_timestamp": 1679880174.7012358, "_runtime": 26.17191767692566, "_step": 0, "Energy_Consumed": 3.439946087245163e-07, "Energy_RAM": 3.249530448291201e-08, "Energy_GPU": 0, "Energy_CPU": 3.1149930424160426e-07, "CO2_Emissions": 4.233472134144603e-08, "_wandb": {"runtime": 25}}