{"mse_TEDA": 2.05781834628357e-07, "_timestamp": 1678935052.1969063, "_runtime": 27.258811235427856, "_step": 0, "Energy_Consumed": 5.369394986917086e-07, "Energy_RAM": 5.072176149383267e-08, "Energy_GPU": 0, "Energy_CPU": 4.86217737197876e-07, "CO2_Emissions": 6.608005904107989e-08, "_wandb": {"runtime": 26}}