{"mse_TEDA": 5.62642661522462e-07, "_timestamp": 1678933695.4802692, "_runtime": 25.650312185287476, "_step": 0, "Energy_Consumed": 3.4755063506104814e-07, "Energy_RAM": 3.2831222999144907e-08, "Energy_GPU": 0, "Energy_CPU": 3.147194120619032e-07, "CO2_Emissions": 4.277235431656187e-08, "_wandb": {"runtime": 24}}