{"mse_TEDA": 3.925904069571106e-07, "_timestamp": 1678933431.258427, "_runtime": 25.993359804153442, "_step": 0, "Energy_Consumed": 3.3387636736039084e-07, "Energy_RAM": 3.1539489113659635e-08, "Energy_GPU": 0, "Energy_CPU": 3.023368782467312e-07, "CO2_Emissions": 4.108948982399866e-08, "_wandb": {"runtime": 25}}