{"mse_TEDA": 7.505154025744124e-08, "_timestamp": 1678948740.8038313, "_runtime": 27.555013418197632, "_step": 0, "Energy_Consumed": 3.9426430898894675e-07, "Energy_RAM": 3.7244010349013476e-08, "Energy_GPU": 0, "Energy_CPU": 3.5702029863993326e-07, "CO2_Emissions": 4.852131176652151e-08, "_wandb": {"runtime": 26}}