{"mse_TEDA": 3.311482454177867e-07, "_timestamp": 1678935613.8916483, "_runtime": 26.63491940498352, "_step": 0, "Energy_Consumed": 4.027914000717677e-07, "Energy_RAM": 3.804951838333182e-08, "Energy_GPU": 0, "Energy_CPU": 3.647418816884359e-07, "CO2_Emissions": 4.957072363429136e-08, "_wandb": {"runtime": 25}}