{"mse_TEDA": 1.9878843233718785e-07, "_timestamp": 1679869523.9101875, "_runtime": 32.43031644821167, "_step": 0, "Energy_Consumed": 3.7689373979825787e-07, "Energy_RAM": 3.5603106914550154e-08, "Energy_GPU": 0, "Energy_CPU": 3.412906328837077e-07, "CO2_Emissions": 4.638355091917335e-08, "_wandb": {"runtime": 31}}