{"mse_TEDA": 1.2021389916736217e-07, "_timestamp": 1678941618.708167, "_runtime": 27.559954166412354, "_step": 0, "Energy_Consumed": 5.367490521329425e-07, "Energy_RAM": 5.070377104061664e-08, "Energy_GPU": 0, "Energy_CPU": 4.860452810923259e-07, "CO2_Emissions": 6.605662116795247e-08, "_wandb": {"runtime": 26}}