{"mse_TEDA": 5.328589289084149e-07, "_timestamp": 1679852345.180968, "_runtime": 30.854161977767944, "_step": 0, "Energy_Consumed": 3.9613904278957713e-07, "Energy_RAM": 3.706410581685304e-08, "Energy_GPU": 0, "Energy_CPU": 3.5907493697272407e-07, "CO2_Emissions": 4.8752031466848666e-08, "_wandb": {"runtime": 29}}