{"mse_TEDA": 1.4823288888986742e-07, "_timestamp": 1678940304.0458095, "_runtime": 26.24309539794922, "_step": 0, "Energy_Consumed": 3.8371397919579275e-07, "Energy_RAM": 3.624737792999137e-08, "Energy_GPU": 0, "Energy_CPU": 3.4746660126580135e-07, "CO2_Emissions": 4.7222903999290426e-08, "_wandb": {"runtime": 25}}