{"mse_TEDA": 4.000902496354645e-08, "_timestamp": 1679870599.7418687, "_runtime": 33.112316846847534, "_step": 0, "Energy_Consumed": 3.754244343583145e-07, "Energy_RAM": 3.5464309600759714e-08, "Energy_GPU": 0, "Energy_CPU": 3.3996012475755483e-07, "CO2_Emissions": 4.620272646789456e-08, "_wandb": {"runtime": 32}}