{"mse_TEDA": 4.3627710135423554e-07, "_timestamp": 1678931016.6002715, "_runtime": 26.16100239753723, "_step": 0, "Energy_Consumed": 3.360275943494647e-07, "Energy_RAM": 3.174270385670752e-08, "Energy_GPU": 0, "Energy_CPU": 3.0428489049275715e-07, "CO2_Emissions": 4.13542369822821e-08, "_wandb": {"runtime": 25}}