{"mse_TEDA": 7.574268957066259e-08, "_timestamp": 1678942710.7599864, "_runtime": 27.55575442314148, "_step": 0, "Energy_Consumed": 3.175993300232626e-07, "Energy_RAM": 3.000188570088843e-08, "Energy_GPU": 0, "Energy_CPU": 2.875974443223742e-07, "CO2_Emissions": 3.9086307732027325e-08, "_wandb": {"runtime": 26}}