{"mse_TEDA": 7.76828042174159e-07, "_timestamp": 1679968987.7978635, "_runtime": 23.929120540618896, "_step": 0, "Energy_Consumed": 2.683996117691044e-07, "Energy_RAM": 2.5354255230543762e-08, "Energy_GPU": 0, "Energy_CPU": 2.4304535653856063e-07, "CO2_Emissions": 3.303139783070538e-08, "_wandb": {"runtime": 23}}