{"mse_TEDA": 2.727197274763159e-06, "_timestamp": 1678953424.037219, "_runtime": 27.711835145950317, "_step": 0, "Energy_Consumed": 3.708332388233278e-07, "Energy_RAM": 3.503060426623961e-08, "Energy_GPU": 0, "Energy_CPU": 3.358026345570882e-07, "CO2_Emissions": 4.563769731142481e-08, "_wandb": {"runtime": 26}}