{"mse_TEDA": 2.233351953124225e-06, "_timestamp": 1678950461.2627473, "_runtime": 29.494301319122314, "_step": 0, "Energy_Consumed": 3.157542509969365e-07, "Energy_RAM": 2.982759109499966e-08, "Energy_GPU": 0, "Energy_CPU": 2.8592665990193685e-07, "CO2_Emissions": 3.8859237584846574e-08, "_wandb": {"runtime": 28}}