{"mse_TEDA": 3.6874978405019186e-07, "_timestamp": 1679856299.3329973, "_runtime": 31.348390340805054, "_step": 0, "Energy_Consumed": 3.6673863780985513e-07, "Energy_RAM": 3.4643809522094675e-08, "Energy_GPU": 0, "Energy_CPU": 3.3209482828776043e-07, "CO2_Emissions": 4.513378303918519e-08, "_wandb": {"runtime": 30}}