{"mse_TEDA": 2.0161769694194257e-07, "_timestamp": 1678950031.8492503, "_runtime": 28.635789394378662, "_step": 0, "Energy_Consumed": 3.4464786089920893e-07, "Energy_RAM": 3.2557013671900375e-08, "Energy_GPU": 0, "Energy_CPU": 3.1209084722730853e-07, "CO2_Emissions": 4.2415115766474516e-08, "_wandb": {"runtime": 27}}