{"mse_TEDA": 1.4823288888986742e-07, "_timestamp": 1679866283.7559667, "_runtime": 31.775755643844604, "_step": 0, "Energy_Consumed": 3.8589797118422414e-07, "Energy_RAM": 3.645368780477535e-08, "Energy_GPU": 0, "Energy_CPU": 3.494442833794488e-07, "CO2_Emissions": 4.7491683479832334e-08, "_wandb": {"runtime": 30}}