{"mse_TEDA": 1.5894740975530397e-07, "_timestamp": 1679869474.8701904, "_runtime": 31.871294498443604, "_step": 0, "Energy_Consumed": 3.4806258817601093e-07, "Energy_RAM": 3.287958443252137e-08, "Energy_GPU": 0, "Energy_CPU": 3.1518300374348956e-07, "CO2_Emissions": 4.283535935185064e-08, "_wandb": {"runtime": 30}}