{"mse_TEDA": 2.3390728647858424e-07, "_timestamp": 1678937039.380321, "_runtime": 26.511088132858276, "_step": 0, "Energy_Consumed": 4.847489503399377e-07, "Energy_RAM": 4.579160352970273e-08, "Energy_GPU": 0, "Energy_CPU": 4.3895734681023494e-07, "CO2_Emissions": 5.965707372360093e-08, "_wandb": {"runtime": 25}}