{"mse_TEDA": 8.753568146675801e-08, "_timestamp": 1678945277.6715608, "_runtime": 28.322749853134155, "_step": 0, "Energy_Consumed": 3.3376578548755885e-07, "Energy_RAM": 3.1529043044050313e-08, "Energy_GPU": 0, "Energy_CPU": 3.0223674244350854e-07, "CO2_Emissions": 4.107588073637628e-08, "_wandb": {"runtime": 27}}