{"mse_TEDA": 4.018478189062551e-07, "_timestamp": 1679854854.2190382, "_runtime": 30.949470281600952, "_step": 0, "Energy_Consumed": 3.583108656313369e-07, "Energy_RAM": 3.384768360585137e-08, "Energy_GPU": 0, "Energy_CPU": 3.2446318202548556e-07, "CO2_Emissions": 4.4096594148261356e-08, "_wandb": {"runtime": 30}}