{"mse_TEDA": 4.952218806984654e-07, "_timestamp": 1679991516.110767, "_runtime": 25.45044994354248, "_step": 0, "Energy_Consumed": 4.007743047988141e-07, "Energy_RAM": 3.785897433582856e-08, "Energy_GPU": 0, "Energy_CPU": 3.629153304629856e-07, "CO2_Emissions": 4.9322483795253587e-08, "_wandb": {"runtime": 24}}