{"mse_TEDA": 2.7729639097783502e-06, "_timestamp": 1679989542.174459, "_runtime": 25.294202089309692, "_step": 0, "Energy_Consumed": 3.354542068607063e-07, "Energy_RAM": 3.1688539051325884e-08, "Energy_GPU": 0, "Energy_CPU": 3.037656678093804e-07, "CO2_Emissions": 4.128367134275867e-08, "_wandb": {"runtime": 24}}