{"mse_TEDA": 6.43074787738646e-07, "_timestamp": 1679969208.7978346, "_runtime": 24.870070695877075, "_step": 0, "Energy_Consumed": 3.169819145666174e-07, "Energy_RAM": 2.994356181223642e-08, "Energy_GPU": 0, "Energy_CPU": 2.8703835275438095e-07, "CO2_Emissions": 3.901032365946906e-08, "_wandb": {"runtime": 24}}