{"mse_TEDA": 3.120971964792153e-07, "_timestamp": 1679860969.614288, "_runtime": 31.89872097969055, "_step": 0, "Energy_Consumed": 3.773759996325528e-07, "Energy_RAM": 3.564866338479078e-08, "Energy_GPU": 0, "Energy_CPU": 3.4172733624776206e-07, "CO2_Emissions": 4.644290166241537e-08, "_wandb": {"runtime": 30}}