{"mse_TEDA": 7.032978289158336e-08, "_timestamp": 1679870654.1785548, "_runtime": 32.18491888046265, "_step": 0, "Energy_Consumed": 3.7046668039301443e-07, "Energy_RAM": 3.4995977479942064e-08, "Energy_GPU": 0, "Energy_CPU": 3.354707029130724e-07, "CO2_Emissions": 4.5592585706158054e-08, "_wandb": {"runtime": 31}}