{"mse_TEDA": 1.9006220524618632e-07, "_timestamp": 1678937861.1737354, "_runtime": 26.79110836982727, "_step": 0, "Energy_Consumed": 5.467833331862139e-07, "Energy_RAM": 5.1651655134795266e-08, "Energy_GPU": 0, "Energy_CPU": 4.951316780514187e-07, "CO2_Emissions": 6.729151985961247e-08, "_wandb": {"runtime": 25}}