{"mse_TEDA": 2.1909008520713328e-07, "_timestamp": 1679862856.611579, "_runtime": 32.11196303367615, "_step": 0, "Energy_Consumed": 1.3733899999488132e-06, "Energy_RAM": 1.2973670252449664e-07, "Energy_GPU": 0, "Energy_CPU": 1.2436532974243164e-06, "CO2_Emissions": 1.6902033190736408e-07, "_wandb": {"runtime": 31}}