{"mse_TEDA": 3.7977374104257927e-07, "_timestamp": 1679858421.7111807, "_runtime": 30.74688172340393, "_step": 0, "Energy_Consumed": 3.704564413307152e-07, "Energy_RAM": 3.4995010251274534e-08, "Energy_GPU": 0, "Energy_CPU": 3.3546143107944064e-07, "CO2_Emissions": 4.559132560545228e-08, "_wandb": {"runtime": 29}}