{"mse_TEDA": 3.1417354217969746e-07, "_timestamp": 1679857021.737802, "_runtime": 31.46591091156006, "_step": 0, "Energy_Consumed": 6.396649390214608e-07, "Energy_RAM": 6.04256765465531e-08, "Energy_GPU": 0, "Energy_CPU": 5.792392624749078e-07, "CO2_Emissions": 7.872227139191392e-08, "_wandb": {"runtime": 30}}