{"mse_TEDA": 5.313702591648065e-07, "_timestamp": 1678930182.5116658, "_runtime": 26.364784717559814, "_step": 0, "Energy_Consumed": 3.205287257470799e-07, "Energy_RAM": 3.027860982266854e-08, "Energy_GPU": 0, "Energy_CPU": 2.9025011592441135e-07, "CO2_Emissions": 3.9446822543949695e-08, "_wandb": {"runtime": 25}}