{"mse_TEDA": 7.725080333272527e-07, "_timestamp": 1678928789.0109358, "_runtime": 26.28663182258606, "_step": 0, "Energy_Consumed": 4.633421427908818e-07, "Energy_RAM": 4.376941855449938e-08, "Energy_GPU": 0, "Energy_CPU": 4.195727242363824e-07, "CO2_Emissions": 5.702258117803605e-08, "_wandb": {"runtime": 25}}