{"mse_TEDA": 5.328589289084149e-07, "_timestamp": 1678929619.2431915, "_runtime": 25.47803544998169, "_step": 0, "Energy_Consumed": 3.8655486339217127e-07, "Energy_RAM": 3.615094523183871e-08, "Energy_GPU": 0, "Energy_CPU": 3.504039181603326e-07, "CO2_Emissions": 4.757252587639757e-08, "_wandb": {"runtime": 24}}