{"mse_TEDA": 3.344591448840102e-07, "_timestamp": 1678935727.0796545, "_runtime": 26.338902473449707, "_step": 0, "Energy_Consumed": 3.436126917007541e-07, "Energy_RAM": 3.2459226853613175e-08, "Energy_GPU": 0, "Energy_CPU": 3.111534648471409e-07, "CO2_Emissions": 4.2287719585120613e-08, "_wandb": {"runtime": 25}}