{"mse_TEDA": 2.601506776634317e-07, "_timestamp": 1679880518.4045565, "_runtime": 27.943493604660034, "_step": 0, "Energy_Consumed": 3.881055130159439e-07, "Energy_RAM": 3.6662222305494654e-08, "Energy_GPU": 0, "Energy_CPU": 3.5144329071044925e-07, "CO2_Emissions": 4.776336119199754e-08, "_wandb": {"runtime": 27}}