{"mse_TEDA": 2.771151655921683e-06, "_timestamp": 1678950899.7927828, "_runtime": 26.148101806640625, "_step": 0, "Energy_Consumed": 3.3097564101101146e-07, "Energy_RAM": 3.12654732321486e-08, "Energy_GPU": 0, "Energy_CPU": 2.9971016777886283e-07, "CO2_Emissions": 4.073250329405246e-08, "_wandb": {"runtime": 25}}