{"mse_TEDA": 2.1599298382922822e-07, "_timestamp": 1679875016.7389252, "_runtime": 26.42876625061035, "_step": 0, "Energy_Consumed": 5.370920607199675e-07, "Energy_RAM": 5.073617320097886e-08, "Energy_GPU": 0, "Energy_CPU": 4.863558875189887e-07, "CO2_Emissions": 6.609883454159593e-08, "_wandb": {"runtime": 25}}