{"mse_cnn": 5.007647733509982e-07, "_timestamp": 1680037552.3548996, "_runtime": 77.21186757087708, "_step": 0, "Energy_Consumed": 0.00022496969522432564, "Energy_RAM": 2.1251666625964086e-05, "Energy_GPU": 0, "Energy_CPU": 0.00020371802859836156, "CO2_Emissions": 2.7686565765974155e-05, "_wandb": {"runtime": 76}}