{"mse_TEDA": 2.8530998822998015e-07, "_timestamp": 1679975258.714807, "_runtime": 24.795774936676025, "_step": 0, "Energy_Consumed": 3.3367568173932547e-07, "Energy_RAM": 3.152053143177606e-08, "Energy_GPU": 0, "Energy_CPU": 3.021551503075494e-07, "CO2_Emissions": 4.106479185016547e-08, "_wandb": {"runtime": 23}}