{"mse_TEDA": 8.625255964128395e-08, "_timestamp": 1679987305.4836028, "_runtime": 26.122018814086914, "_step": 0, "Energy_Consumed": 6.040463130010368e-07, "Energy_RAM": 5.7060978180819204e-08, "Energy_GPU": 0, "Energy_CPU": 5.469853348202176e-07, "CO2_Emissions": 7.433875906673263e-08, "_wandb": {"runtime": 25}}