{"mse_TEDA": 6.878433702834938e-07, "_timestamp": 1679880390.4207263, "_runtime": 27.953697204589844, "_step": 0, "Energy_Consumed": 5.097312384438939e-07, "Energy_RAM": 4.815154475560727e-08, "Energy_GPU": 0, "Energy_CPU": 4.615796936882866e-07, "CO2_Emissions": 6.273159343562259e-08, "_wandb": {"runtime": 26}}