{"mse_TEDA": 3.283249103288635e-07, "_timestamp": 1679859812.7297356, "_runtime": 31.07194757461548, "_step": 0, "Energy_Consumed": 3.731544342465693e-07, "Energy_RAM": 3.524987500516848e-08, "Energy_GPU": 0, "Energy_CPU": 3.3790455924140084e-07, "CO2_Emissions": 4.5923362141424125e-08, "_wandb": {"runtime": 29}}