{"mse_TEDA": 2.015614159384372e-07, "_timestamp": 1679877444.5603023, "_runtime": 27.314800262451172, "_step": 0, "Energy_Consumed": 3.354787806102245e-07, "Energy_RAM": 3.169086040012795e-08, "Energy_GPU": 0, "Energy_CPU": 3.0378792021009654e-07, "CO2_Emissions": 4.128669558445253e-08, "_wandb": {"runtime": 26}}