{"mse_TEDA": 4.36027399920611e-07, "_timestamp": 1679968946.4763062, "_runtime": 24.964880228042603, "_step": 0, "Energy_Consumed": 3.337217575196721e-07, "Energy_RAM": 3.152488396077994e-08, "Energy_GPU": 0, "Energy_CPU": 3.0219687355889217e-07, "CO2_Emissions": 4.1070462303341456e-08, "_wandb": {"runtime": 24}}