{"mse_TEDA": 6.8403375244195e-07, "_timestamp": 1679992103.2822697, "_runtime": 24.61839270591736, "_step": 0, "Energy_Consumed": 3.2829915012598576e-07, "Energy_RAM": 3.101263965845646e-08, "Energy_GPU": 0, "Energy_CPU": 2.972865104675293e-07, "CO2_Emissions": 4.040311296956274e-08, "_wandb": {"runtime": 23}}