{"mse_TEDA": 5.640981630024597e-07, "_timestamp": 1679858996.2430594, "_runtime": 31.91956639289856, "_step": 0, "Energy_Consumed": 3.619713304033212e-07, "Energy_RAM": 3.4193467854493065e-08, "Energy_GPU": 0, "Energy_CPU": 3.2777786254882813e-07, "CO2_Emissions": 4.454708015057611e-08, "_wandb": {"runtime": 30}}