{"mse_TEDA": 6.399721018054589e-08, "_timestamp": 1679984034.0524693, "_runtime": 24.870702266693115, "_step": 0, "Energy_Consumed": 3.3383336329873406e-07, "Energy_RAM": 3.153542675325601e-08, "Energy_GPU": 0, "Energy_CPU": 3.02297936545478e-07, "CO2_Emissions": 4.108419740103441e-08, "_wandb": {"runtime": 24}}