{"mse_TEDA": 2.97245177809236e-07, "_timestamp": 1678933244.5142586, "_runtime": 26.357999563217163, "_step": 0, "Energy_Consumed": 4.5999601723148473e-07, "Energy_RAM": 4.345332822595083e-08, "Energy_GPU": 0, "Energy_CPU": 4.165426890055339e-07, "CO2_Emissions": 5.661078026738861e-08, "_wandb": {"runtime": 25}}