{"mse_TEDA": 9.49519008792953e-08, "_timestamp": 1679873022.462664, "_runtime": 32.441449880599976, "_step": 0, "Energy_Consumed": 3.7836202133197125e-07, "Energy_RAM": 3.5741807505473844e-08, "Energy_GPU": 0, "Energy_CPU": 3.426202138264974e-07, "CO2_Emissions": 4.656424936038156e-08, "_wandb": {"runtime": 31}}