{"mse_TEDA": 2.826117656150432e-07, "_timestamp": 1678933169.756683, "_runtime": 27.045307159423828, "_step": 0, "Energy_Consumed": 5.917031233992828e-07, "Energy_RAM": 5.589498402211272e-08, "Energy_GPU": 0, "Energy_CPU": 5.358081393771701e-07, "CO2_Emissions": 7.281970766592024e-08, "_wandb": {"runtime": 26}}