{"mse_TEDA": 3.344591448840102e-07, "_timestamp": 1678935915.2627575, "_runtime": 27.596453428268433, "_step": 0, "Energy_Consumed": 3.160378730226259e-07, "Energy_RAM": 2.9854383329090224e-08, "Energy_GPU": 0, "Energy_CPU": 2.861834896935357e-07, "CO2_Emissions": 3.889414237439655e-08, "_wandb": {"runtime": 26}}