{"mse_TEDA": 1.5092892118735569e-07, "_timestamp": 1679979884.3483405, "_runtime": 28.543166399002075, "_step": 0, "Energy_Consumed": 3.354716132666151e-07, "Energy_RAM": 3.169018334006069e-08, "Energy_GPU": 0, "Energy_CPU": 3.037814299265544e-07, "CO2_Emissions": 4.1285813513958496e-08, "_wandb": {"runtime": 27}}