{"mse_TEDA": 7.597062108242906e-08, "_timestamp": 1678943086.1085317, "_runtime": 26.83686065673828, "_step": 0, "Energy_Consumed": 4.160018382502686e-07, "Energy_RAM": 3.929743681017802e-08, "Energy_GPU": 0, "Energy_CPU": 3.767044014400906e-07, "CO2_Emissions": 5.1196505564882934e-08, "_wandb": {"runtime": 26}}