{"mse_TEDA": 7.505154025744124e-08, "_timestamp": 1679987889.0321488, "_runtime": 26.76415491104126, "_step": 0, "Energy_Consumed": 3.2917290925979617e-07, "Energy_RAM": 2.5355319182078044e-08, "Energy_GPU": 0, "Energy_CPU": 3.038175900777181e-07, "CO2_Emissions": 4.051064474044299e-08, "_wandb": {"runtime": 25}}