{"mse_TEDA": 3.9627520712701074e-08, "_timestamp": 1679986495.446379, "_runtime": 27.432387828826904, "_step": 0, "Energy_Consumed": 3.356528446693119e-07, "Energy_RAM": 3.1707303287475956e-08, "Energy_GPU": 0, "Energy_CPU": 3.0394554138183593e-07, "CO2_Emissions": 4.1308117296450715e-08, "_wandb": {"runtime": 26}}