{"mse_TEDA": 1.2034514673626365e-07, "_timestamp": 1679983165.4584684, "_runtime": 24.78977131843567, "_step": 0, "Energy_Consumed": 3.3370435111376334e-07, "Energy_RAM": 3.152323967204514e-08, "Energy_GPU": 0, "Energy_CPU": 3.021811114417182e-07, "CO2_Emissions": 4.106832013214163e-08, "_wandb": {"runtime": 23}}