{"mse_TEDA": 4.2431047665081173e-07, "_timestamp": 1679855047.4199588, "_runtime": 31.910127878189087, "_step": 0, "Energy_Consumed": 3.649113862449364e-07, "Energy_RAM": 3.408494479799629e-08, "Energy_GPU": 0, "Energy_CPU": 3.308264414469401e-07, "CO2_Emissions": 4.490890688165359e-08, "_wandb": {"runtime": 30}}