{"mse_TEDA": 5.726044749353868e-07, "_timestamp": 1679971020.7634113, "_runtime": 24.513192176818848, "_step": 0, "Energy_Consumed": 3.338313154862741e-07, "Energy_RAM": 3.153523330752251e-08, "Energy_GPU": 0, "Energy_CPU": 3.022960821787516e-07, "CO2_Emissions": 4.108394538089325e-08, "_wandb": {"runtime": 23}}