{"mse_TEDA": 2.8530998822998015e-07, "_timestamp": 1679861353.7002652, "_runtime": 31.66776728630066, "_step": 0, "Energy_Consumed": 3.7934701912515976e-07, "Energy_RAM": 3.583485490329016e-08, "Energy_GPU": 0, "Energy_CPU": 3.435121642218696e-07, "CO2_Emissions": 4.6685471048277164e-08, "_wandb": {"runtime": 30}}