{"mse_TEDA": 4.027292864456868e-08, "_timestamp": 1679871090.5757308, "_runtime": 32.38916087150574, "_step": 0, "Energy_Consumed": 3.37635127130448e-07, "Energy_RAM": 3.189455875750961e-08, "Energy_GPU": 0, "Energy_CPU": 3.0574056837293837e-07, "CO2_Emissions": 4.155207279308886e-08, "_wandb": {"runtime": 31}}