{"mse_TEDA": 3.925904069571106e-07, "_timestamp": 1678933620.7116387, "_runtime": 26.132596731185913, "_step": 0, "Energy_Consumed": 3.456727910353645e-07, "Energy_RAM": 3.265383326152005e-08, "Energy_GPU": 0, "Energy_CPU": 3.1301895777384444e-07, "CO2_Emissions": 4.254125184712264e-08, "_wandb": {"runtime": 25}}