{"mse_RLS": 2.721575539087157e-06, "_timestamp": 1679618023.9915745, "_runtime": 26.629255533218384, "_step": 0, "Energy_Consumed": 1.871649439088843e-07, "Energy_RAM": 1.7313296425906327e-08, "Energy_GPU": 0, "Energy_CPU": 1.6985164748297797e-07, "CO2_Emissions": 2.303401141852048e-08, "_wandb": {"runtime": 25}}