{"mse_TEDA": 3.1758317335685984e-07, "_timestamp": 1678932178.947438, "_runtime": 26.327034950256348, "_step": 0, "Energy_Consumed": 1.2032853862525726e-06, "Energy_RAM": 1.1366784250223343e-07, "Energy_GPU": 0, "Energy_CPU": 1.0896175437503392e-06, "CO2_Emissions": 1.4808590085210368e-07, "_wandb": {"runtime": 25}}