{"mse_TEDA": 1.0824177547949917e-07, "_timestamp": 1679984614.8399715, "_runtime": 25.495494604110718, "_step": 0, "Energy_Consumed": 3.3568765748112936e-07, "Energy_RAM": 3.1710591864945554e-08, "Energy_GPU": 0, "Energy_CPU": 3.039770656161838e-07, "CO2_Emissions": 4.131240163885035e-08, "_wandb": {"runtime": 24}}