{"mse_TEDA": 1.1782135872083598e-06, "_timestamp": 1679879571.0288877, "_runtime": 27.749115705490112, "_step": 0, "Energy_Consumed": 3.3555966920238866e-07, "Energy_RAM": 3.169850150660144e-08, "Energy_GPU": 0, "Energy_CPU": 3.0386116769578724e-07, "CO2_Emissions": 4.129665038002816e-08, "_wandb": {"runtime": 26}}