{"mse_TEDA": 9.837577268991174e-08, "_timestamp": 1678939739.3356178, "_runtime": 29.7704176902771, "_step": 0, "Energy_Consumed": 5.983288206131319e-07, "Energy_RAM": 5.6520877692870884e-08, "Energy_GPU": 0, "Energy_CPU": 5.41807942920261e-07, "CO2_Emissions": 7.363511883262759e-08, "_wandb": {"runtime": 29}}