{"mse_TEDA": 1.6756343235317318e-07, "_timestamp": 1679868410.1938949, "_runtime": 32.342832803726196, "_step": 0, "Energy_Consumed": 3.5476428577074637e-07, "Energy_RAM": 3.3141993570022046e-08, "Energy_GPU": 0, "Energy_CPU": 3.216222922007243e-07, "CO2_Emissions": 4.36601237318499e-08, "_wandb": {"runtime": 31}}