{"mse_TEDA": 2.771151655921683e-06, "_timestamp": 1678950706.1091113, "_runtime": 27.5391263961792, "_step": 0, "Energy_Consumed": 3.3453269125377323e-07, "Energy_RAM": 3.160148847124826e-08, "Energy_GPU": 0, "Energy_CPU": 3.02931202782525e-07, "CO2_Emissions": 4.117026227923888e-08, "_wandb": {"runtime": 26}}