{"mse_TEDA": 7.723220093958628e-07, "_timestamp": 1678927816.6069498, "_runtime": 33.857993841171265, "_step": 0, "Energy_Consumed": 4.697630587587456e-07, "Energy_RAM": 4.4375967651906956e-08, "Energy_GPU": 0, "Energy_CPU": 4.2538709110683866e-07, "CO2_Emissions": 5.781279033062787e-08, "_wandb": {"runtime": 33}}