{"mse_TEDA": 7.765542697356549e-07, "_timestamp": 1679967215.8033931, "_runtime": 31.353729009628296, "_step": 0, "Energy_Consumed": 3.889103033126655e-07, "Energy_RAM": 3.673824647876245e-08, "Energy_GPU": 0, "Energy_CPU": 3.5217205683390304e-07, "CO2_Emissions": 4.7862405107471496e-08, "_wandb": {"runtime": 30}}