{"mse_TEDA": 2.6661478733418994e-07, "_timestamp": 1679874717.0286715, "_runtime": 26.312028408050537, "_step": 0, "Energy_Consumed": 3.47883404585774e-07, "Energy_RAM": 3.286265793083961e-08, "Energy_GPU": 0, "Energy_CPU": 3.150207466549344e-07, "CO2_Emissions": 4.281330758949957e-08, "_wandb": {"runtime": 25}}