{"mse_TEDA": 2.231440145536473e-06, "_timestamp": 1678950669.3734648, "_runtime": 28.657548904418945, "_step": 0, "Energy_Consumed": 3.132303221401698e-07, "Energy_RAM": 2.9589169228453708e-08, "Energy_GPU": 0, "Energy_CPU": 2.8364115291171605e-07, "CO2_Emissions": 3.854862276087291e-08, "_wandb": {"runtime": 27}}