{"mse_TEDA": 3.120971964792153e-07, "_timestamp": 1679975711.6652365, "_runtime": 24.651220560073853, "_step": 0, "Energy_Consumed": 3.337934309557669e-07, "Energy_RAM": 3.153165456145265e-08, "Energy_GPU": 0, "Energy_CPU": 3.0226177639431426e-07, "CO2_Emissions": 4.1079283008281885e-08, "_wandb": {"runtime": 23}}