{"mse_TEDA": 4.3599186515588886e-07, "_timestamp": 1679850759.580945, "_runtime": 29.316649913787842, "_step": 0, "Energy_Consumed": 3.7919548100313077e-07, "Energy_RAM": 3.5820539919010726e-08, "Energy_GPU": 0, "Energy_CPU": 3.4337494108412e-07, "CO2_Emissions": 4.666682155783169e-08, "_wandb": {"runtime": 28}}