{"mse_TEDA": 1.6616677623269712e-07, "_timestamp": 1678938836.280789, "_runtime": 26.261638879776, "_step": 0, "Energy_Consumed": 5.850262308739375e-07, "Energy_RAM": 5.526425420801691e-08, "Energy_GPU": 0, "Energy_CPU": 5.297619766659206e-07, "CO2_Emissions": 7.199799599568403e-08, "_wandb": {"runtime": 25}}