{"mse_TEDA": 9.521856132947309e-08, "_timestamp": 1679985162.514441, "_runtime": 26.822731971740723, "_step": 0, "Energy_Consumed": 3.706755572639192e-07, "Energy_RAM": 3.501570894475966e-08, "Energy_GPU": 0, "Energy_CPU": 3.356598483191596e-07, "CO2_Emissions": 4.561829176055587e-08, "_wandb": {"runtime": 25}}