{"mse_TEDA": 2.97245177809236e-07, "_timestamp": 1679972234.81078, "_runtime": 24.685024976730347, "_step": 0, "Energy_Consumed": 4.6833880519291904e-07, "Energy_RAM": 4.4241426144253644e-08, "Energy_GPU": 0, "Energy_CPU": 4.240973790486654e-07, "CO2_Emissions": 5.76375103224545e-08, "_wandb": {"runtime": 23}}