{"mse_TEDA": 1.6756343235317318e-07, "_timestamp": 1678942147.4860559, "_runtime": 26.49363374710083, "_step": 0, "Energy_Consumed": 3.2815580325379613e-07, "Energy_RAM": 3.0999098457111054e-08, "Energy_GPU": 0, "Energy_CPU": 2.971567047966851e-07, "CO2_Emissions": 4.038547155968188e-08, "_wandb": {"runtime": 25}}