{"mse_TEDA": 1.6907475201990146e-07, "_timestamp": 1679979955.991017, "_runtime": 25.263674020767212, "_step": 0, "Energy_Consumed": 2.683207709894002e-07, "Energy_RAM": 2.534680756980379e-08, "Energy_GPU": 0, "Energy_CPU": 2.429739634195964e-07, "CO2_Emissions": 3.302169505527091e-08, "_wandb": {"runtime": 24}}