{"mse_TEDA": 6.8403375244195e-07, "_timestamp": 1679881245.5926003, "_runtime": 27.78159236907959, "_step": 0, "Energy_Consumed": 3.4846907894929146e-07, "Energy_RAM": 3.291798341062228e-08, "Energy_GPU": 0, "Energy_CPU": 3.1555109553866917e-07, "CO2_Emissions": 4.2885385349869934e-08, "_wandb": {"runtime": 26}}