{"mse_TEDA": 3.0188817169304697e-06, "_timestamp": 1679878879.4671109, "_runtime": 28.578786849975586, "_step": 0, "Energy_Consumed": 3.434703687347944e-07, "Energy_RAM": 3.2445782375134516e-08, "Energy_GPU": 0, "Energy_CPU": 3.110245863596599e-07, "CO2_Emissions": 4.2270204185310334e-08, "_wandb": {"runtime": 27}}