{"mse_TEDA": 1.5894740975530397e-07, "_timestamp": 1678943347.6433268, "_runtime": 27.691747665405273, "_step": 0, "Energy_Consumed": 3.430003406366369e-07, "Energy_RAM": 3.204622021257819e-08, "Energy_GPU": 0, "Energy_CPU": 3.109541204240587e-07, "CO2_Emissions": 4.2212358777116495e-08, "_wandb": {"runtime": 26}}