{"mse_TEDA": 1.8553967270433175e-07, "_timestamp": 1679974953.6936545, "_runtime": 24.858060598373413, "_step": 0, "Energy_Consumed": 6.155929035559085e-07, "Energy_RAM": 5.815172194919191e-08, "Energy_GPU": 0, "Energy_CPU": 5.574411816067166e-07, "CO2_Emissions": 7.575977463263569e-08, "_wandb": {"runtime": 23}}