{"mse_TEDA": 4.84106952368441e-07, "_timestamp": 1679849995.780759, "_runtime": 30.584185123443604, "_step": 0, "Energy_Consumed": 3.845996996689236e-07, "Energy_RAM": 3.5975973565882667e-08, "Energy_GPU": 0, "Energy_CPU": 3.486237261030409e-07, "CO2_Emissions": 4.733190782802902e-08, "_wandb": {"runtime": 29}}