{"mse_TEDA": 1.624467405382093e-07, "_timestamp": 1679979547.408365, "_runtime": 25.93641209602356, "_step": 0, "Energy_Consumed": 3.3381390908036547e-07, "Energy_RAM": 3.153358901878771e-08, "Energy_GPU": 0, "Energy_CPU": 3.0228032006157773e-07, "CO2_Emissions": 4.108180320969344e-08, "_wandb": {"runtime": 24}}