{"mse_TEDA": 2.9528468217726104e-07, "_timestamp": 1679976510.1871176, "_runtime": 24.323031663894653, "_step": 0, "Energy_Consumed": 2.6840985083140365e-07, "Energy_RAM": 2.535522245921129e-08, "Energy_GPU": 0, "Energy_CPU": 2.4305462837219237e-07, "CO2_Emissions": 3.3032657931411155e-08, "_wandb": {"runtime": 23}}