{"mse_TEDA": 5.314871441326004e-07, "_timestamp": 1679851382.7468014, "_runtime": 30.76752734184265, "_step": 0, "Energy_Consumed": 3.687035138650825e-07, "Energy_RAM": 3.482942070339353e-08, "Energy_GPU": 0, "Energy_CPU": 3.3387409316168894e-07, "CO2_Emissions": 4.5375596364623516e-08, "_wandb": {"runtime": 29}}