{"mse_TEDA": 1.6633253738432743e-07, "_timestamp": 1679980780.040741, "_runtime": 25.468289852142334, "_step": 0, "Energy_Consumed": 2.6839346833172485e-07, "Energy_RAM": 2.5353674893343245e-08, "Energy_GPU": 0, "Energy_CPU": 2.430397934383816e-07, "CO2_Emissions": 3.3030641770281917e-08, "_wandb": {"runtime": 24}}