{"mse_TEDA": 1.1782135872083598e-06, "_timestamp": 1679880003.701659, "_runtime": 26.55724787712097, "_step": 0, "Energy_Consumed": 5.184610629602402e-07, "Energy_RAM": 4.8976203917542686e-08, "Energy_GPU": 0, "Energy_CPU": 4.694848590426975e-07, "CO2_Emissions": 6.38059552973668e-08, "_wandb": {"runtime": 25}}