{"mse_TEDA": 1.2063659772341954e-07, "_timestamp": 1679987734.5296686, "_runtime": 25.808456659317017, "_step": 0, "Energy_Consumed": 2.684037073940241e-07, "Energy_RAM": 2.5354642122010774e-08, "Energy_GPU": 0, "Energy_CPU": 2.4304906527201335e-07, "CO2_Emissions": 3.3031901870987687e-08, "_wandb": {"runtime": 24}}