{"mse_TEDA": 1.8484462114278483e-07, "_timestamp": 1679979250.4919224, "_runtime": 24.872066259384155, "_step": 0, "Energy_Consumed": 4.0259378616939206e-07, "Energy_RAM": 3.8030850870048503e-08, "Energy_GPU": 0, "Energy_CPU": 3.6456293529934354e-07, "CO2_Emissions": 4.9546403690669896e-08, "_wandb": {"runtime": 23}}