{"mse_TEDA": 1.1843274371432523e-07, "_timestamp": 1679869679.0690942, "_runtime": 31.885942220687866, "_step": 0, "Energy_Consumed": 3.504616004727268e-07, "Energy_RAM": 3.310620610932347e-08, "Energy_GPU": 0, "Energy_CPU": 3.1735539436340334e-07, "CO2_Emissions": 4.313060094721385e-08, "_wandb": {"runtime": 31}}