{"mse_TEDA": 8.781012139508896e-08, "_timestamp": 1678944691.2465436, "_runtime": 28.22736358642578, "_step": 0, "Energy_Consumed": 3.7577358638271915e-07, "Energy_RAM": 3.549729209832246e-08, "Energy_GPU": 0, "Energy_CPU": 3.402762942843967e-07, "CO2_Emissions": 4.62456959019615e-08, "_wandb": {"runtime": 27}}