{"mse_TEDA": 6.43693829740448e-07, "_timestamp": 1679850371.180497, "_runtime": 30.62134885787964, "_step": 0, "Energy_Consumed": 3.7933575615663054e-07, "Energy_RAM": 3.5833790951755873e-08, "Energy_GPU": 0, "Energy_CPU": 3.4350196520487467e-07, "CO2_Emissions": 4.668408493750081e-08, "_wandb": {"runtime": 29}}