{"mse_TEDA": 1.1745897257854977e-07, "_timestamp": 1679985085.7360253, "_runtime": 25.544387340545654, "_step": 0, "Energy_Consumed": 3.348081220296232e-07, "Energy_RAM": 3.162750692240479e-08, "Energy_GPU": 0, "Energy_CPU": 3.0318061510721844e-07, "CO2_Emissions": 4.1204158988224234e-08, "_wandb": {"runtime": 24}}