{"mse_TEDA": 3.659921736121526e-07, "_timestamp": 1679857982.946431, "_runtime": 31.617350816726685, "_step": 0, "Energy_Consumed": 3.6956257119199007e-07, "Energy_RAM": 3.491057118859923e-08, "Energy_GPU": 0, "Energy_CPU": 3.3465200000339083e-07, "CO2_Emissions": 4.5481318813838074e-08, "_wandb": {"runtime": 30}}