{"mse_TEDA": 6.43074787738646e-07, "_timestamp": 1678929956.3900266, "_runtime": 25.939306497573853, "_step": 0, "Energy_Consumed": 3.354654698292355e-07, "Energy_RAM": 3.168960300286017e-08, "Energy_GPU": 0, "Energy_CPU": 3.0377586682637537e-07, "CO2_Emissions": 4.128505745353503e-08, "_wandb": {"runtime": 25}}