{"mse_TEDA": 1.7697736826487956e-07, "_timestamp": 1679876066.7800987, "_runtime": 26.282667636871338, "_step": 0, "Energy_Consumed": 4.729955307266209e-07, "Energy_RAM": 4.468132174224593e-08, "Energy_GPU": 0, "Energy_CPU": 4.2831420898437497e-07, "CO2_Emissions": 5.82106041234412e-08, "_wandb": {"runtime": 25}}