{"mse_TEDA": 8.763607582556463e-08, "_timestamp": 1679875102.7331116, "_runtime": 27.812824726104736, "_step": 0, "Energy_Consumed": 3.225069125832963e-07, "Energy_RAM": 3.046547840123518e-08, "Energy_GPU": 0, "Energy_CPU": 2.920414341820611e-07, "CO2_Emissions": 3.969027400030553e-08, "_wandb": {"runtime": 26}}