{"mse_TEDA": 1.340069096915105e-07, "_timestamp": 1679986568.6159215, "_runtime": 26.19639253616333, "_step": 0, "Energy_Consumed": 4.010599746369634e-07, "Energy_RAM": 3.7885960015652626e-08, "Energy_GPU": 0, "Energy_CPU": 3.631740146213108e-07, "CO2_Emissions": 4.9357640604944726e-08, "_wandb": {"runtime": 25}}