{"mse_TEDA": 5.299969110105931e-07, "_timestamp": 1678931129.8028955, "_runtime": 26.45867943763733, "_step": 0, "Energy_Consumed": 2.8302508835736265e-07, "Energy_RAM": 2.6735844659242502e-08, "Energy_GPU": 0, "Energy_CPU": 2.5628924369812014e-07, "CO2_Emissions": 3.483132567883514e-08, "_wandb": {"runtime": 25}}