{"mse_TEDA": 1.3058802204586247e-07, "_timestamp": 1679874416.9306972, "_runtime": 27.10503315925598, "_step": 0, "Energy_Consumed": 3.4293964146336804e-07, "Energy_RAM": 2.6631964300349864e-08, "Energy_GPU": 0, "Energy_CPU": 3.1630767716301816e-07, "CO2_Emissions": 4.220488865252495e-08, "_wandb": {"runtime": 26}}