{"mse_TEDA": 6.856411086634167e-07, "_timestamp": 1678952031.101265, "_runtime": 26.931371927261353, "_step": 0, "Energy_Consumed": 3.484772701991309e-07, "Energy_RAM": 3.291875719355631e-08, "Energy_GPU": 0, "Energy_CPU": 3.155585130055746e-07, "CO2_Emissions": 4.2886393430434556e-08, "_wandb": {"runtime": 26}}