{"mse_TEDA": 3.659921736121526e-07, "_timestamp": 1679972458.1874855, "_runtime": 24.14945936203003, "_step": 0, "Energy_Consumed": 3.534032830713032e-07, "Energy_RAM": 3.338409090550461e-08, "Energy_GPU": 0, "Energy_CPU": 3.200191921657986e-07, "CO2_Emissions": 4.349262787998315e-08, "_wandb": {"runtime": 23}}