{"mse_TEDA": 7.765542697356549e-07, "_timestamp": 1678928192.7895348, "_runtime": 25.513171911239624, "_step": 0, "Energy_Consumed": 2.6854807817244365e-07, "Energy_RAM": 2.5368280046222938e-08, "Energy_GPU": 0, "Energy_CPU": 2.431797981262207e-07, "CO2_Emissions": 3.304966929093913e-08, "_wandb": {"runtime": 24}}