{"mse_TEDA": 1.3132938306540294e-07, "_timestamp": 1679980030.6468773, "_runtime": 25.418445348739624, "_step": 0, "Energy_Consumed": 3.7685790308021044e-07, "Energy_RAM": 3.55997216142138e-08, "Energy_GPU": 0, "Energy_CPU": 3.4125818146599665e-07, "CO2_Emissions": 4.637914056670313e-08, "_wandb": {"runtime": 24}}