{"mse_TEDA": 4.7663187927950593e-07, "_timestamp": 1679857597.8340378, "_runtime": 31.15161681175232, "_step": 0, "Energy_Consumed": 3.8065659519323464e-07, "Energy_RAM": 3.595856344986714e-08, "Energy_GPU": 0, "Energy_CPU": 3.446980317433675e-07, "CO2_Emissions": 4.684663792854585e-08, "_wandb": {"runtime": 30}}