{"mse_TEDA": 4.498377748461174e-07, "_timestamp": 1678931503.6214693, "_runtime": 26.041011333465576, "_step": 0, "Energy_Consumed": 3.3410879407458404e-07, "Energy_RAM": 3.156144520441255e-08, "Energy_GPU": 0, "Energy_CPU": 3.025473488701715e-07, "CO2_Emissions": 4.1118094110019774e-08, "_wandb": {"runtime": 25}}