{"mse_TEDA": 4.84106952368441e-07, "_timestamp": 1679967346.6937613, "_runtime": 33.550671339035034, "_step": 0, "Energy_Consumed": 3.8221702828764133e-07, "Energy_RAM": 3.61059690987986e-08, "Energy_GPU": 0, "Energy_CPU": 3.4611105918884276e-07, "CO2_Emissions": 4.7038677276106034e-08, "_wandb": {"runtime": 32}}