{"mse_TEDA": 2.461858721175388e-07, "_timestamp": 1679988811.025925, "_runtime": 27.26271080970764, "_step": 0, "Energy_Consumed": 3.337606659564093e-07, "Energy_RAM": 3.1528559429716555e-08, "Energy_GPU": 0, "Energy_CPU": 3.022321065266927e-07, "CO2_Emissions": 4.10752506860234e-08, "_wandb": {"runtime": 26}}