{"mse_TEDA": 4.133140111499504e-07, "_timestamp": 1678934902.7131774, "_runtime": 27.684208393096924, "_step": 0, "Energy_Consumed": 3.3374121173804063e-07, "Energy_RAM": 3.1526721695248245e-08, "Energy_GPU": 0, "Energy_CPU": 3.022144900427924e-07, "CO2_Emissions": 4.107285649468242e-08, "_wandb": {"runtime": 26}}