{"mse_TEDA": 2.6153865185973593e-07, "_timestamp": 1679880304.4348707, "_runtime": 27.734848737716675, "_step": 0, "Energy_Consumed": 6.033684870768259e-07, "Energy_RAM": 5.6996947643028765e-08, "Energy_GPU": 0, "Energy_CPU": 5.463715394337972e-07, "CO2_Emissions": 7.425534040001029e-08, "_wandb": {"runtime": 26}}