{"mse_TEDA": 7.161508027641367e-08, "_timestamp": 1679870404.3465333, "_runtime": 32.461220264434814, "_step": 0, "Energy_Consumed": 4.1006113430423993e-07, "Energy_RAM": 3.8736250737277565e-08, "Energy_GPU": 0, "Energy_CPU": 3.7132488356696235e-07, "CO2_Emissions": 5.046539513539198e-08, "_wandb": {"runtime": 31}}