{"mse_TEDA": 1.4823288888986742e-07, "_timestamp": 1679979138.0309591, "_runtime": 25.559925079345703, "_step": 0, "Energy_Consumed": 3.3371970970721227e-07, "Energy_RAM": 3.152469051504644e-08, "Energy_GPU": 0, "Energy_CPU": 3.021950191921658e-07, "CO2_Emissions": 4.10702102832003e-08, "_wandb": {"runtime": 24}}