{"mse_TEDA": 4.4877618016124663e-07, "_timestamp": 1678931878.830251, "_runtime": 25.700196027755737, "_step": 0, "Energy_Consumed": 3.5107492030445227e-07, "Energy_RAM": 3.316414310650847e-08, "Energy_GPU": 0, "Energy_CPU": 3.179107771979438e-07, "CO2_Emissions": 4.32060809794898e-08, "_wandb": {"runtime": 24}}