{"mse_TEDA": 7.505154025744124e-08, "_timestamp": 1679988094.0917277, "_runtime": 27.347680807113647, "_step": 0, "Energy_Consumed": 2.685378391101444e-07, "Energy_RAM": 2.5367312817555408e-08, "Energy_GPU": 0, "Energy_CPU": 2.43170526292589e-07, "CO2_Emissions": 3.304840919023335e-08, "_wandb": {"runtime": 26}}