{"mse_TEDA": 1.5092892118735569e-07, "_timestamp": 1678940866.8167434, "_runtime": 26.33185648918152, "_step": 0, "Energy_Consumed": 3.310053342916793e-07, "Energy_RAM": 3.126827819528444e-08, "Energy_GPU": 0, "Energy_CPU": 2.9973705609639486e-07, "CO2_Emissions": 4.073615758609921e-08, "_wandb": {"runtime": 25}}