{"mse_TEDA": 3.971358748024236e-06, "_timestamp": 1679879137.60773, "_runtime": 27.984972953796387, "_step": 0, "Energy_Consumed": 3.8196821907376945e-07, "Energy_RAM": 3.608246544217764e-08, "Energy_GPU": 0, "Energy_CPU": 3.458857536315918e-07, "CO2_Emissions": 4.7008056828955694e-08, "_wandb": {"runtime": 26}}