{"mse_TEDA": 2.8221495744486707e-07, "_timestamp": 1678932253.6847181, "_runtime": 25.935570240020752, "_step": 0, "Energy_Consumed": 5.022915357772541e-07, "Energy_RAM": 4.744875640578054e-08, "Energy_GPU": 0, "Energy_CPU": 4.5484277937147354e-07, "CO2_Emissions": 6.181600426280611e-08, "_wandb": {"runtime": 25}}