{"mse_TEDA": 2.880448796749471e-07, "_timestamp": 1678938274.4122055, "_runtime": 27.022852420806885, "_step": 0, "Energy_Consumed": 3.354163223301991e-07, "Energy_RAM": 3.168496030525603e-08, "Energy_GPU": 0, "Energy_CPU": 3.0373136202494305e-07, "CO2_Emissions": 4.1279008970147305e-08, "_wandb": {"runtime": 26}}