{"mse_TEDA": 4.84106952368441e-07, "_timestamp": 1678928305.4658675, "_runtime": 25.38152050971985, "_step": 0, "Energy_Consumed": 3.336111756468401e-07, "Energy_RAM": 3.151443789117063e-08, "Energy_GPU": 0, "Energy_CPU": 3.020967377556695e-07, "CO2_Emissions": 4.105685321571907e-08, "_wandb": {"runtime": 24}}