{"mse_TEDA": 1.813331324792854e-06, "_timestamp": 1679878525.0756278, "_runtime": 26.81160569190979, "_step": 0, "Energy_Consumed": 3.3423780625955465e-07, "Energy_RAM": 3.157363228562342e-08, "Energy_GPU": 0, "Energy_CPU": 3.026641739739312e-07, "CO2_Emissions": 4.113397137891254e-08, "_wandb": {"runtime": 25}}