{"mse_TEDA": 1.1745897257854977e-07, "_timestamp": 1678946310.1663659, "_runtime": 27.351794958114624, "_step": 0, "Energy_Consumed": 2.683750380195862e-07, "Energy_RAM": 2.5351933881741693e-08, "Energy_GPU": 0, "Energy_CPU": 2.430231041378445e-07, "CO2_Emissions": 3.302837358901152e-08, "_wandb": {"runtime": 26}}