{"mse_TEDA": 8.776988117495086e-08, "_timestamp": 1678947783.0374975, "_runtime": 26.916837453842163, "_step": 0, "Energy_Consumed": 3.781500727423766e-07, "Energy_RAM": 3.572178587205599e-08, "Energy_GPU": 0, "Energy_CPU": 3.4242828687032064e-07, "CO2_Emissions": 4.6538165275771997e-08, "_wandb": {"runtime": 26}}