{"mse_TEDA": 4.25198230073523e-07, "_timestamp": 1678932817.2084148, "_runtime": 26.376303911209106, "_step": 0, "Energy_Consumed": 3.3551154560958215e-07, "Energy_RAM": 3.1693955531864046e-08, "Energy_GPU": 0, "Energy_CPU": 3.038175900777181e-07, "CO2_Emissions": 4.1290727906711015e-08, "_wandb": {"runtime": 25}}