{"mse_TEDA": 1.3132938306540294e-07, "_timestamp": 1678941016.7719562, "_runtime": 27.193827152252197, "_step": 0, "Energy_Consumed": 3.999101279407569e-07, "Energy_RAM": 3.7777340236289096e-08, "Energy_GPU": 0, "Energy_CPU": 3.621327877044678e-07, "CO2_Emissions": 4.921613129568613e-08, "_wandb": {"runtime": 26}}