{"mse_TEDA": 6.878433702834938e-07, "_timestamp": 1679991368.5264392, "_runtime": 23.19938015937805, "_step": 0, "Energy_Consumed": 4.679927248872041e-07, "Energy_RAM": 4.420873381529115e-08, "Energy_GPU": 0, "Energy_CPU": 4.2378399107191296e-07, "CO2_Emissions": 5.759491891859928e-08, "_wandb": {"runtime": 22}}