{"mse_TEDA": 2.9003527828683703e-08, "_timestamp": 1679988053.9215543, "_runtime": 26.639572381973267, "_step": 0, "Energy_Consumed": 6.739094828813248e-07, "Energy_RAM": 6.366057282510459e-08, "Energy_GPU": 0, "Energy_CPU": 6.102489100562202e-07, "CO2_Emissions": 8.293667820238015e-08, "_wandb": {"runtime": 25}}