{"mse_TEDA": 2.3432541077712378e-07, "_timestamp": 1679877104.5289714, "_runtime": 29.671578407287598, "_step": 0, "Energy_Consumed": 5.720891756588269e-07, "Energy_RAM": 5.4042160786593745e-08, "Energy_GPU": 0, "Energy_CPU": 5.180470148722332e-07, "CO2_Emissions": 7.040585875393667e-08, "_wandb": {"runtime": 28}}