{"mse_TEDA": 9.491098458477584e-08, "_timestamp": 1679982741.884466, "_runtime": 24.731071949005127, "_step": 0, "Energy_Consumed": 3.3538765295576116e-07, "Energy_RAM": 3.168225206498695e-08, "Energy_GPU": 0, "Energy_CPU": 3.037054008907742e-07, "CO2_Emissions": 4.127548068817113e-08, "_wandb": {"runtime": 23}}