{"mse_TEDA": 1.4210775366400556e-07, "_timestamp": 1679870307.0646245, "_runtime": 31.950719594955444, "_step": 0, "Energy_Consumed": 5.549520570885609e-07, "Energy_RAM": 5.2423310165750086e-08, "Energy_GPU": 0, "Energy_CPU": 5.025287469228109e-07, "CO2_Emissions": 6.829682820268018e-08, "_wandb": {"runtime": 31}}