{"mse_TEDA": 4.25198230073523e-07, "_timestamp": 1678933003.9567435, "_runtime": 25.934094429016113, "_step": 0, "Energy_Consumed": 3.3375861814394945e-07, "Energy_RAM": 3.152836598398305e-08, "Energy_GPU": 0, "Energy_CPU": 3.022302521599664e-07, "CO2_Emissions": 4.107499866588225e-08, "_wandb": {"runtime": 25}}