{"mse_TEDA": 4.3599186515588886e-07, "_timestamp": 1679967173.4947648, "_runtime": 32.06995487213135, "_step": 0, "Energy_Consumed": 4.0123711041474053e-07, "Energy_RAM": 3.790269307160088e-08, "Energy_GPU": 0, "Energy_CPU": 3.6333441734313966e-07, "CO2_Emissions": 4.937944034715464e-08, "_wandb": {"runtime": 31}}