{"mse_TEDA": 3.344591448840102e-07, "_timestamp": 1679860150.9838073, "_runtime": 31.903768301010132, "_step": 0, "Energy_Consumed": 3.6104674307769834e-07, "Energy_RAM": 3.410612710581518e-08, "Energy_GPU": 0, "Energy_CPU": 3.2694061597188316e-07, "CO2_Emissions": 4.443329305684458e-08, "_wandb": {"runtime": 30}}