{"mse_TEDA": 7.574268957066259e-08, "_timestamp": 1679981716.016534, "_runtime": 25.449645042419434, "_step": 0, "Energy_Consumed": 3.284353296545659e-07, "Energy_RAM": 3.10255037997346e-08, "Energy_GPU": 0, "Energy_CPU": 2.974098258548313e-07, "CO2_Emissions": 4.041987230894955e-08, "_wandb": {"runtime": 24}}