{"mse_TEDA": 2.600689140277876e-07, "_timestamp": 1679880732.6676857, "_runtime": 28.02916979789734, "_step": 0, "Energy_Consumed": 3.303121497740196e-07, "Energy_RAM": 3.1202796814492714e-08, "Energy_GPU": 0, "Energy_CPU": 2.9910935295952693e-07, "CO2_Emissions": 4.0650848768318204e-08, "_wandb": {"runtime": 27}}