{"mse_TEDA": 9.892783858873526e-07, "_timestamp": 1678952500.2774076, "_runtime": 26.694957733154297, "_step": 0, "Energy_Consumed": 3.5713951690430203e-07, "Energy_RAM": 3.373703264628603e-08, "Energy_GPU": 0, "Energy_CPU": 3.23402484258016e-07, "CO2_Emissions": 4.395243862752065e-08, "_wandb": {"runtime": 25}}