{"mse_TEDA": 3.0188817169304697e-06, "_timestamp": 1678951134.0711513, "_runtime": 27.605875253677368, "_step": 0, "Energy_Consumed": 2.8784051935670304e-07, "Energy_RAM": 2.7190732301581497e-08, "Energy_GPU": 0, "Energy_CPU": 2.6064978705512153e-07, "CO2_Emissions": 3.542395104076136e-08, "_wandb": {"runtime": 26}}