{"mse_TEDA": 4.7663187927950593e-07, "_timestamp": 1679972533.7090118, "_runtime": 24.966991901397705, "_step": 0, "Energy_Consumed": 3.5973409529093357e-07, "Energy_RAM": 3.398212839063793e-08, "Energy_GPU": 0, "Energy_CPU": 3.2575196690029565e-07, "CO2_Emissions": 4.427174814636415e-08, "_wandb": {"runtime": 24}}