{"mse_TEDA": 3.8800248691536743e-07, "_timestamp": 1679985698.2733061, "_runtime": 25.704615116119385, "_step": 0, "Energy_Consumed": 3.33737116113121e-07, "Energy_RAM": 3.1526334803781236e-08, "Energy_GPU": 0, "Energy_CPU": 3.0221078130933975e-07, "CO2_Emissions": 4.1072352454400114e-08, "_wandb": {"runtime": 24}}