{"mse_TEDA": 2.501534567731034e-07, "_timestamp": 1679978492.5551884, "_runtime": 25.3879714012146, "_step": 0, "Energy_Consumed": 3.405020645742399e-07, "Energy_RAM": 3.216538278441779e-08, "Energy_GPU": 0, "Energy_CPU": 3.0833668178982206e-07, "CO2_Emissions": 4.1904900990706006e-08, "_wandb": {"runtime": 24}}