{"mse_TEDA": 1.4413738538940702e-07, "_timestamp": 1679865414.6604247, "_runtime": 31.98428177833557, "_step": 0, "Energy_Consumed": 5.825780710781853e-07, "Energy_RAM": 5.503298983361068e-08, "Energy_GPU": 0, "Energy_CPU": 5.275450812445746e-07, "CO2_Emissions": 7.16967059169331e-08, "_wandb": {"runtime": 31}}