{"mse_TEDA": 8.480312515121686e-07, "_timestamp": 1679991183.0755246, "_runtime": 24.308185577392578, "_step": 0, "Energy_Consumed": 2.6854807817244365e-07, "Energy_RAM": 2.5368280046222938e-08, "Energy_GPU": 0, "Energy_CPU": 2.431797981262207e-07, "CO2_Emissions": 3.304966929093913e-08, "_wandb": {"runtime": 23}}