{"mse_TEDA": 4.803617166548283e-07, "_timestamp": 1679853596.9869297, "_runtime": 31.375733613967896, "_step": 0, "Energy_Consumed": 4.2180226704279755e-07, "Energy_RAM": 3.9845371850333325e-08, "Energy_GPU": 0, "Energy_CPU": 3.8195689519246423e-07, "CO2_Emissions": 5.191035261470477e-08, "_wandb": {"runtime": 30}}