{"mse_TEDA": 3.5403782990587245e-08, "_timestamp": 1679984184.2535818, "_runtime": 24.6121027469635, "_step": 0, "Energy_Consumed": 2.6668559274020887e-07, "Energy_RAM": 2.5192341151599374e-08, "Energy_GPU": 0, "Energy_CPU": 2.414932515886095e-07, "CO2_Emissions": 3.282045697255856e-08, "_wandb": {"runtime": 23}}