{"mse_TEDA": 2.3297299017873242e-07, "_timestamp": 1678949766.5673165, "_runtime": 26.635558605194092, "_step": 0, "Energy_Consumed": 3.236608549044225e-07, "Energy_RAM": 3.057448507206573e-08, "Energy_GPU": 0, "Energy_CPU": 2.930863698323568e-07, "CO2_Emissions": 3.983228734984643e-08, "_wandb": {"runtime": 25}}