{"mse_TEDA": 5.726044749353868e-07, "_timestamp": 1679855383.9123788, "_runtime": 31.139774799346924, "_step": 0, "Energy_Consumed": 3.63971019270366e-07, "Energy_RAM": 3.4382367613261526e-08, "Energy_GPU": 0, "Energy_CPU": 3.295886516571045e-07, "CO2_Emissions": 4.479317781841406e-08, "_wandb": {"runtime": 30}}