{"mse_TEDA": 4.36027399920611e-07, "_timestamp": 1679968760.7419767, "_runtime": 25.464167833328247, "_step": 0, "Energy_Consumed": 3.3381800470528513e-07, "Energy_RAM": 3.153397591025472e-08, "Energy_GPU": 0, "Energy_CPU": 3.022840287950304e-07, "CO2_Emissions": 4.108230724997575e-08, "_wandb": {"runtime": 24}}