{"mse_TEDA": 3.5222631487430687e-07, "_timestamp": 1679859187.355403, "_runtime": 30.897613048553467, "_step": 0, "Energy_Consumed": 3.814490986151971e-07, "Energy_RAM": 3.603342694873391e-08, "Energy_GPU": 0, "Energy_CPU": 3.454156716664632e-07, "CO2_Emissions": 4.694416972317287e-08, "_wandb": {"runtime": 30}}