{"mse_RLS": 7.677745772258312e-07, "_timestamp": 1679616905.6798203, "_runtime": 32.44731426239014, "_step": 0, "Energy_Consumed": 1.3097656538889168e-07, "Energy_RAM": 1.2006886510107507e-08, "Energy_GPU": 0, "Energy_CPU": 1.1896967887878417e-07, "CO2_Emissions": 1.6119021221169607e-08, "_wandb": {"runtime": 31}}