{"mse_TEDA": 1.5876010918749688e-07, "_timestamp": 1679868990.3595216, "_runtime": 32.27820873260498, "_step": 0, "Energy_Consumed": 5.93369018835372e-07, "Energy_RAM": 5.605235212631973e-08, "Energy_GPU": 0, "Energy_CPU": 5.373166667090523e-07, "CO2_Emissions": 7.302472605074993e-08, "_wandb": {"runtime": 31}}