{"mse_TEDA": 2.6656662154379167e-07, "_timestamp": 1678951207.9150162, "_runtime": 26.788822174072266, "_step": 0, "Energy_Consumed": 1.2029536406340767e-06, "Energy_RAM": 1.1363650429340548e-07, "Energy_GPU": 0, "Energy_CPU": 1.0893171363406711e-06, "CO2_Emissions": 1.4804507358923654e-07, "_wandb": {"runtime": 26}}