{"mse_TEDA": 6.421530506146765e-07, "_timestamp": 1679969762.7593782, "_runtime": 26.74435520172119, "_step": 0, "Energy_Consumed": 3.3380367001806616e-07, "Energy_RAM": 3.153262179012018e-08, "Energy_GPU": 0, "Energy_CPU": 3.02271048227946e-07, "CO2_Emissions": 4.108054310898766e-08, "_wandb": {"runtime": 25}}