{"mse_TEDA": 5.328589289084149e-07, "_timestamp": 1679968684.5691354, "_runtime": 24.526137351989746, "_step": 0, "Energy_Consumed": 4.010743093241823e-07, "Energy_RAM": 3.7887314135787165e-08, "Energy_GPU": 0, "Energy_CPU": 3.631869951883952e-07, "CO2_Emissions": 4.9359404745932804e-08, "_wandb": {"runtime": 23}}