{"mse_TEDA": 6.431955596930191e-07, "_timestamp": 1679968080.9798203, "_runtime": 25.154131174087524, "_step": 0, "Energy_Consumed": 3.336562275209568e-07, "Energy_RAM": 3.1518693697307755e-08, "Energy_GPU": 0, "Energy_CPU": 3.021375338236491e-07, "CO2_Emissions": 4.106239765882449e-08, "_wandb": {"runtime": 24}}