{"mse_TEDA": 1.6756343235317318e-07, "_timestamp": 1679868651.68476, "_runtime": 31.772512197494507, "_step": 0, "Energy_Consumed": 3.4979094189212547e-07, "Energy_RAM": 3.304285263160031e-08, "Energy_GPU": 0, "Energy_CPU": 3.167480892605252e-07, "CO2_Emissions": 4.304806435098555e-08, "_wandb": {"runtime": 30}}