{"mse_TEDA": 2.771151655921683e-06, "_timestamp": 1678951096.9506202, "_runtime": 27.736234188079834, "_step": 0, "Energy_Consumed": 3.338282437675844e-07, "Energy_RAM": 3.153494313892225e-08, "Energy_GPU": 0, "Energy_CPU": 3.0229330062866213e-07, "CO2_Emissions": 4.1083567350681523e-08, "_wandb": {"runtime": 26}}