{"mse_TEDA": 3.5924945595225543e-07, "_timestamp": 1678935765.3625507, "_runtime": 26.633423805236816, "_step": 0, "Energy_Consumed": 2.860681376727017e-07, "Energy_RAM": 2.702330501923219e-08, "Energy_GPU": 0, "Energy_CPU": 2.590448326534695e-07, "CO2_Emissions": 3.5205827608591616e-08, "_wandb": {"runtime": 25}}