{"mse_TEDA": 2.899389639370399e-07, "_timestamp": 1679861306.0744765, "_runtime": 32.15083646774292, "_step": 0, "Energy_Consumed": 3.670693595221211e-07, "Energy_RAM": 3.467505100805587e-08, "Energy_GPU": 0, "Energy_CPU": 3.3239430851406523e-07, "CO2_Emissions": 4.517448429198174e-08, "_wandb": {"runtime": 31}}