{"mse_TEDA": 7.597062108242906e-08, "_timestamp": 1678943272.378478, "_runtime": 26.96385407447815, "_step": 0, "Energy_Consumed": 3.3564465341947247e-07, "Energy_RAM": 3.170652950454193e-08, "Energy_GPU": 0, "Energy_CPU": 3.0393812391493055e-07, "CO2_Emissions": 4.130710921588609e-08, "_wandb": {"runtime": 26}}