{"mse_TEDA": 3.7977374104257927e-07, "_timestamp": 1678934562.4699783, "_runtime": 28.58215641975403, "_step": 0, "Energy_Consumed": 4.025098258585381e-07, "Energy_RAM": 3.802291959497476e-08, "Energy_GPU": 0, "Energy_CPU": 3.6448690626356336e-07, "CO2_Emissions": 4.9536070864882536e-08, "_wandb": {"runtime": 27}}