{"mse_TEDA": 9.363424245875357e-08, "_timestamp": 1679866524.9292357, "_runtime": 32.09149479866028, "_step": 0, "Energy_Consumed": 6.682227076803176e-07, "Energy_RAM": 6.312337402315886e-08, "Energy_GPU": 0, "Energy_CPU": 6.050993336571587e-07, "CO2_Emissions": 8.223681827039242e-08, "_wandb": {"runtime": 31}}