{"mse_TEDA": 1.1444700367541861e-07, "_timestamp": 1679866575.6282556, "_runtime": 33.02802848815918, "_step": 0, "Energy_Consumed": 5.75612436996001e-07, "Energy_RAM": 5.437498417109055e-08, "Energy_GPU": 0, "Energy_CPU": 5.212374528249105e-07, "CO2_Emissions": 7.083945940679402e-08, "_wandb": {"runtime": 32}}