{"mse_TEDA": 5.647094302690734e-07, "_timestamp": 1678932929.061113, "_runtime": 26.04017400741577, "_step": 0, "Energy_Consumed": 2.882531535673631e-07, "Energy_RAM": 2.7229711616882925e-08, "Energy_GPU": 0, "Energy_CPU": 2.6102344195048016e-07, "CO2_Emissions": 3.547473309920412e-08, "_wandb": {"runtime": 25}}