{"mse_TEDA": 1.1306962065351475e-07, "_timestamp": 1678945104.5146286, "_runtime": 29.14690065383911, "_step": 0, "Energy_Consumed": 3.1830889704060106e-07, "Energy_RAM": 3.0068914647548206e-08, "Energy_GPU": 0, "Energy_CPU": 2.8823998239305286e-07, "CO2_Emissions": 3.917363271093757e-08, "_wandb": {"runtime": 28}}