{"mse_TEDA": 4.2431047665081173e-07, "_timestamp": 1678932103.677493, "_runtime": 26.276621103286743, "_step": 0, "Energy_Consumed": 5.3306503751767e-07, "Energy_RAM": 5.0355762166039615e-08, "Energy_GPU": 0, "Energy_CPU": 4.827092753516303e-07, "CO2_Emissions": 6.560323693401443e-08, "_wandb": {"runtime": 25}}