{"mse_TEDA": 4.950192047904936e-07, "_timestamp": 1679991701.5411654, "_runtime": 24.70174527168274, "_step": 0, "Energy_Consumed": 3.337340443944312e-07, "Energy_RAM": 3.1526044635180976e-08, "Energy_GPU": 0, "Energy_CPU": 3.022079997592502e-07, "CO2_Emissions": 4.107197442418838e-08, "_wandb": {"runtime": 23}}