{"mse_TEDA": 3.479127839625754e-07, "_timestamp": 1678936515.1208441, "_runtime": 26.901928186416626, "_step": 0, "Energy_Consumed": 3.5840711281694993e-07, "Energy_RAM": 3.3856775555326144e-08, "Energy_GPU": 0, "Energy_CPU": 3.245503372616238e-07, "CO2_Emissions": 4.410843909489565e-08, "_wandb": {"runtime": 26}}