{"mse_TEDA": 5.640981630024597e-07, "_timestamp": 1678934638.8008597, "_runtime": 26.46242880821228, "_step": 0, "Energy_Consumed": 3.98861647961313e-07, "Energy_RAM": 3.7678296020734106e-08, "Energy_GPU": 0, "Energy_CPU": 3.611833519405789e-07, "CO2_Emissions": 4.908709698341472e-08, "_wandb": {"runtime": 25}}