{"mse_RLS": 1.3537268089376328e-06, "_timestamp": 1680033367.2596736, "_runtime": 34.36039066314697, "_step": 0, "Energy_Consumed": 5.396241808265737e-07, "Energy_RAM": 5.097536885045884e-08, "Energy_GPU": 0, "Energy_CPU": 4.886488119761149e-07, "CO2_Emissions": 6.641045744613423e-08, "_wandb": {"runtime": 33}}