{"mse_TEDA": 2.501534567731034e-07, "_timestamp": 1679865221.2609587, "_runtime": 31.852765560150146, "_step": 0, "Energy_Consumed": 3.832808668605341e-07, "Energy_RAM": 3.620646415735488e-08, "Energy_GPU": 0, "Energy_CPU": 3.4707440270317925e-07, "CO2_Emissions": 4.716960173943611e-08, "_wandb": {"runtime": 30}}