{"mse_TEDA": 1.7656890406765302e-07, "_timestamp": 1679980817.7630503, "_runtime": 25.907071352005005, "_step": 0, "Energy_Consumed": 3.3372994876951147e-07, "Energy_RAM": 3.1525657743713966e-08, "Energy_GPU": 0, "Energy_CPU": 3.022042910257975e-07, "CO2_Emissions": 4.107147038390607e-08, "_wandb": {"runtime": 24}}