{"mse_TEDA": 2.0062461049128731e-07, "_timestamp": 1679977878.0144165, "_runtime": 25.21690845489502, "_step": 0, "Energy_Consumed": 4.696637398544428e-07, "Energy_RAM": 4.436658553383192e-08, "Energy_GPU": 0, "Energy_CPU": 4.252971543206109e-07, "CO2_Emissions": 5.7800567353781846e-08, "_wandb": {"runtime": 24}}