{"mse_TEDA": 3.456035619282657e-07, "_timestamp": 1679862363.6580117, "_runtime": 31.55726456642151, "_step": 0, "Energy_Consumed": 3.606218219922792e-07, "Energy_RAM": 3.4065987116112714e-08, "Energy_GPU": 0, "Energy_CPU": 3.265558348761665e-07, "CO2_Emissions": 4.43809988775549e-08, "_wandb": {"runtime": 30}}