{"mse_cnn": 3.8344229972822744e-07, "_timestamp": 1680036845.176849, "_runtime": 85.46332597732544, "_step": 0, "Energy_Consumed": 0.000231628040712222, "Energy_RAM": 2.1880644402051533e-05, "Energy_GPU": 0, "Energy_CPU": 0.00020974739631017048, "CO2_Emissions": 2.8505994889791927e-05, "_wandb": {"runtime": 84}}