{"mse_TEDA": 4.953147874318665e-07, "_timestamp": 1678932028.9091058, "_runtime": 26.572720766067505, "_step": 0, "Energy_Consumed": 3.337811440810078e-07, "Energy_RAM": 3.1530493887051615e-08, "Energy_GPU": 0, "Energy_CPU": 3.0225065019395617e-07, "CO2_Emissions": 4.107777088743495e-08, "_wandb": {"runtime": 25}}