{"mse_TEDA": 1.454580638685153e-07, "_timestamp": 1679986383.2125232, "_runtime": 28.09212613105774, "_step": 0, "Energy_Consumed": 5.397071172311976e-07, "Energy_RAM": 5.098320340266582e-08, "Energy_GPU": 0, "Energy_CPU": 4.887239138285318e-07, "CO2_Emissions": 6.642066426185099e-08, "_wandb": {"runtime": 27}}