{"mse_TEDA": 4.794565002304967e-07, "_timestamp": 1679856155.8764195, "_runtime": 31.80653142929077, "_step": 0, "Energy_Consumed": 3.633832970943887e-07, "Energy_RAM": 3.432684868774535e-08, "Energy_GPU": 0, "Energy_CPU": 3.2905644840664335e-07, "CO2_Emissions": 4.472084803790255e-08, "_wandb": {"runtime": 30}}