{"mse_TEDA": 9.288899357672383e-08, "_timestamp": 1679982550.4550614, "_runtime": 25.622631549835205, "_step": 0, "Energy_Consumed": 5.349469771682733e-07, "Energy_RAM": 5.0533538795131486e-08, "Energy_GPU": 0, "Energy_CPU": 4.844134383731417e-07, "CO2_Emissions": 6.583484344373596e-08, "_wandb": {"runtime": 24}}