{"mse_TEDA": 1.2063659772341954e-07, "_timestamp": 1678948964.0847518, "_runtime": 27.371609926223755, "_step": 0, "Energy_Consumed": 3.660761704790932e-07, "Energy_RAM": 3.458122982730553e-08, "Energy_GPU": 0, "Energy_CPU": 3.3149494065178766e-07, "CO2_Emissions": 4.505225452352151e-08, "_wandb": {"runtime": 26}}