{"mse_cnn": 1.2750496451007606e-06, "_timestamp": 1680037464.3104432, "_runtime": 71.02663826942444, "_step": 0, "Energy_Consumed": 0.00019258184558306008, "Energy_RAM": 1.8192162177501813e-05, "Energy_GPU": 0, "Energy_CPU": 0.00017438968340555827, "CO2_Emissions": 2.3700658560929317e-05, "_wandb": {"runtime": 70}}