{"mse_TEDA": 2.9395796723081393e-06, "_timestamp": 1679992544.8575156, "_runtime": 23.433619499206543, "_step": 0, "Energy_Consumed": 3.3382005251774496e-07, "Energy_RAM": 3.153416935598822e-08, "Energy_GPU": 0, "Energy_CPU": 3.0228588316175675e-07, "CO2_Emissions": 4.10825592701169e-08, "_wandb": {"runtime": 22}}