{"mse_TEDA": 2.592914154820145e-07, "_timestamp": 1678938349.9671314, "_runtime": 27.25291132926941, "_step": 0, "Energy_Consumed": 2.685593411409728e-07, "Energy_RAM": 2.5369343997757216e-08, "Energy_GPU": 0, "Energy_CPU": 2.431899971432156e-07, "CO2_Emissions": 3.305105540171548e-08, "_wandb": {"runtime": 26}}