{"mse_TEDA": 3.6874978405019186e-07, "_timestamp": 1678932891.5762486, "_runtime": 25.68112564086914, "_step": 0, "Energy_Consumed": 3.445454702762163e-07, "Energy_RAM": 3.2547341385225085e-08, "Energy_GPU": 0, "Energy_CPU": 3.1199812889099123e-07, "CO2_Emissions": 4.2402514759416756e-08, "_wandb": {"runtime": 24}}