{"mse_TEDA": 1.9878843233718785e-07, "_timestamp": 1678943384.3658025, "_runtime": 27.041895627975464, "_step": 0, "Energy_Consumed": 3.293711799487179e-07, "Energy_RAM": 3.111390849994678e-08, "Energy_GPU": 0, "Energy_CPU": 2.9825727144877116e-07, "CO2_Emissions": 4.053504551345743e-08, "_wandb": {"runtime": 26}}