{"mse_TEDA": 1.6959277218799147e-07, "_timestamp": 1678941992.9502766, "_runtime": 27.079121589660645, "_step": 0, "Energy_Consumed": 3.3381902861151504e-07, "Energy_RAM": 3.153407263312147e-08, "Energy_GPU": 0, "Energy_CPU": 3.022849559783936e-07, "CO2_Emissions": 4.108243326004632e-08, "_wandb": {"runtime": 26}}