{"mse_TEDA": 4.794565002304967e-07, "_timestamp": 1678932779.3559062, "_runtime": 26.289860248565674, "_step": 0, "Energy_Consumed": 3.246632591035198e-07, "Energy_RAM": 3.066917675861684e-08, "Energy_GPU": 0, "Energy_CPU": 2.939940823449029e-07, "CO2_Emissions": 3.995565120894186e-08, "_wandb": {"runtime": 25}}