{"mse_TEDA": 2.8585476976658966e-06, "_timestamp": 1679992578.9365742, "_runtime": 24.887486219406128, "_step": 0, "Energy_Consumed": 2.6854705426621373e-07, "Energy_RAM": 2.5368183323356182e-08, "Energy_GPU": 0, "Energy_CPU": 2.4317887094285753e-07, "CO2_Emissions": 3.304954328086855e-08, "_wandb": {"runtime": 24}}