{"mse_TEDA": 2.788950739733103e-06, "_timestamp": 1679881847.1387172, "_runtime": 28.13963007926941, "_step": 0, "Energy_Consumed": 3.326743014464581e-07, "Energy_RAM": 3.14259364680917e-08, "Energy_GPU": 0, "Energy_CPU": 3.0124836497836643e-07, "CO2_Emissions": 4.0941554001140616e-08, "_wandb": {"runtime": 27}}