{"mse_TEDA": 1.1169802583891278e-07, "_timestamp": 1678945506.1070614, "_runtime": 26.100950479507446, "_step": 0, "Energy_Consumed": 5.27622975905615e-07, "Energy_RAM": 4.984168012924783e-08, "Energy_GPU": 0, "Energy_CPU": 4.777812957763671e-07, "CO2_Emissions": 6.493349340889473e-08, "_wandb": {"runtime": 25}}