{"mse_TEDA": 5.313702591648065e-07, "_timestamp": 1679968875.6395404, "_runtime": 23.703295469284058, "_step": 0, "Energy_Consumed": 3.3376680939378887e-07, "Energy_RAM": 3.152913976691707e-08, "Energy_GPU": 0, "Energy_CPU": 3.0223766962687177e-07, "CO2_Emissions": 4.107600674644687e-08, "_wandb": {"runtime": 22}}