{"mse_TEDA": 2.899389639370399e-07, "_timestamp": 1679860824.4265106, "_runtime": 31.21744465827942, "_step": 0, "Energy_Consumed": 3.6289079819779445e-07, "Energy_RAM": 3.428032498883719e-08, "Energy_GPU": 0, "Energy_CPU": 3.2861047320895726e-07, "CO2_Emissions": 4.4660237193954746e-08, "_wandb": {"runtime": 30}}