{"mse_TEDA": 2.9528468217726104e-07, "_timestamp": 1679862221.4347587, "_runtime": 32.22172665596008, "_step": 0, "Energy_Consumed": 3.9047274878385e-07, "Energy_RAM": 3.6517718342565786e-08, "Energy_GPU": 0, "Energy_CPU": 3.539550304412842e-07, "CO2_Emissions": 4.805469211417506e-08, "_wandb": {"runtime": 31}}