{"mse_TEDA": 6.641649377174232e-07, "_timestamp": 1679966592.4115603, "_runtime": 32.71090221405029, "_step": 0, "Energy_Consumed": 4.6516060025522974e-07, "Energy_RAM": 4.394119836585257e-08, "Energy_GPU": 0, "Energy_CPU": 4.212194018893772e-07, "CO2_Emissions": 5.7246375063381774e-08, "_wandb": {"runtime": 31}}