{"mse_TEDA": 1.1671276839717134e-07, "_timestamp": 1678938762.1225107, "_runtime": 27.667417764663696, "_step": 0, "Energy_Consumed": 1.2712891424193154e-06, "Energy_RAM": 1.2009178842049552e-07, "Energy_GPU": 0, "Energy_CPU": 1.1511973539988199e-06, "CO2_Emissions": 1.5645498569958233e-07, "_wandb": {"runtime": 26}}