{"mse_TEDA": 7.725816093531562e-07, "_timestamp": 1679852249.3793173, "_runtime": 31.11362338066101, "_step": 0, "Energy_Consumed": 3.978815777924814e-07, "Energy_RAM": 3.7229501919000545e-08, "Energy_GPU": 0, "Energy_CPU": 3.6065207587348086e-07, "CO2_Emissions": 4.8966481728290834e-08, "_wandb": {"runtime": 30}}