{"mse_TEDA": 3.0188817169304697e-06, "_timestamp": 1679878657.5285406, "_runtime": 29.46748161315918, "_step": 0, "Energy_Consumed": 3.3434531641369685e-07, "Energy_RAM": 3.158378818663247e-08, "Energy_GPU": 0, "Energy_CPU": 3.0276152822706436e-07, "CO2_Emissions": 4.1147202436323184e-08, "_wandb": {"runtime": 28}}