{"mse_TEDA": 6.399721018054589e-08, "_timestamp": 1678945232.1973407, "_runtime": 27.48167061805725, "_step": 0, "Energy_Consumed": 2.6834534473891834e-07, "Energy_RAM": 2.5349128918605857e-08, "Energy_GPU": 0, "Energy_CPU": 2.4299621582031247e-07, "CO2_Emissions": 3.302471929696477e-08, "_wandb": {"runtime": 26}}