{"mse_TEDA": 2.461858721175388e-07, "_timestamp": 1679878052.919635, "_runtime": 27.015709161758423, "_step": 0, "Energy_Consumed": 3.355811712332171e-07, "Energy_RAM": 3.170053268680325e-08, "Energy_GPU": 0, "Energy_CPU": 3.0388063854641384e-07, "CO2_Emissions": 4.1299296591510285e-08, "_wandb": {"runtime": 26}}