{"mse_TEDA": 1.7456831441668582e-07, "_timestamp": 1679868604.2152834, "_runtime": 32.251551389694214, "_step": 0, "Energy_Consumed": 3.9943715440118565e-07, "Energy_RAM": 3.735814333178193e-08, "Energy_GPU": 0, "Energy_CPU": 3.6207901106940374e-07, "CO2_Emissions": 4.915792339796975e-08, "_wandb": {"runtime": 31}}