{"mse_TEDA": 2.9376512226270074e-06, "_timestamp": 1678953702.4613476, "_runtime": 28.300740480422974, "_step": 0, "Energy_Consumed": 3.495237023661149e-07, "Energy_RAM": 3.301760796337779e-08, "Energy_GPU": 0, "Energy_CPU": 3.165060944027371e-07, "CO2_Emissions": 4.3015175722564815e-08, "_wandb": {"runtime": 27}}