{"mse_TEDA": 1.4394662641094182e-07, "_timestamp": 1679980067.6484902, "_runtime": 24.820404291152954, "_step": 0, "Energy_Consumed": 3.3370742283245314e-07, "Energy_RAM": 3.15235298406454e-08, "Energy_GPU": 0, "Energy_CPU": 3.021838929918077e-07, "CO2_Emissions": 4.106869816235337e-08, "_wandb": {"runtime": 23}}