{"mse_TEDA": 3.344591448840102e-07, "_timestamp": 1679974321.0852895, "_runtime": 23.26116156578064, "_step": 0, "Energy_Consumed": 2.6671733383333654e-07, "Energy_RAM": 2.519533956046871e-08, "Energy_GPU": 0, "Energy_CPU": 2.4152199427286784e-07, "CO2_Emissions": 3.282436328474646e-08, "_wandb": {"runtime": 22}}