{"mse_TEDA": 4.3602129234429685e-07, "_timestamp": 1678929312.6242397, "_runtime": 26.11818265914917, "_step": 0, "Energy_Consumed": 4.625506632751492e-07, "Energy_RAM": 4.3694651778499366e-08, "Energy_GPU": 0, "Energy_CPU": 4.1885601149664984e-07, "CO2_Emissions": 5.6925175393479595e-08, "_wandb": {"runtime": 25}}