{"mse_TEDA": 1.9315791111068045e-07, "_timestamp": 1678948853.1296883, "_runtime": 28.104222297668457, "_step": 0, "Energy_Consumed": 2.791270773400356e-07, "Energy_RAM": 2.6367620705514126e-08, "Energy_GPU": 0, "Energy_CPU": 2.5275945663452147e-07, "CO2_Emissions": 3.435160534014639e-08, "_wandb": {"runtime": 27}}