{"mse_TEDA": 2.560081526093445e-07, "_timestamp": 1679990890.9947228, "_runtime": 24.19662594795227, "_step": 0, "Energy_Consumed": 3.338067417367559e-07, "Energy_RAM": 3.153291195872044e-08, "Energy_GPU": 0, "Energy_CPU": 3.022738297780355e-07, "CO2_Emissions": 4.108092113919939e-08, "_wandb": {"runtime": 23}}