{"mse_TEDA": 2.461858721175388e-07, "_timestamp": 1679877615.3383868, "_runtime": 27.621644735336304, "_step": 0, "Energy_Consumed": 3.3581359794741023e-07, "Energy_RAM": 3.172248877755616e-08, "Energy_GPU": 0, "Energy_CPU": 3.0409110916985405e-07, "CO2_Emissions": 4.1327900877531393e-08, "_wandb": {"runtime": 26}}