{"mse_TEDA": 2.771151655921683e-06, "_timestamp": 1679878835.341449, "_runtime": 27.077644109725952, "_step": 0, "Energy_Consumed": 3.356733227939104e-07, "Energy_RAM": 3.1709237744811015e-08, "Energy_GPU": 0, "Energy_CPU": 3.039640850490994e-07, "CO2_Emissions": 4.131063749786227e-08, "_wandb": {"runtime": 26}}