{"mse_TEDA": 1.9315791111068045e-07, "_timestamp": 1679876758.0232146, "_runtime": 26.135114669799805, "_step": 0, "Energy_Consumed": 3.117876382622045e-07, "Energy_RAM": 2.9452886709198842e-08, "Energy_GPU": 0, "Energy_CPU": 2.8233475155300567e-07, "CO2_Emissions": 3.837107457142914e-08, "_wandb": {"runtime": 25}}