{"mse_TEDA": 1.1197616151200835e-07, "_timestamp": 1679873119.772944, "_runtime": 32.82708787918091, "_step": 0, "Energy_Consumed": 3.614665446319678e-07, "Energy_RAM": 3.4145783481183873e-08, "Energy_GPU": 0, "Energy_CPU": 3.2732076115078394e-07, "CO2_Emissions": 4.448495718578137e-08, "_wandb": {"runtime": 31}}