{"mse_TEDA": 1.454580638685153e-07, "_timestamp": 1678947430.0112185, "_runtime": 26.747543573379517, "_step": 0, "Energy_Consumed": 5.648880431437597e-07, "Energy_RAM": 5.3361908864720447e-08, "Energy_GPU": 0, "Energy_CPU": 5.115261342790393e-07, "CO2_Emissions": 6.951962992756476e-08, "_wandb": {"runtime": 25}}