{"mse_TEDA": 2.125599041282471e-07, "_timestamp": 1678946422.7133026, "_runtime": 26.897754669189453, "_step": 0, "Energy_Consumed": 7.356848174514299e-07, "Energy_RAM": 6.949615354490864e-08, "Energy_GPU": 0, "Energy_CPU": 6.661886639065213e-07, "CO2_Emissions": 9.053924379053558e-08, "_wandb": {"runtime": 26}}