{"mse_TEDA": 3.289938093403601e-07, "_timestamp": 1678935277.3865814, "_runtime": 26.66879940032959, "_step": 0, "Energy_Consumed": 3.3376885720624864e-07, "Energy_RAM": 3.1529333212650574e-08, "Energy_GPU": 0, "Energy_CPU": 3.022395239935981e-07, "CO2_Emissions": 4.107625876658802e-08, "_wandb": {"runtime": 25}}