{"mse_TEDA": 4.953147874318665e-07, "_timestamp": 1679855190.4308698, "_runtime": 30.971600770950317, "_step": 0, "Energy_Consumed": 3.516943835735573e-07, "Energy_RAM": 3.3222660440893986e-08, "Energy_GPU": 0, "Energy_CPU": 3.1847172313266333e-07, "CO2_Emissions": 4.328231707218922e-08, "_wandb": {"runtime": 30}}