{"mse_TEDA": 3.7977374104257927e-07, "_timestamp": 1679859139.8162313, "_runtime": 30.96499514579773, "_step": 0, "Energy_Consumed": 3.6031055449838177e-07, "Energy_RAM": 3.403658336461983e-08, "Energy_GPU": 0, "Energy_CPU": 3.2627397113376194e-07, "CO2_Emissions": 4.434269181609932e-08, "_wandb": {"runtime": 30}}