{"mse_TEDA": 1.3612668872730721e-07, "_timestamp": 1679979471.221803, "_runtime": 24.573709964752197, "_step": 0, "Energy_Consumed": 2.667654574261431e-07, "Energy_RAM": 2.51998855352061e-08, "Energy_GPU": 0, "Energy_CPU": 2.41565571890937e-07, "CO2_Emissions": 3.2830285758063616e-08, "_wandb": {"runtime": 23}}