{"mse_TEDA": 2.9528468217726104e-07, "_timestamp": 1678937337.0715747, "_runtime": 26.461408615112305, "_step": 0, "Energy_Consumed": 3.4415229028392477e-07, "Energy_RAM": 3.251019980439196e-08, "Energy_GPU": 0, "Energy_CPU": 3.1164209047953284e-07, "CO2_Emissions": 4.235412689231496e-08, "_wandb": {"runtime": 25}}