{"mse_TEDA": 8.753568146675801e-08, "_timestamp": 1679872152.619963, "_runtime": 34.334529876708984, "_step": 0, "Energy_Consumed": 3.791350705355651e-07, "Energy_RAM": 3.5814833269872304e-08, "Energy_GPU": 0, "Energy_CPU": 3.4332023726569284e-07, "CO2_Emissions": 4.665938696366761e-08, "_wandb": {"runtime": 33}}