{"mse_TEDA": 2.6661478733418994e-07, "_timestamp": 1679985995.4500365, "_runtime": 24.83996844291687, "_step": 0, "Energy_Consumed": 4.0245760664081194e-07, "Energy_RAM": 3.8017986728770365e-08, "Energy_GPU": 0, "Energy_CPU": 3.6443961991204156e-07, "CO2_Emissions": 4.9529644351283085e-08, "_wandb": {"runtime": 23}}