{"mse_TEDA": 1.8126559114914344e-06, "_timestamp": 1678950819.110273, "_runtime": 29.225241899490356, "_step": 0, "Energy_Consumed": 3.4318265108418524e-07, "Energy_RAM": 3.2418603249576944e-08, "Energy_GPU": 0, "Energy_CPU": 3.1076404783460827e-07, "CO2_Emissions": 4.2234795355478034e-08, "_wandb": {"runtime": 28}}