{"mse_TEDA": 2.592914154820145e-07, "_timestamp": 1678938725.0273864, "_runtime": 28.131702423095703, "_step": 0, "Energy_Consumed": 4.338259979008146e-07, "Energy_RAM": 4.098118847461289e-08, "Energy_GPU": 0, "Energy_CPU": 3.928448094262017e-07, "CO2_Emissions": 5.339008887349696e-08, "_wandb": {"runtime": 27}}