{"mse_TEDA": 4.2623918853283534e-07, "_timestamp": 1678932442.4127834, "_runtime": 27.850613355636597, "_step": 0, "Energy_Consumed": 4.008613368283578e-07, "Energy_RAM": 3.7867195779502554e-08, "Energy_GPU": 0, "Energy_CPU": 3.6299414104885526e-07, "CO2_Emissions": 4.9333194651252675e-08, "_wandb": {"runtime": 27}}