{"mse_TEDA": 1.962700112650398e-07, "_timestamp": 1679874245.2472568, "_runtime": 27.030417680740356, "_step": 0, "Energy_Consumed": 3.8472559855095925e-07, "Energy_RAM": 3.634294012234326e-08, "Energy_GPU": 0, "Energy_CPU": 3.48382658428616e-07, "CO2_Emissions": 4.734740194902104e-08, "_wandb": {"runtime": 26}}