{"mse_TEDA": 4.4877618016124663e-07, "_timestamp": 1679854999.2067425, "_runtime": 31.3602614402771, "_step": 0, "Energy_Consumed": 4.088314229220992e-07, "Energy_RAM": 3.86200865743073e-08, "Energy_GPU": 0, "Energy_CPU": 3.702113363477919e-07, "CO2_Emissions": 5.0314057040628344e-08, "_wandb": {"runtime": 30}}