{"mse_TEDA": 4.36027399920611e-07, "_timestamp": 1679852682.7245855, "_runtime": 30.80508065223694, "_step": 0, "Energy_Consumed": 3.542910097726488e-07, "Energy_RAM": 3.34679496309794e-08, "Energy_GPU": 0, "Energy_CPU": 3.208230601416694e-07, "CO2_Emissions": 4.360187861117389e-08, "_wandb": {"runtime": 29}}