{"mse_TEDA": 2.788950739733103e-06, "_timestamp": 1679992788.7403784, "_runtime": 25.16964840888977, "_step": 0, "Energy_Consumed": 3.3382312423643475e-07, "Energy_RAM": 3.153445952458848e-08, "Energy_GPU": 0, "Energy_CPU": 3.022886647118463e-07, "CO2_Emissions": 4.1082937300328635e-08, "_wandb": {"runtime": 24}}