{"mse_TEDA": 3.971358748024236e-06, "_timestamp": 1679990078.412998, "_runtime": 44.43017292022705, "_step": 0, "Energy_Consumed": 2.8817332559339727e-06, "Energy_RAM": 2.664818472510433e-07, "Energy_GPU": 0, "Energy_CPU": 2.6152514086829293e-06, "CO2_Emissions": 3.5464908831766826e-07, "_wandb": {"runtime": 44}}