{"mse_TEDA": 8.781012139508896e-08, "_timestamp": 1679871669.2928727, "_runtime": 32.4588737487793, "_step": 0, "Energy_Consumed": 4.0568598298376753e-07, "Energy_RAM": 3.8322953927642327e-08, "Energy_GPU": 0, "Energy_CPU": 3.673630290561252e-07, "CO2_Emissions": 4.99269541038141e-08, "_wandb": {"runtime": 31}}