{"mse_TEDA": 5.62642661522462e-07, "_timestamp": 1679857549.3806558, "_runtime": 31.13754367828369, "_step": 0, "Energy_Consumed": 3.6911921979443224e-07, "Energy_RAM": 3.486869018729522e-08, "Energy_GPU": 0, "Energy_CPU": 3.3425052960713705e-07, "CO2_Emissions": 4.542675645327799e-08, "_wandb": {"runtime": 30}}