{"mse_TEDA": 2.560081526093445e-07, "_timestamp": 1678951957.630225, "_runtime": 27.352190017700195, "_step": 0, "Energy_Consumed": 3.4337412154918133e-07, "Energy_RAM": 3.243669042565974e-08, "Energy_GPU": 0, "Energy_CPU": 3.109374311235216e-07, "CO2_Emissions": 4.2258359238676036e-08, "_wandb": {"runtime": 26}}