{"mse_TEDA": 3.8800248691536743e-07, "_timestamp": 1679986071.1942039, "_runtime": 25.99488592147827, "_step": 0, "Energy_Consumed": 4.0070365526894927e-07, "Energy_RAM": 3.785230045802261e-08, "Energy_GPU": 0, "Energy_CPU": 3.6285135481092667e-07, "CO2_Emissions": 4.931378910038374e-08, "_wandb": {"runtime": 25}}