{"mse_TEDA": 1.3188126514281372e-07, "_timestamp": 1679984347.64886, "_runtime": 27.12040090560913, "_step": 0, "Energy_Consumed": 3.3384053064234346e-07, "Energy_RAM": 3.153610381332328e-08, "Energy_GPU": 0, "Energy_CPU": 3.0230442682902017e-07, "CO2_Emissions": 4.108507947152845e-08, "_wandb": {"runtime": 26}}