{"mse_TEDA": 9.463169050981206e-08, "_timestamp": 1679983316.7232523, "_runtime": 24.920859336853027, "_step": 0, "Energy_Consumed": 3.3377807236231803e-07, "Energy_RAM": 3.1530203718451354e-08, "Energy_GPU": 0, "Energy_CPU": 3.022478686438667e-07, "CO2_Emissions": 4.107739285722322e-08, "_wandb": {"runtime": 23}}