{"mse_TEDA": 3.5403782990587245e-08, "_timestamp": 1679983996.866762, "_runtime": 25.31486201286316, "_step": 0, "Energy_Consumed": 2.6845797442421016e-07, "Energy_RAM": 2.5359768433948676e-08, "Energy_GPU": 0, "Energy_CPU": 2.430982059902615e-07, "CO2_Emissions": 3.30385804047283e-08, "_wandb": {"runtime": 24}}