{"mse_TEDA": 6.608218370027367e-08, "_timestamp": 1678943499.9261768, "_runtime": 29.36687684059143, "_step": 0, "Energy_Consumed": 5.368371080687161e-07, "Energy_RAM": 5.071208920715738e-08, "Energy_GPU": 0, "Energy_CPU": 4.861250188615587e-07, "CO2_Emissions": 6.606745803402214e-08, "_wandb": {"runtime": 28}}