{"mse_TEDA": 2.0161769694194257e-07, "_timestamp": 1678949842.2865534, "_runtime": 27.165682315826416, "_step": 0, "Energy_Consumed": 3.740400210222106e-07, "Energy_RAM": 3.496628355984892e-08, "Energy_GPU": 0, "Energy_CPU": 3.3907373746236165e-07, "CO2_Emissions": 4.603234951628286e-08, "_wandb": {"runtime": 26}}