{"mse_TEDA": 1.2695205435140773e-07, "_timestamp": 1678946347.9864154, "_runtime": 27.296497344970703, "_step": 0, "Energy_Consumed": 3.3694910995639777e-07, "Energy_RAM": 3.1829754436785154e-08, "Energy_GPU": 0, "Energy_CPU": 3.0511935551961264e-07, "CO2_Emissions": 4.1467646045801895e-08, "_wandb": {"runtime": 26}}