{"mse_TEDA": 4.25198230073523e-07, "_timestamp": 1679972014.8758848, "_runtime": 24.49675178527832, "_step": 0, "Energy_Consumed": 2.685521737973633e-07, "Energy_RAM": 2.5368666937689947e-08, "Energy_GPU": 0, "Energy_CPU": 2.431835068596734e-07, "CO2_Emissions": 3.3050173331221435e-08, "_wandb": {"runtime": 23}}