{"mse_TEDA": 4.794565002304967e-07, "_timestamp": 1679971801.3384683, "_runtime": 24.43407130241394, "_step": 0, "Energy_Consumed": 2.7373723494570687e-07, "Energy_RAM": 2.5858471534926744e-08, "Energy_GPU": 0, "Energy_CPU": 2.4787876341078015e-07, "CO2_Emissions": 3.3688288328626155e-08, "_wandb": {"runtime": 23}}