{"mse_TEDA": 1.7388620610156288e-07, "_timestamp": 1678940566.1440659, "_runtime": 26.339173793792725, "_step": 0, "Energy_Consumed": 3.3375349861279977e-07, "Energy_RAM": 3.152788236964928e-08, "Energy_GPU": 0, "Energy_CPU": 3.022256162431505e-07, "CO2_Emissions": 4.107436861552935e-08, "_wandb": {"runtime": 25}}