{"mse_TEDA": 3.283249103288635e-07, "_timestamp": 1678935839.0831583, "_runtime": 25.652979135513306, "_step": 0, "Energy_Consumed": 3.501298548542309e-07, "Energy_RAM": 3.307486790049552e-08, "Energy_GPU": 0, "Energy_CPU": 3.1705498695373536e-07, "CO2_Emissions": 4.3089773684346725e-08, "_wandb": {"runtime": 24}}