{"mse_TEDA": 1.7070212468269346e-07, "_timestamp": 1679981456.0565352, "_runtime": 26.713663339614868, "_step": 0, "Energy_Consumed": 2.6683508304977804e-07, "Energy_RAM": 2.52064626901453e-08, "Energy_GPU": 0, "Energy_CPU": 2.416286203596327e-07, "CO2_Emissions": 3.2838854442862885e-08, "_wandb": {"runtime": 25}}