{"mse_TEDA": 4.231667972941244e-07, "_timestamp": 1678933394.3351412, "_runtime": 26.46047329902649, "_step": 0, "Energy_Consumed": 3.347681896866561e-07, "Energy_RAM": 3.1623734730601427e-08, "Energy_GPU": 0, "Energy_CPU": 3.031444549560547e-07, "CO2_Emissions": 4.119924459547171e-08, "_wandb": {"runtime": 25}}