{"mse_TEDA": 1.6816208042427377e-07, "_timestamp": 1678949002.647336, "_runtime": 27.93431806564331, "_step": 0, "Energy_Consumed": 3.356415817007827e-07, "Energy_RAM": 3.170623933594167e-08, "Energy_GPU": 0, "Energy_CPU": 3.03935342364841e-07, "CO2_Emissions": 4.130673118567436e-08, "_wandb": {"runtime": 27}}