{"mse_TEDA": 4.052280212015518e-07, "_timestamp": 1678929507.4131918, "_runtime": 26.10245370864868, "_step": 0, "Energy_Consumed": 4.6838180925457587e-07, "Energy_RAM": 4.424548850465726e-08, "Energy_GPU": 0, "Energy_CPU": 4.241363207499186e-07, "CO2_Emissions": 5.764280274541875e-08, "_wandb": {"runtime": 25}}