{"mse_TEDA": 9.892783858873526e-07, "_timestamp": 1679881072.7852678, "_runtime": 26.27070188522339, "_step": 0, "Energy_Consumed": 3.4485550161472624e-07, "Energy_RAM": 3.2206490002787785e-08, "Energy_GPU": 0, "Energy_CPU": 3.1264901161193847e-07, "CO2_Emissions": 4.244066968972685e-08, "_wandb": {"runtime": 25}}