{"mse_TEDA": 6.43693829740448e-07, "_timestamp": 1678928230.5896914, "_runtime": 25.522687435150146, "_step": 0, "Energy_Consumed": 4.052835878354067e-07, "Energy_RAM": 3.8284941841008425e-08, "Energy_GPU": 0, "Energy_CPU": 3.669986459943983e-07, "CO2_Emissions": 4.987743214607712e-08, "_wandb": {"runtime": 24}}