{"mse_TEDA": 4.84106952368441e-07, "_timestamp": 1678928118.6607928, "_runtime": 26.19538974761963, "_step": 0, "Energy_Consumed": 2.684016595815643e-07, "Energy_RAM": 2.535444867627727e-08, "Energy_GPU": 0, "Energy_CPU": 2.43047210905287e-07, "CO2_Emissions": 3.303164985084654e-08, "_wandb": {"runtime": 25}}