{"mse_TEDA": 8.763607582556463e-08, "_timestamp": 1679986532.9480798, "_runtime": 26.5123348236084, "_step": 0, "Energy_Consumed": 3.3004388634177904e-07, "Energy_RAM": 3.1177455423403446e-08, "Energy_GPU": 0, "Energy_CPU": 2.988664309183756e-07, "CO2_Emissions": 4.061783412982688e-08, "_wandb": {"runtime": 25}}