{"mse_TEDA": 1.9878843233718785e-07, "_timestamp": 1678943012.8869538, "_runtime": 28.666183948516846, "_step": 0, "Energy_Consumed": 3.801190444225237e-07, "Energy_RAM": 3.590778394482186e-08, "Energy_GPU": 0, "Energy_CPU": 3.4421126047770186e-07, "CO2_Emissions": 4.678048264149264e-08, "_wandb": {"runtime": 27}}