{"mse_TEDA": 1.3188126514281372e-07, "_timestamp": 1678945147.0327435, "_runtime": 25.186416387557983, "_step": 0, "Energy_Consumed": 3.521408066898049e-07, "Energy_RAM": 3.326483161079826e-08, "Energy_GPU": 0, "Energy_CPU": 3.188759750790066e-07, "CO2_Emissions": 4.333725746296103e-08, "_wandb": {"runtime": 24}}