{"mse_TEDA": 1.0824177547949917e-07, "_timestamp": 1678945669.271132, "_runtime": 27.57063603401184, "_step": 0, "Energy_Consumed": 3.1358561760195394e-07, "Energy_RAM": 2.9622732063216974e-08, "Energy_GPU": 0, "Energy_CPU": 2.83962885538737e-07, "CO2_Emissions": 3.859234825536332e-08, "_wandb": {"runtime": 26}}