{"mse_TEDA": 1.9315791111068045e-07, "_timestamp": 1678948666.3913016, "_runtime": 27.417935609817505, "_step": 0, "Energy_Consumed": 3.34136439542792e-07, "Energy_RAM": 3.156405672181488e-08, "Energy_GPU": 0, "Energy_CPU": 3.025723828209771e-07, "CO2_Emissions": 4.112149638192536e-08, "_wandb": {"runtime": 26}}