{"mse_TEDA": 8.564814959124731e-08, "_timestamp": 1679983509.4454672, "_runtime": 25.7931911945343, "_step": 0, "Energy_Consumed": 4.697620348525157e-07, "Energy_RAM": 4.43758709290402e-08, "Energy_GPU": 0, "Energy_CPU": 4.253861639234755e-07, "CO2_Emissions": 5.78126643205573e-08, "_wandb": {"runtime": 24}}