{"mse_TEDA": 2.2555256208782533e-06, "_timestamp": 1679878137.82582, "_runtime": 25.765459060668945, "_step": 0, "Energy_Consumed": 5.357497196525351e-07, "Energy_RAM": 5.0609369522665785e-08, "Energy_GPU": 0, "Energy_CPU": 4.851403501298693e-07, "CO2_Emissions": 6.593363533906878e-08, "_wandb": {"runtime": 24}}