{"mse_TEDA": 2.6960508317603716e-07, "_timestamp": 1679977308.6807156, "_runtime": 24.66623854637146, "_step": 0, "Energy_Consumed": 3.468216138253411e-07, "Energy_RAM": 3.276235631801683e-08, "Energy_GPU": 0, "Energy_CPU": 3.1405925750732424e-07, "CO2_Emissions": 4.268263514631065e-08, "_wandb": {"runtime": 23}}