{"mse_TEDA": 7.032978289158336e-08, "_timestamp": 1679870897.7094615, "_runtime": 32.11323642730713, "_step": 0, "Energy_Consumed": 3.5606441536288003e-07, "Energy_RAM": 3.363547363619546e-08, "Energy_GPU": 0, "Energy_CPU": 3.224289417266846e-07, "CO2_Emissions": 4.382012805341421e-08, "_wandb": {"runtime": 30}}