{"mse_TEDA": 2.1074036156022196e-07, "_timestamp": 1678950067.4736915, "_runtime": 26.865667581558228, "_step": 0, "Energy_Consumed": 3.337893353308472e-07, "Energy_RAM": 3.153126766998563e-08, "Energy_GPU": 0, "Energy_CPU": 3.0225806766086155e-07, "CO2_Emissions": 4.107877896799957e-08, "_wandb": {"runtime": 26}}