{"mse_TEDA": 4.36027399920611e-07, "_timestamp": 1678929881.6543632, "_runtime": 25.759080171585083, "_step": 0, "Energy_Consumed": 2.683627511448271e-07, "Energy_RAM": 2.535077320734066e-08, "Energy_GPU": 0, "Energy_CPU": 2.4301197793748646e-07, "CO2_Emissions": 3.3026861468164593e-08, "_wandb": {"runtime": 24}}