{"mse_TEDA": 1.799647089903447e-07, "_timestamp": 1679978184.9690905, "_runtime": 25.59149742126465, "_step": 0, "Energy_Consumed": 2.666948078962782e-07, "Energy_RAM": 2.5193211657400148e-08, "Energy_GPU": 0, "Energy_CPU": 2.4150159623887807e-07, "CO2_Emissions": 3.282159106319376e-08, "_wandb": {"runtime": 24}}