{"mse_TEDA": 1.3885832731173476e-07, "_timestamp": 1679979769.0826046, "_runtime": 26.08773159980774, "_step": 0, "Energy_Consumed": 4.679067167638904e-07, "Energy_RAM": 4.420060909448391e-08, "Energy_GPU": 0, "Energy_CPU": 4.2370610766940647e-07, "CO2_Emissions": 5.758433407267077e-08, "_wandb": {"runtime": 25}}