{"mse_TEDA": 4.1035422142554356e-07, "_timestamp": 1678946548.0811648, "_runtime": 26.820557832717896, "_step": 0, "Energy_Consumed": 5.751895637230418e-07, "Energy_RAM": 5.433503762712159e-08, "Energy_GPU": 0, "Energy_CPU": 5.208545260959202e-07, "CO2_Emissions": 7.07874172476455e-08, "_wandb": {"runtime": 26}}