{"mse_TEDA": 2.3581595542644744e-07, "_timestamp": 1678937975.174782, "_runtime": 27.352869033813477, "_step": 0, "Energy_Consumed": 9.377158513029827e-07, "Energy_RAM": 8.858092927539475e-08, "Energy_GPU": 0, "Energy_CPU": 8.49134922027588e-07, "CO2_Emissions": 1.1540279485647464e-07, "_wandb": {"runtime": 26}}