{"mse_TEDA": 2.899389639370399e-07, "_timestamp": 1678936439.386947, "_runtime": 26.403092861175537, "_step": 0, "Energy_Consumed": 3.338548653295624e-07, "Energy_RAM": 3.153745793345782e-08, "Energy_GPU": 0, "Energy_CPU": 3.023174073961046e-07, "CO2_Emissions": 4.108684361251653e-08, "_wandb": {"runtime": 25}}