{"mse_TEDA": 4.533625374159868e-07, "_timestamp": 1679990932.1051362, "_runtime": 23.87026619911194, "_step": 0, "Energy_Consumed": 3.307821227335555e-07, "Energy_RAM": 3.12471926103323e-08, "Energy_GPU": 0, "Energy_CPU": 2.995349301232232e-07, "CO2_Emissions": 4.0708687390713297e-08, "_wandb": {"runtime": 23}}