{"mse_TEDA": 2.6960508317603716e-07, "_timestamp": 1679977689.9764936, "_runtime": 24.761302709579468, "_step": 0, "Energy_Consumed": 3.2638751719471455e-07, "Energy_RAM": 3.083205806622876e-08, "Energy_GPU": 0, "Energy_CPU": 2.9555545912848577e-07, "CO2_Emissions": 4.016785216779445e-08, "_wandb": {"runtime": 23}}