{"mse_TEDA": 5.299969110105931e-07, "_timestamp": 1679969797.3177664, "_runtime": 25.011025428771973, "_step": 0, "Energy_Consumed": 2.6296266968819914e-07, "Energy_RAM": 2.4840656808085744e-08, "Energy_GPU": 0, "Energy_CPU": 2.3812201288011338e-07, "CO2_Emissions": 3.2362284355938584e-08, "_wandb": {"runtime": 24}}