{"mse_TEDA": 6.43074787738646e-07, "_timestamp": 1679969026.3759859, "_runtime": 23.539976835250854, "_step": 0, "Energy_Consumed": 2.684088269251738e-07, "Energy_RAM": 2.5355125736344542e-08, "Energy_GPU": 0, "Energy_CPU": 2.4305370118882924e-07, "CO2_Emissions": 3.303253192134058e-08, "_wandb": {"runtime": 22}}