{"mse_TEDA": 1.7456831441668582e-07, "_timestamp": 1678941918.5099995, "_runtime": 27.03441858291626, "_step": 0, "Energy_Consumed": 3.7004175930759533e-07, "Energy_RAM": 3.4955837490239605e-08, "Energy_GPU": 0, "Energy_CPU": 3.350859218173557e-07, "CO2_Emissions": 4.5540291526868376e-08, "_wandb": {"runtime": 26}}