{"mse_TEDA": 6.431955596930191e-07, "_timestamp": 1679851575.178147, "_runtime": 30.642091989517212, "_step": 0, "Energy_Consumed": 3.606402523044178e-07, "Energy_RAM": 3.406772812771427e-08, "Energy_GPU": 0, "Energy_CPU": 3.2657252417670356e-07, "CO2_Emissions": 4.4383267058825284e-08, "_wandb": {"runtime": 29}}