{"mse_TEDA": 4.3602129234429685e-07, "_timestamp": 1679968379.8318954, "_runtime": 24.683741331100464, "_step": 0, "Energy_Consumed": 3.3381800470528513e-07, "Energy_RAM": 3.153397591025472e-08, "Energy_GPU": 0, "Energy_CPU": 3.022840287950304e-07, "CO2_Emissions": 4.108230724997575e-08, "_wandb": {"runtime": 23}}