{"mse_TEDA": 2.8103400311060375e-07, "_timestamp": 1678946461.2907813, "_runtime": 27.147096157073975, "_step": 0, "Energy_Consumed": 4.6860297300023985e-07, "Energy_RAM": 4.426638064387589e-08, "Energy_GPU": 0, "Energy_CPU": 4.2433659235636394e-07, "CO2_Emissions": 5.767002092066351e-08, "_wandb": {"runtime": 26}}