{"mse_TEDA": 5.129538850103208e-07, "_timestamp": 1678931466.1678007, "_runtime": 26.184505701065063, "_step": 0, "Energy_Consumed": 4.026756986677861e-07, "Energy_RAM": 3.8038588699388734e-08, "Energy_GPU": 0, "Energy_CPU": 3.6463710996839737e-07, "CO2_Emissions": 4.95564844963161e-08, "_wandb": {"runtime": 25}}