{"mse_TEDA": 1.7456831441668582e-07, "_timestamp": 1678942108.2857897, "_runtime": 29.897429704666138, "_step": 0, "Energy_Consumed": 4.0667098077695604e-07, "Energy_RAM": 3.841600132545864e-08, "Energy_GPU": 0, "Energy_CPU": 3.682549794514974e-07, "CO2_Emissions": 5.004817579170971e-08, "_wandb": {"runtime": 24}}