{"mse_TEDA": 1.8091168950211855e-07, "_timestamp": 1679875189.6365364, "_runtime": 28.264337301254272, "_step": 0, "Energy_Consumed": 2.937679125217427e-07, "Energy_RAM": 2.775066097721416e-08, "Energy_GPU": 0, "Energy_CPU": 2.6601725154452855e-07, "CO2_Emissions": 3.6153423339334804e-08, "_wandb": {"runtime": 27}}