{"mse_TEDA": 7.730275597023127e-07, "_timestamp": 1678930672.9279501, "_runtime": 29.963444232940674, "_step": 0, "Energy_Consumed": 4.027135831982934e-07, "Energy_RAM": 3.80421674454586e-08, "Energy_GPU": 0, "Energy_CPU": 3.646714157528348e-07, "CO2_Emissions": 4.9561146868927475e-08, "_wandb": {"runtime": 29}}