{"mse_TEDA": 1.7388620610156288e-07, "_timestamp": 1679866139.3379004, "_runtime": 32.04832935333252, "_step": 0, "Energy_Consumed": 3.58199259852275e-07, "Energy_RAM": 3.38371408133753e-08, "Energy_GPU": 0, "Energy_CPU": 3.243621190388997e-07, "CO2_Emissions": 4.40828590505684e-08, "_wandb": {"runtime": 31}}