{"mse_RLS": 2.1431971904242043e-07, "_timestamp": 1679617621.1216133, "_runtime": 37.48634433746338, "_step": 0, "Energy_Consumed": 5.647539114276394e-07, "Energy_RAM": 5.334923816917581e-08, "Energy_GPU": 0, "Energy_CPU": 5.114046732584635e-07, "CO2_Emissions": 6.950312260831908e-08, "_wandb": {"runtime": 36}}