{"mse_TEDA": 9.892783858873526e-07, "_timestamp": 1679881289.0128553, "_runtime": 27.873870372772217, "_step": 0, "Energy_Consumed": 3.338978693912193e-07, "Energy_RAM": 3.154152029386145e-08, "Energy_GPU": 0, "Energy_CPU": 3.0235634909735787e-07, "CO2_Emissions": 4.109213603548079e-08, "_wandb": {"runtime": 27}}