{"mse_TEDA": 7.032978289158336e-08, "_timestamp": 1678944278.0995393, "_runtime": 26.27423930168152, "_step": 0, "Energy_Consumed": 2.6294423937606047e-07, "Energy_RAM": 2.4838915796484196e-08, "Energy_GPU": 0, "Energy_CPU": 2.381053235795763e-07, "CO2_Emissions": 3.2360016174668184e-08, "_wandb": {"runtime": 25}}