{"mse_TEDA": 1.5827274348956437e-07, "_timestamp": 1679864304.8949418, "_runtime": 31.701759815216064, "_step": 0, "Energy_Consumed": 3.807651292536068e-07, "Energy_RAM": 3.5968816073742957e-08, "Energy_GPU": 0, "Energy_CPU": 3.4479631317986383e-07, "CO2_Emissions": 4.685999499602707e-08, "_wandb": {"runtime": 30}}