{"mse_TEDA": 4.803617166548283e-07, "_timestamp": 1678931166.2216241, "_runtime": 25.459373235702515, "_step": 0, "Energy_Consumed": 3.2746201862715273e-07, "Energy_RAM": 2.5192824765933135e-08, "Energy_GPU": 0, "Energy_CPU": 3.022691938612196e-07, "CO2_Emissions": 4.030008888770096e-08, "_wandb": {"runtime": 24}}