{"mse_TEDA": 2.8530998822998015e-07, "_timestamp": 1679861594.777051, "_runtime": 31.64510488510132, "_step": 0, "Energy_Consumed": 3.5957365547523705e-07, "Energy_RAM": 3.312351950247224e-08, "Energy_GPU": 0, "Energy_CPU": 3.264501359727648e-07, "CO2_Emissions": 4.4252003142467814e-08, "_wandb": {"runtime": 30}}