{"mse_TEDA": 1.3135221164995035e-07, "_timestamp": 1679866718.3494484, "_runtime": 31.97531533241272, "_step": 0, "Energy_Consumed": 3.786016153897739e-07, "Energy_RAM": 3.5764440656294035e-08, "Energy_GPU": 0, "Energy_CPU": 3.4283717473347985e-07, "CO2_Emissions": 4.659373571689671e-08, "_wandb": {"runtime": 31}}