{"mse_TEDA": 8.480312515121686e-07, "_timestamp": 1679990638.1216705, "_runtime": 23.451701402664185, "_step": 0, "Energy_Consumed": 3.337893353308472e-07, "Energy_RAM": 3.153126766998563e-08, "Energy_GPU": 0, "Energy_CPU": 3.0225806766086155e-07, "CO2_Emissions": 4.107877896799957e-08, "_wandb": {"runtime": 22}}