{"mse_TEDA": 6.583753064239672e-08, "_timestamp": 1678952930.7041118, "_runtime": 28.333194732666016, "_step": 0, "Energy_Consumed": 3.336572514271868e-07, "Energy_RAM": 3.151879042017451e-08, "Energy_GPU": 0, "Energy_CPU": 3.021384610070123e-07, "CO2_Emissions": 4.106252366889507e-08, "_wandb": {"runtime": 27}}