{"mse_TEDA": 2.2157368213420192e-07, "_timestamp": 1679877317.68513, "_runtime": 28.00936484336853, "_step": 0, "Energy_Consumed": 4.01037448699905e-07, "Energy_RAM": 3.788383211258406e-08, "Energy_GPU": 0, "Energy_CPU": 3.6315361658732095e-07, "CO2_Emissions": 4.935486838339202e-08, "_wandb": {"runtime": 27}}