{"mse_TEDA": 2.142816656214282e-07, "_timestamp": 1679975975.4894805, "_runtime": 25.448931455612183, "_step": 0, "Energy_Consumed": 4.7637544519160555e-07, "Energy_RAM": 4.500060392539733e-08, "Energy_GPU": 0, "Energy_CPU": 4.3137484126620823e-07, "CO2_Emissions": 5.86265633664177e-08, "_wandb": {"runtime": 24}}