{"mse_TEDA": 1.1306962065351475e-07, "_timestamp": 1679984110.7218049, "_runtime": 26.439937829971313, "_step": 0, "Energy_Consumed": 3.355217846718814e-07, "Energy_RAM": 3.1694922760531575e-08, "Energy_GPU": 0, "Energy_CPU": 3.0382686191134984e-07, "CO2_Emissions": 4.1291988007416786e-08, "_wandb": {"runtime": 25}}