{"mse_TEDA": 3.7977374104257927e-07, "_timestamp": 1678934938.5214627, "_runtime": 25.765730619430542, "_step": 0, "Energy_Consumed": 3.3340332268216517e-07, "Energy_RAM": 3.149480314921978e-08, "Energy_GPU": 0, "Energy_CPU": 3.019085195329454e-07, "CO2_Emissions": 4.103127317139183e-08, "_wandb": {"runtime": 24}}