{"mse_TEDA": 2.7972068969906754e-06, "_timestamp": 1679989350.7770746, "_runtime": 26.732964515686035, "_step": 0, "Energy_Consumed": 5.351742843513168e-07, "Energy_RAM": 5.0555011271550635e-08, "Energy_GPU": 0, "Energy_CPU": 4.846192730797662e-07, "CO2_Emissions": 6.58628176794042e-08, "_wandb": {"runtime": 25}}