{"mse_TEDA": 1.7388620610156288e-07, "_timestamp": 1679865656.5940096, "_runtime": 32.03312969207764, "_step": 0, "Energy_Consumed": 3.737411325163167e-07, "Energy_RAM": 3.53052972078179e-08, "Energy_GPU": 0, "Energy_CPU": 3.384358353084988e-07, "CO2_Emissions": 4.599556591186506e-08, "_wandb": {"runtime": 31}}