{"mse_RLS": 1.2178923540744506e-06, "_timestamp": 1679616684.7153797, "_runtime": 37.11888074874878, "_step": 0, "Energy_Consumed": 1.6175056276627704e-07, "Energy_RAM": 1.5279698152426138e-08, "Energy_GPU": 0, "Energy_CPU": 1.4647086461385092e-07, "CO2_Emissions": 1.9906314889418165e-08, "_wandb": {"runtime": 36}}