{"mse_TEDA": 2.5601835501182405e-07, "_timestamp": 1678951582.9886827, "_runtime": 27.478689670562744, "_step": 0, "Energy_Consumed": 3.6701099686701537e-07, "Energy_RAM": 3.466953780465095e-08, "Energy_GPU": 0, "Energy_CPU": 3.323414590623644e-07, "CO2_Emissions": 4.516730171795882e-08, "_wandb": {"runtime": 26}}