{"mse_TEDA": 2.3297299017873242e-07, "_timestamp": 1679988772.200193, "_runtime": 28.703014850616455, "_step": 0, "Energy_Consumed": 6.037729300376466e-07, "Energy_RAM": 5.7035153175396165e-08, "Energy_GPU": 0, "Energy_CPU": 5.467377768622504e-07, "CO2_Emissions": 7.430511437788843e-08, "_wandb": {"runtime": 27}}