{"mse_TEDA": 2.231440145536473e-06, "_timestamp": 1679989912.6260138, "_runtime": 25.39367175102234, "_step": 0, "Energy_Consumed": 3.338098134554457e-07, "Energy_RAM": 3.153320212732069e-08, "Energy_GPU": 0, "Energy_CPU": 3.02276611328125e-07, "CO2_Emissions": 4.1081299169411124e-08, "_wandb": {"runtime": 24}}