{"mse_TEDA": 4.725418296370004e-07, "_timestamp": 1679973836.72443, "_runtime": 23.619938135147095, "_step": 0, "Energy_Consumed": 3.3364394064619774e-07, "Energy_RAM": 3.151753302290672e-08, "Energy_GPU": 0, "Energy_CPU": 3.02126407623291e-07, "CO2_Emissions": 4.106088553797756e-08, "_wandb": {"runtime": 22}}