{"mse_TEDA": 6.635461827685495e-07, "_timestamp": 1679968648.069994, "_runtime": 25.32987093925476, "_step": 0, "Energy_Consumed": 3.3357943455371244e-07, "Energy_RAM": 3.151143948230129e-08, "Energy_GPU": 0, "Energy_CPU": 3.0206799507141116e-07, "CO2_Emissions": 4.1052946903531176e-08, "_wandb": {"runtime": 24}}