{"mse_TEDA": 2.0631567023236276e-07, "_timestamp": 1678947703.619509, "_runtime": 27.494298934936523, "_step": 0, "Energy_Consumed": 3.2968654306753504e-07, "Energy_RAM": 3.114369914290668e-08, "Energy_GPU": 0, "Energy_CPU": 2.985428439246284e-07, "CO2_Emissions": 4.057385661519532e-08, "_wandb": {"runtime": 26}}