{"mse_TEDA": 4.018478189062551e-07, "_timestamp": 1679971171.3056374, "_runtime": 24.9326913356781, "_step": 0, "Energy_Consumed": 4.026419097621986e-07, "Energy_RAM": 3.803539684478589e-08, "Energy_GPU": 0, "Energy_CPU": 3.646065129174127e-07, "CO2_Emissions": 4.9552326163987045e-08, "_wandb": {"runtime": 24}}