{"mse_TEDA": 7.161508027641367e-08, "_timestamp": 1678943689.567288, "_runtime": 26.415977954864502, "_step": 0, "Energy_Consumed": 3.222857488376323e-07, "Energy_RAM": 3.044458626201655e-08, "Energy_GPU": 0, "Energy_CPU": 2.918411625756158e-07, "CO2_Emissions": 3.966305582506077e-08, "_wandb": {"runtime": 25}}