{"mse_TEDA": 4.3602129234429685e-07, "_timestamp": 1679851719.204371, "_runtime": 30.538408041000366, "_step": 0, "Energy_Consumed": 3.753957649838766e-07, "Energy_RAM": 3.546160136049063e-08, "Energy_GPU": 0, "Energy_CPU": 3.39934163623386e-07, "CO2_Emissions": 4.619919818591839e-08, "_wandb": {"runtime": 29}}