{"mse_TEDA": 3.6874978405019186e-07, "_timestamp": 1679856058.4883988, "_runtime": 31.376943826675415, "_step": 0, "Energy_Consumed": 1.1756737069501672e-06, "Energy_RAM": 1.1105951695450738e-07, "Energy_GPU": 0, "Energy_CPU": 1.0646141899956598e-06, "CO2_Emissions": 1.4468778727883883e-07, "_wandb": {"runtime": 30}}