{"mse_TEDA": 2.811925865600243e-07, "_timestamp": 1678937787.391296, "_runtime": 27.183425903320312, "_step": 0, "Energy_Consumed": 3.3373916392558086e-07, "Energy_RAM": 3.152652824951475e-08, "Energy_GPU": 0, "Energy_CPU": 3.022126356760661e-07, "CO2_Emissions": 4.1072604474541275e-08, "_wandb": {"runtime": 26}}