{"mse_TEDA": 1.3953174700230186e-07, "_timestamp": 1679870800.8092456, "_runtime": 32.33699870109558, "_step": 0, "Energy_Consumed": 3.71960840799122e-07, "Energy_RAM": 3.476094091373246e-08, "Energy_GPU": 0, "Energy_CPU": 3.3719989988538954e-07, "CO2_Emissions": 4.5776469007895035e-08, "_wandb": {"runtime": 31}}