{"mse_TEDA": 7.725959069770776e-07, "_timestamp": 1679852491.0210788, "_runtime": 31.999029874801636, "_step": 0, "Energy_Consumed": 3.723946958239645e-07, "Energy_RAM": 3.517810663803781e-08, "Energy_GPU": 0, "Energy_CPU": 3.3721658918592666e-07, "CO2_Emissions": 4.5829862669055585e-08, "_wandb": {"runtime": 31}}