{"mse_RLS": 2.721575539087157e-06, "_timestamp": 1680034692.1091912, "_runtime": 27.198986291885376, "_step": 0, "Energy_Consumed": 9.4326337525672e-08, "Energy_RAM": 8.910497376746207e-09, "Energy_GPU": 0, "Energy_CPU": 8.541584014892579e-08, "CO2_Emissions": 1.160855174188638e-08, "_wandb": {"runtime": 26}}