{"mse_TEDA": 2.9900308007701104e-07, "_timestamp": 1679975748.86899, "_runtime": 24.512841939926147, "_step": 0, "Energy_Consumed": 3.3381902861151504e-07, "Energy_RAM": 3.153407263312147e-08, "Energy_GPU": 0, "Energy_CPU": 3.022849559783936e-07, "CO2_Emissions": 4.108243326004632e-08, "_wandb": {"runtime": 23}}