{"mse_TEDA": 2.8530998822998015e-07, "_timestamp": 1679975448.5782354, "_runtime": 26.37439727783203, "_step": 0, "Energy_Consumed": 3.338087895492158e-07, "Energy_RAM": 3.153310540445394e-08, "Energy_GPU": 0, "Energy_CPU": 3.0227568414476184e-07, "CO2_Emissions": 4.1081173159340544e-08, "_wandb": {"runtime": 25}}