{"mse_TEDA": 1.8484462114278483e-07, "_timestamp": 1679979061.5422757, "_runtime": 26.061999559402466, "_step": 0, "Energy_Consumed": 3.338825107977704e-07, "Energy_RAM": 3.154006945086015e-08, "Energy_GPU": 0, "Energy_CPU": 3.0234244134691024e-07, "CO2_Emissions": 4.109024588442212e-08, "_wandb": {"runtime": 25}}