{"mse_TEDA": 8.753568146675801e-08, "_timestamp": 1678944877.0153742, "_runtime": 26.836942195892334, "_step": 0, "Energy_Consumed": 3.829440017108886e-07, "Energy_RAM": 3.617464233419317e-08, "Energy_GPU": 0, "Energy_CPU": 3.4676935937669544e-07, "CO2_Emissions": 4.71281444262161e-08, "_wandb": {"runtime": 26}}