{"mse_TEDA": 2.600689140277876e-07, "_timestamp": 1678952770.9004555, "_runtime": 27.55596137046814, "_step": 0, "Energy_Consumed": 3.3395111251517545e-07, "Energy_RAM": 3.1546549882932595e-08, "Energy_GPU": 0, "Energy_CPU": 3.0240456263224285e-07, "CO2_Emissions": 4.109868855915082e-08, "_wandb": {"runtime": 26}}