{"mse_TEDA": 1.7070212468269346e-07, "_timestamp": 1678942448.4869795, "_runtime": 26.72650146484375, "_step": 0, "Energy_Consumed": 3.721776277032202e-07, "Energy_RAM": 3.515760139028619e-08, "Energy_GPU": 0, "Energy_CPU": 3.37020026312934e-07, "CO2_Emissions": 4.580314853409314e-08, "_wandb": {"runtime": 25}}