{"mse_TEDA": 2.2155340959184598e-07, "_timestamp": 1678949728.1145155, "_runtime": 26.90721559524536, "_step": 0, "Energy_Consumed": 2.800209474787607e-07, "Energy_RAM": 2.645205976818943e-08, "Energy_GPU": 0, "Energy_CPU": 2.535688877105713e-07, "CO2_Emissions": 3.446161213176059e-08, "_wandb": {"runtime": 26}}