{"mse_TEDA": 2.501534567731034e-07, "_timestamp": 1678939662.0080879, "_runtime": 27.563743829727173, "_step": 0, "Energy_Consumed": 3.9450185523428947e-07, "Energy_RAM": 3.7266450054100155e-08, "Energy_GPU": 0, "Energy_CPU": 3.572354051801893e-07, "CO2_Emissions": 4.85505461028955e-08, "_wandb": {"runtime": 26}}