{"mse_TEDA": 4.221295186441879e-07, "_timestamp": 1679972938.8834305, "_runtime": 24.402892589569092, "_step": 0, "Energy_Consumed": 3.789210741335107e-07, "Energy_RAM": 3.5794618190720944e-08, "Energy_GPU": 0, "Energy_CPU": 3.4312645594278974e-07, "CO2_Emissions": 4.6633050858916906e-08, "_wandb": {"runtime": 23}}