{"mse_TEDA": 1.7686907623656133e-07, "_timestamp": 1679974918.301102, "_runtime": 23.81059503555298, "_step": 0, "Energy_Consumed": 1.1389871467319305e-06, "Energy_RAM": 1.0759393663875018e-07, "Energy_GPU": 0, "Energy_CPU": 1.0313932100931803e-06, "CO2_Emissions": 1.4017284645004514e-07, "_wandb": {"runtime": 22}}