{"mse_TEDA": 3.108782384528567e-07, "_timestamp": 1678938612.6201706, "_runtime": 27.90171456336975, "_step": 0, "Energy_Consumed": 3.497366748619394e-07, "Energy_RAM": 3.30377263196624e-08, "Energy_GPU": 0, "Energy_CPU": 3.16698948542277e-07, "CO2_Emissions": 4.304138581724494e-08, "_wandb": {"runtime": 27}}