{"mse_TEDA": 3.311482454177867e-07, "_timestamp": 1678935803.1744535, "_runtime": 27.260266542434692, "_step": 0, "Energy_Consumed": 4.023439530492902e-07, "Energy_RAM": 3.800725049056079e-08, "Energy_GPU": 0, "Energy_CPU": 3.643367025587294e-07, "CO2_Emissions": 4.9515657233448975e-08, "_wandb": {"runtime": 26}}