{"mse_TEDA": 2.771151655921683e-06, "_timestamp": 1679989952.8188536, "_runtime": 28.18081569671631, "_step": 0, "Energy_Consumed": 8.690608907740069e-07, "Energy_RAM": 8.20954676138778e-08, "Energy_GPU": 0, "Energy_CPU": 7.869654231601291e-07, "CO2_Emissions": 1.0695356760410863e-07, "_wandb": {"runtime": 27}}