{"mse_TEDA": 1.7210337310910684e-07, "_timestamp": 1678941842.784658, "_runtime": 26.66694688796997, "_step": 0, "Energy_Consumed": 3.9222263996647496e-07, "Energy_RAM": 3.7051144952708154e-08, "Energy_GPU": 0, "Energy_CPU": 3.551714950137668e-07, "CO2_Emissions": 4.827004768578987e-08, "_wandb": {"runtime": 25}}