{"mse_TEDA": 2.9003527828683703e-08, "_timestamp": 1678949076.1337967, "_runtime": 27.1483736038208, "_step": 0, "Energy_Consumed": 3.7760842634674597e-07, "Energy_RAM": 3.5670619475543696e-08, "Energy_GPU": 0, "Energy_CPU": 3.419378068712023e-07, "CO2_Emissions": 4.647150594843648e-08, "_wandb": {"runtime": 26}}