{"mse_TEDA": 2.380139386632416e-07, "_timestamp": 1679869330.5668406, "_runtime": 32.22581362724304, "_step": 0, "Energy_Consumed": 3.918407229427127e-07, "Energy_RAM": 3.701506732340931e-08, "Energy_GPU": 0, "Energy_CPU": 3.548256556193034e-07, "CO2_Emissions": 4.8223045929464446e-08, "_wandb": {"runtime": 31}}