{"mse_TEDA": 3.0188817169304697e-06, "_timestamp": 1679990011.6374488, "_runtime": 43.0736927986145, "_step": 0, "Energy_Consumed": 3.4524781850590597e-06, "Energy_RAM": 3.254011618707864e-07, "Energy_GPU": 0, "Energy_CPU": 3.1270770231882733e-06, "CO2_Emissions": 4.248895133671899e-07, "_wandb": {"runtime": 41}}