{"mse_TEDA": 2.6661478733418994e-07, "_timestamp": 1678947223.5724943, "_runtime": 29.557953357696533, "_step": 0, "Energy_Consumed": 3.9978213966201615e-07, "Energy_RAM": 3.776524987794498e-08, "Energy_GPU": 0, "Energy_CPU": 3.620168897840712e-07, "CO2_Emissions": 4.920038003686394e-08, "_wandb": {"runtime": 28}}