{"mse_TEDA": 6.626249401409924e-07, "_timestamp": 1679969577.8575315, "_runtime": 24.912811517715454, "_step": 0, "Energy_Consumed": 3.3416818063591967e-07, "Energy_RAM": 3.1567055130684215e-08, "Energy_GPU": 0, "Energy_CPU": 3.0260112550523543e-07, "CO2_Emissions": 4.112540269411327e-08, "_wandb": {"runtime": 23}}