{"mse_TEDA": 1.7686907623656133e-07, "_timestamp": 1679860439.9542758, "_runtime": 31.845212936401367, "_step": 0, "Energy_Consumed": 1.3757306495904232e-06, "Energy_RAM": 1.2995781099789383e-07, "Energy_GPU": 0, "Energy_CPU": 1.2457728385925293e-06, "CO2_Emissions": 1.6930839092870435e-07, "_wandb": {"runtime": 30}}