{"mse_TEDA": 1.1890709866313956e-07, "_timestamp": 1678945547.2902515, "_runtime": 28.078612565994263, "_step": 0, "Energy_Consumed": 5.302697735099729e-07, "Energy_RAM": 5.009170873980414e-08, "Energy_GPU": 0, "Energy_CPU": 4.801780647701688e-07, "CO2_Emissions": 6.525922944133772e-08, "_wandb": {"runtime": 27}}