{"mse_TEDA": 3.925904069571106e-07, "_timestamp": 1679857693.7981474, "_runtime": 31.239641427993774, "_step": 0, "Energy_Consumed": 3.7184281036603454e-07, "Energy_RAM": 3.5125973012857994e-08, "Energy_GPU": 0, "Energy_CPU": 3.3671683735317656e-07, "CO2_Emissions": 4.5761943241014286e-08, "_wandb": {"runtime": 30}}