{"mse_TEDA": 1.5062758608356837e-07, "_timestamp": 1679980744.1292305, "_runtime": 25.993666410446167, "_step": 0, "Energy_Consumed": 4.6839614394179483e-07, "Energy_RAM": 4.4246842624791806e-08, "Energy_GPU": 0, "Energy_CPU": 4.2414930131700304e-07, "CO2_Emissions": 5.7644566886406835e-08, "_wandb": {"runtime": 25}}