{"mse_TEDA": 4.7663187927950593e-07, "_timestamp": 1678933733.0099149, "_runtime": 26.040339946746826, "_step": 0, "Energy_Consumed": 3.521899541888413e-07, "Energy_RAM": 3.32694743084024e-08, "Energy_GPU": 0, "Energy_CPU": 3.189204798804389e-07, "CO2_Emissions": 4.334330594634875e-08, "_wandb": {"runtime": 25}}