{"mse_TEDA": 1.9315791111068045e-07, "_timestamp": 1679987813.7979615, "_runtime": 31.470725536346436, "_step": 0, "Energy_Consumed": 3.3377295283116836e-07, "Energy_RAM": 3.152972010411759e-08, "Energy_GPU": 0, "Energy_CPU": 3.022432327270508e-07, "CO2_Emissions": 4.1076762806870326e-08, "_wandb": {"runtime": 30}}