{"mse_TEDA": 2.0482241176924275e-07, "_timestamp": 1679864883.998621, "_runtime": 32.212053060531616, "_step": 0, "Energy_Consumed": 3.819159998560432e-07, "Energy_RAM": 3.6077532575973236e-08, "Energy_GPU": 0, "Energy_CPU": 3.4583846728007e-07, "CO2_Emissions": 4.700163031535624e-08, "_wandb": {"runtime": 31}}