{"mse_TEDA": 3.108782384528567e-07, "_timestamp": 1679977232.0336342, "_runtime": 24.240878105163574, "_step": 0, "Energy_Consumed": 3.337596420501793e-07, "Energy_RAM": 3.15284627068498e-08, "Energy_GPU": 0, "Energy_CPU": 3.022311793433295e-07, "CO2_Emissions": 4.107512467595282e-08, "_wandb": {"runtime": 23}}