{"mse_TEDA": 4.533625374159868e-07, "_timestamp": 1679879655.9035056, "_runtime": 27.343342542648315, "_step": 0, "Energy_Consumed": 3.339633993899346e-07, "Energy_RAM": 3.1547710557333636e-08, "Energy_GPU": 0, "Energy_CPU": 3.0241568883260094e-07, "CO2_Emissions": 4.110020067999776e-08, "_wandb": {"runtime": 26}}