{"mse_TEDA": 1.6907475201990146e-07, "_timestamp": 1679867107.0988674, "_runtime": 32.42404246330261, "_step": 0, "Energy_Consumed": 3.8766011380592623e-07, "Energy_RAM": 3.6620147858457136e-08, "Energy_GPU": 0, "Energy_CPU": 3.510399659474691e-07, "CO2_Emissions": 4.7708546811296304e-08, "_wandb": {"runtime": 31}}