{"mse_TEDA": 3.5924945595225543e-07, "_timestamp": 1678935576.7971332, "_runtime": 27.182425260543823, "_step": 0, "Energy_Consumed": 2.853923595609508e-07, "Energy_RAM": 2.6959467927175264e-08, "Energy_GPU": 0, "Energy_CPU": 2.5843289163377554e-07, "CO2_Emissions": 3.512266096201044e-08, "_wandb": {"runtime": 26}}