{"mse_TEDA": 3.0188817169304697e-06, "_timestamp": 1679878438.904407, "_runtime": 27.10912013053894, "_step": 0, "Energy_Consumed": 3.3620984965839146e-07, "Energy_RAM": 3.1759920526989544e-08, "Energy_GPU": 0, "Energy_CPU": 3.044499291314019e-07, "CO2_Emissions": 4.13766667748449e-08, "_wandb": {"runtime": 26}}