{"mse_TEDA": 6.43693829740448e-07, "_timestamp": 1679967257.8724928, "_runtime": 31.371378898620605, "_step": 0, "Energy_Consumed": 3.6798473169167466e-07, "Energy_RAM": 3.476152125093298e-08, "Energy_GPU": 0, "Energy_CPU": 3.332232104407417e-07, "CO2_Emissions": 4.528713729507807e-08, "_wandb": {"runtime": 30}}