{"mse_TEDA": 2.771151655921683e-06, "_timestamp": 1679878611.3456736, "_runtime": 27.0501766204834, "_step": 0, "Energy_Consumed": 3.314742833449853e-07, "Energy_RAM": 3.131257726825728e-08, "Energy_GPU": 0, "Energy_CPU": 3.00161706076728e-07, "CO2_Emissions": 4.0793870198423734e-08, "_wandb": {"runtime": 26}}