{"mse_TEDA": 3.406141264910615e-07, "_timestamp": 1679970392.069017, "_runtime": 25.011312007904053, "_step": 0, "Energy_Consumed": 5.35556201375079e-07, "Energy_RAM": 5.059108890084948e-08, "Energy_GPU": 0, "Energy_CPU": 4.849651124742296e-07, "CO2_Emissions": 6.590981943572961e-08, "_wandb": {"runtime": 24}}