{"mse_TEDA": 4.0799399940082387e-07, "_timestamp": 1679851006.3853354, "_runtime": 30.367797374725342, "_step": 0, "Energy_Consumed": 5.986380402945694e-07, "Energy_RAM": 5.6550087998630263e-08, "Energy_GPU": 0, "Energy_CPU": 5.420879522959391e-07, "CO2_Emissions": 7.3673173873942e-08, "_wandb": {"runtime": 29}}