{"mse_TEDA": 2.9396701671244693e-06, "_timestamp": 1679881546.8111007, "_runtime": 28.53231167793274, "_step": 0, "Energy_Consumed": 3.6930966635319847e-07, "Energy_RAM": 3.488668064051126e-08, "Energy_GPU": 0, "Energy_CPU": 3.344229857126872e-07, "CO2_Emissions": 4.5450194326405426e-08, "_wandb": {"runtime": 27}}