{"mse_TEDA": 2.501534567731034e-07, "_timestamp": 1678939100.4947898, "_runtime": 27.95593786239624, "_step": 0, "Energy_Consumed": 3.5558215552858503e-07, "Energy_RAM": 3.358991716595483e-08, "Energy_GPU": 0, "Energy_CPU": 3.219922383626302e-07, "CO2_Emissions": 4.376077731017218e-08, "_wandb": {"runtime": 27}}