{"mse_TEDA": 4.533625374159868e-07, "_timestamp": 1679880089.1092384, "_runtime": 26.830930471420288, "_step": 0, "Energy_Consumed": 4.2284357967863195e-07, "Energy_RAM": 3.9943739005821045e-08, "Energy_GPU": 0, "Energy_CPU": 3.828998406728109e-07, "CO2_Emissions": 5.2038504856482143e-08, "_wandb": {"runtime": 25}}