{"mse_TEDA": 1.318398059449535e-07, "_timestamp": 1679876025.1690333, "_runtime": 27.54624319076538, "_step": 0, "Energy_Consumed": 5.299021911734296e-07, "Energy_RAM": 5.005698523063984e-08, "Energy_GPU": 0, "Energy_CPU": 4.798452059427897e-07, "CO2_Emissions": 6.521399182600038e-08, "_wandb": {"runtime": 26}}