{"mse_TEDA": 7.505154025744124e-08, "_timestamp": 1679876420.2643726, "_runtime": 25.609846591949463, "_step": 0, "Energy_Consumed": 2.685450064537539e-07, "Energy_RAM": 2.536798987762268e-08, "Energy_GPU": 0, "Energy_CPU": 2.4317701657613123e-07, "CO2_Emissions": 3.30492912607274e-08, "_wandb": {"runtime": 24}}