{"mse_TEDA": 2.0161769694194257e-07, "_timestamp": 1679877656.2374227, "_runtime": 25.848814725875854, "_step": 0, "Energy_Consumed": 3.30101225090655e-07, "Energy_RAM": 3.118287190394161e-08, "Energy_GPU": 0, "Energy_CPU": 2.9891835318671337e-07, "CO2_Emissions": 4.0624890693779236e-08, "_wandb": {"runtime": 24}}