{"mse_TEDA": 3.383577339780479e-07, "_timestamp": 1679970279.5250037, "_runtime": 25.434016704559326, "_step": 0, "Energy_Consumed": 1.1406745441988481e-06, "Energy_RAM": 1.0775333592315898e-07, "Energy_GPU": 0, "Energy_CPU": 1.032921208275689e-06, "CO2_Emissions": 1.4038051104635697e-07, "_wandb": {"runtime": 24}}