{"mse_TEDA": 1.6633253738432743e-07, "_timestamp": 1678941768.6109874, "_runtime": 27.728477478027344, "_step": 0, "Energy_Consumed": 3.3808155024669557e-07, "Energy_RAM": 3.1936729927413885e-08, "Energy_GPU": 0, "Energy_CPU": 3.061448203192817e-07, "CO2_Emissions": 4.160701318386067e-08, "_wandb": {"runtime": 26}}