{"mse_TEDA": 4.953147874318665e-07, "_timestamp": 1679971061.8566308, "_runtime": 23.493624687194824, "_step": 0, "Energy_Consumed": 3.3398387751453303e-07, "Energy_RAM": 3.154964501466869e-08, "Energy_GPU": 0, "Energy_CPU": 3.0243423249986436e-07, "CO2_Emissions": 4.11027208814093e-08, "_wandb": {"runtime": 22}}