{"mse_TEDA": 3.224433536707322e-07, "_timestamp": 1678937115.0998075, "_runtime": 27.09428358078003, "_step": 0, "Energy_Consumed": 3.5200462716122476e-07, "Energy_RAM": 3.325196746952012e-08, "Energy_GPU": 0, "Energy_CPU": 3.1875265969170466e-07, "CO2_Emissions": 4.332049812357422e-08, "_wandb": {"runtime": 26}}