{"mse_TEDA": 4.1430576815159535e-07, "_timestamp": 1678934332.8340163, "_runtime": 26.085596323013306, "_step": 0, "Energy_Consumed": 3.5109232671036103e-07, "Energy_RAM": 3.316578739524327e-08, "Energy_GPU": 0, "Energy_CPU": 3.1792653931511773e-07, "CO2_Emissions": 4.3208223150689623e-08, "_wandb": {"runtime": 25}}