{"mse_TEDA": 1.0696369066780603e-07, "_timestamp": 1679984816.251599, "_runtime": 34.486390113830566, "_step": 0, "Energy_Consumed": 3.337627137688691e-07, "Energy_RAM": 3.152875287545006e-08, "Energy_GPU": 0, "Energy_CPU": 3.0223396089341906e-07, "CO2_Emissions": 4.1075502706164556e-08, "_wandb": {"runtime": 33}}