{"mse_RLS": 2.0746307426498385e-06, "_timestamp": 1679616406.7902262, "_runtime": 31.860977172851562, "_step": 0, "Energy_Consumed": 7.089762234438191e-07, "Energy_RAM": 6.697313756565867e-08, "Energy_GPU": 0, "Energy_CPU": 6.420030858781604e-07, "CO2_Emissions": 8.725227109952015e-08, "_wandb": {"runtime": 30}}