{"mse_TEDA": 7.964179007186512e-08, "_timestamp": 1679874845.587045, "_runtime": 26.922513961791992, "_step": 0, "Energy_Consumed": 1.2604234495073444e-06, "Energy_RAM": 1.1906536535851349e-07, "Energy_GPU": 0, "Energy_CPU": 1.1413580841488309e-06, "CO2_Emissions": 1.5511776683061337e-07, "_wandb": {"runtime": 26}}