{"mse_TEDA": 3.120971964792153e-07, "_timestamp": 1678936363.9179487, "_runtime": 26.398931741714478, "_step": 0, "Energy_Consumed": 3.3375657033148956e-07, "Energy_RAM": 3.152817253824954e-08, "Energy_GPU": 0, "Energy_CPU": 3.0222839779324004e-07, "CO2_Emissions": 4.107474664574109e-08, "_wandb": {"runtime": 25}}