{"mse_TEDA": 3.528241028721357e-07, "_timestamp": 1679863340.9989367, "_runtime": 32.422775745391846, "_step": 0, "Energy_Consumed": 3.9773842282708453e-07, "Energy_RAM": 3.757219103590615e-08, "Energy_GPU": 0, "Energy_CPU": 3.601662317911784e-07, "CO2_Emissions": 4.894886393599114e-08, "_wandb": {"runtime": 31}}