{"mse_TEDA": 2.0631567023236276e-07, "_timestamp": 1678948088.1154888, "_runtime": 26.901020765304565, "_step": 0, "Energy_Consumed": 3.0091989753777346e-07, "Energy_RAM": 2.8426270201483326e-08, "Energy_GPU": 0, "Energy_CPU": 2.7249362733629013e-07, "CO2_Emissions": 3.7033603682319e-08, "_wandb": {"runtime": 26}}