{"mse_TEDA": 3.1126918090711686e-07, "_timestamp": 1679854517.1028662, "_runtime": 31.222936153411865, "_step": 0, "Energy_Consumed": 5.783458670763746e-07, "Energy_RAM": 5.424063610917074e-08, "Energy_GPU": 0, "Energy_CPU": 5.241052309672038e-07, "CO2_Emissions": 7.117585712299082e-08, "_wandb": {"runtime": 30}}