{"mse_TEDA": 1.6616677623269712e-07, "_timestamp": 1679977841.1355777, "_runtime": 25.74814462661743, "_step": 0, "Energy_Consumed": 4.6799170098097424e-07, "Energy_RAM": 4.42086370924244e-08, "Energy_GPU": 0, "Energy_CPU": 4.2378306388854984e-07, "CO2_Emissions": 5.759479290852871e-08, "_wandb": {"runtime": 24}}