{"mse_TEDA": 4.498377748461174e-07, "_timestamp": 1679854758.1770322, "_runtime": 31.346733331680298, "_step": 0, "Energy_Consumed": 3.8433958590227727e-07, "Energy_RAM": 3.630647560157741e-08, "Energy_GPU": 0, "Energy_CPU": 3.4803311030069985e-07, "CO2_Emissions": 4.72998961524133e-08, "_wandb": {"runtime": 30}}