{"mse_TEDA": 2.05781834628357e-07, "_timestamp": 1679859284.1935546, "_runtime": 31.647427558898926, "_step": 0, "Energy_Consumed": 6.492620121145541e-07, "Energy_RAM": 6.133225997662824e-08, "Energy_GPU": 0, "Energy_CPU": 5.879297521379259e-07, "CO2_Emissions": 7.990336378343732e-08, "_wandb": {"runtime": 30}}