{"mse_TEDA": 2.3182178612985337e-07, "_timestamp": 1678945420.1469982, "_runtime": 39.692028284072876, "_step": 0, "Energy_Consumed": 1.4101594965716736e-06, "Energy_RAM": 1.3321011739246085e-07, "Energy_GPU": 0, "Energy_CPU": 1.2769493791792128e-06, "CO2_Emissions": 1.7354547955187452e-07, "_wandb": {"runtime": 38}}