{"mse_TEDA": 7.402992532247458e-08, "_timestamp": 1679866477.0534372, "_runtime": 31.938592195510864, "_step": 0, "Energy_Consumed": 1.3689462348883e-06, "Energy_RAM": 1.2895160301506318e-07, "Energy_GPU": 0, "Energy_CPU": 1.2399946318732366e-06, "CO2_Emissions": 1.68473446721456e-07, "_wandb": {"runtime": 31}}