{"mse_TEDA": 9.491098458477584e-08, "_timestamp": 1679870452.0389361, "_runtime": 32.28706502914429, "_step": 0, "Energy_Consumed": 3.857566721244944e-07, "Energy_RAM": 3.644034004916345e-08, "Energy_GPU": 0, "Energy_CPU": 3.493163320753309e-07, "CO2_Emissions": 4.7474294090092634e-08, "_wandb": {"runtime": 31}}