{"mse_TEDA": 4.231667972941244e-07, "_timestamp": 1679972378.785966, "_runtime": 25.19889497756958, "_step": 0, "Energy_Consumed": 3.3381493298659533e-07, "Energy_RAM": 3.153368574165446e-08, "Energy_GPU": 0, "Energy_CPU": 3.0228124724494086e-07, "CO2_Emissions": 4.108192921976401e-08, "_wandb": {"runtime": 24}}