{"mse_TEDA": 7.570788923722186e-08, "_timestamp": 1678942898.6533127, "_runtime": 27.585976600646973, "_step": 0, "Energy_Consumed": 3.338507697046427e-07, "Energy_RAM": 3.153707104199081e-08, "Energy_GPU": 0, "Energy_CPU": 3.023136986626519e-07, "CO2_Emissions": 4.1086339572234224e-08, "_wandb": {"runtime": 26}}