{"mse_TEDA": 1.7974185168246737e-07, "_timestamp": 1679867396.874538, "_runtime": 32.77778100967407, "_step": 0, "Energy_Consumed": 3.8215252219515603e-07, "Energy_RAM": 3.6099875558193166e-08, "Energy_GPU": 0, "Energy_CPU": 3.4605264663696287e-07, "CO2_Emissions": 4.703073864165965e-08, "_wandb": {"runtime": 31}}