{"mse_TEDA": 1.5894740975530397e-07, "_timestamp": 1679982363.51587, "_runtime": 25.204463005065918, "_step": 0, "Energy_Consumed": 3.337790962685479e-07, "Energy_RAM": 3.15303004413181e-08, "Energy_GPU": 0, "Energy_CPU": 3.022487958272298e-07, "CO2_Emissions": 4.1077518867293794e-08, "_wandb": {"runtime": 24}}