{"mse_TEDA": 2.7904784678160287e-06, "_timestamp": 1678953386.3961756, "_runtime": 28.509056568145752, "_step": 0, "Energy_Consumed": 3.287629796481421e-07, "Energy_RAM": 3.105645511709554e-08, "Energy_GPU": 0, "Energy_CPU": 2.9770652453104654e-07, "CO2_Emissions": 4.046019553153437e-08, "_wandb": {"runtime": 27}}