{"mse_TEDA": 1.7456831441668582e-07, "_timestamp": 1678942300.347952, "_runtime": 28.509036779403687, "_step": 0, "Energy_Consumed": 3.5160735154401367e-07, "Energy_RAM": 3.321443899721999e-08, "Energy_GPU": 0, "Energy_CPU": 3.1839291254679366e-07, "CO2_Emissions": 4.327160621619014e-08, "_wandb": {"runtime": 27}}