{"mse_TEDA": 5.690886962269581e-07, "_timestamp": 1679854902.5436745, "_runtime": 31.05445647239685, "_step": 0, "Energy_Consumed": 3.769992021399402e-07, "Energy_RAM": 3.5613069369825704e-08, "Energy_GPU": 0, "Energy_CPU": 3.413861327701145e-07, "CO2_Emissions": 4.639652995644284e-08, "_wandb": {"runtime": 30}}