{"mse_TEDA": 2.461858721175388e-07, "_timestamp": 1678949804.9536345, "_runtime": 28.03582739830017, "_step": 0, "Energy_Consumed": 3.337135662698327e-07, "Energy_RAM": 3.1524110177845916e-08, "Energy_GPU": 0, "Energy_CPU": 3.0218945609198674e-07, "CO2_Emissions": 4.106945422277683e-08, "_wandb": {"runtime": 26}}