{"mse_TEDA": 4.84106952368441e-07, "_timestamp": 1679850230.4389741, "_runtime": 29.630306243896484, "_step": 0, "Energy_Consumed": 3.813784490853323e-07, "Energy_RAM": 3.602675307092796e-08, "Energy_GPU": 0, "Energy_CPU": 3.4535169601440434e-07, "CO2_Emissions": 4.693547502830303e-08, "_wandb": {"runtime": 28}}