{"mse_TEDA": 5.313702591648065e-07, "_timestamp": 1678929806.941392, "_runtime": 25.84466004371643, "_step": 0, "Energy_Consumed": 3.3369718377015394e-07, "Energy_RAM": 3.152256261197787e-08, "Energy_GPU": 0, "Energy_CPU": 3.0217462115817604e-07, "CO2_Emissions": 4.10674380616476e-08, "_wandb": {"runtime": 25}}