{"mse_TEDA": 4.467331071013298e-07, "_timestamp": 1678927462.618123, "_runtime": 30.785038948059082, "_step": 0, "Energy_Consumed": 6.711131949673977e-07, "Energy_RAM": 6.339642267600235e-08, "Energy_GPU": 0, "Energy_CPU": 6.077167722913954e-07, "CO2_Emissions": 8.259254469963285e-08, "_wandb": {"runtime": 29}}