{"mse_TEDA": 2.771151655921683e-06, "_timestamp": 1679990209.2313266, "_runtime": 26.061761617660522, "_step": 0, "Energy_Consumed": 3.3371254236360276e-07, "Energy_RAM": 3.152401345497917e-08, "Energy_GPU": 0, "Energy_CPU": 3.021885289086236e-07, "CO2_Emissions": 4.106932821270625e-08, "_wandb": {"runtime": 25}}