{"mse_TEDA": 5.321584930810713e-07, "_timestamp": 1679966866.7932143, "_runtime": 31.079581260681152, "_step": 0, "Energy_Consumed": 3.7828486642524695e-07, "Energy_RAM": 3.5380934489618696e-08, "Energy_GPU": 0, "Energy_CPU": 3.4290393193562825e-07, "CO2_Emissions": 4.655475406192787e-08, "_wandb": {"runtime": 30}}