{"mse_TEDA": 1.8126559114914344e-06, "_timestamp": 1678951021.101166, "_runtime": 27.774463891983032, "_step": 0, "Energy_Consumed": 3.739366986062325e-07, "Energy_RAM": 3.5323771275367714e-08, "Energy_GPU": 0, "Energy_CPU": 3.386129273308648e-07, "CO2_Emissions": 4.601963383534537e-08, "_wandb": {"runtime": 27}}