{"mse_TEDA": 9.892783858873526e-07, "_timestamp": 1678953080.4501104, "_runtime": 27.92125654220581, "_step": 0, "Energy_Consumed": 3.3394394517156594e-07, "Energy_RAM": 3.1545872822865326e-08, "Energy_GPU": 0, "Energy_CPU": 3.023980723487006e-07, "CO2_Emissions": 4.109780648865678e-08, "_wandb": {"runtime": 27}}