{"mse_TEDA": 4.3602129234429685e-07, "_timestamp": 1679968193.3693008, "_runtime": 25.185975790023804, "_step": 0, "Energy_Consumed": 2.834704875673803e-07, "Energy_RAM": 2.6777919106280027e-08, "Energy_GPU": 0, "Energy_CPU": 2.566925684611003e-07, "CO2_Emissions": 3.488614005953637e-08, "_wandb": {"runtime": 24}}