{"mse_TEDA": 1.2695205435140773e-07, "_timestamp": 1678946160.9737773, "_runtime": 26.646581411361694, "_step": 0, "Energy_Consumed": 3.3378831142461723e-07, "Energy_RAM": 3.153117094711888e-08, "Energy_GPU": 0, "Energy_CPU": 3.0225714047749837e-07, "CO2_Emissions": 4.107865295792899e-08, "_wandb": {"runtime": 25}}