{"mse_TEDA": 4.3627710135423554e-07, "_timestamp": 1679854131.2529016, "_runtime": 30.818913459777832, "_step": 0, "Energy_Consumed": 4.113891406844535e-07, "Energy_RAM": 3.886170029545611e-08, "Energy_GPU": 0, "Energy_CPU": 3.725274403889974e-07, "CO2_Emissions": 5.0628830196931066e-08, "_wandb": {"runtime": 29}}