{"mse_TEDA": 6.856411086634167e-07, "_timestamp": 1679879918.1075547, "_runtime": 26.808767557144165, "_step": 0, "Energy_Consumed": 3.988903173357509e-07, "Energy_RAM": 3.7681004261003184e-08, "Energy_GPU": 0, "Energy_CPU": 3.6120931307474773e-07, "CO2_Emissions": 4.909062526539089e-08, "_wandb": {"runtime": 25}}