{"mse_TEDA": 1.2063659772341954e-07, "_timestamp": 1679876888.38669, "_runtime": 27.748361825942993, "_step": 0, "Energy_Consumed": 3.356866335748994e-07, "Energy_RAM": 3.17104951420788e-08, "Energy_GPU": 0, "Energy_CPU": 3.039761384328206e-07, "CO2_Emissions": 4.1312275628779766e-08, "_wandb": {"runtime": 26}}