{"mse_TEDA": 2.8942142769285687e-08, "_timestamp": 1678948516.4845736, "_runtime": 26.96263551712036, "_step": 0, "Energy_Consumed": 4.0695460280264545e-07, "Energy_RAM": 3.8442793559549196e-08, "Energy_GPU": 0, "Energy_CPU": 3.6851180924309624e-07, "CO2_Emissions": 5.008308058125969e-08, "_wandb": {"runtime": 26}}