{"mse_TEDA": 3.5222631487430687e-07, "_timestamp": 1678934976.5065825, "_runtime": 26.711084604263306, "_step": 0, "Energy_Consumed": 3.85996266182297e-07, "Energy_RAM": 3.6462973199983633e-08, "Energy_GPU": 0, "Energy_CPU": 3.495332929823134e-07, "CO2_Emissions": 4.750378044660778e-08, "_wandb": {"runtime": 25}}