{"mse_TEDA": 4.498377748461174e-07, "_timestamp": 1679970549.6822362, "_runtime": 23.619194269180298, "_step": 0, "Energy_Consumed": 4.007886394860331e-07, "Energy_RAM": 3.7860328455963105e-08, "Energy_GPU": 0, "Energy_CPU": 3.6292831103007e-07, "CO2_Emissions": 4.932424793624167e-08, "_wandb": {"runtime": 22}}