{"mse_TEDA": 3.8919447036259323e-07, "_timestamp": 1679967531.7284293, "_runtime": 35.14313530921936, "_step": 0, "Energy_Consumed": 8.686799976564747e-07, "Energy_RAM": 8.205948670744571e-08, "Energy_GPU": 0, "Energy_CPU": 7.866205109490289e-07, "CO2_Emissions": 1.0690669185785379e-07, "_wandb": {"runtime": 34}}