{"mse_TEDA": 3.0188817169304697e-06, "_timestamp": 1678950547.3022943, "_runtime": 30.145057201385498, "_step": 0, "Energy_Consumed": 3.781152599305592e-07, "Energy_RAM": 3.571849729458639e-08, "Energy_GPU": 0, "Energy_CPU": 3.423967626359728e-07, "CO2_Emissions": 4.653388093337237e-08, "_wandb": {"runtime": 27}}