{"mse_TEDA": 2.655128227379891e-07, "_timestamp": 1679973120.8698375, "_runtime": 24.426924467086792, "_step": 0, "Energy_Consumed": 5.349848616987806e-07, "Energy_RAM": 5.0537117541201344e-08, "Energy_GPU": 0, "Energy_CPU": 4.844477441575792e-07, "CO2_Emissions": 6.583950581634734e-08, "_wandb": {"runtime": 23}}