{"mse_TEDA": 6.52816522160295e-08, "_timestamp": 1679871620.3683248, "_runtime": 32.559088706970215, "_step": 0, "Energy_Consumed": 3.887116655040599e-07, "Energy_RAM": 3.6719482242612386e-08, "Energy_GPU": 0, "Energy_CPU": 3.519921832614475e-07, "CO2_Emissions": 4.783795915377945e-08, "_wandb": {"runtime": 31}}