{"mse_TEDA": 2.8596241768452066e-07, "_timestamp": 1679976355.4956884, "_runtime": 24.54438352584839, "_step": 0, "Energy_Consumed": 2.6840985083140365e-07, "Energy_RAM": 2.535522245921129e-08, "Energy_GPU": 0, "Energy_CPU": 2.4305462837219237e-07, "CO2_Emissions": 3.3032657931411155e-08, "_wandb": {"runtime": 23}}