{"mse_TEDA": 2.2155340959184598e-07, "_timestamp": 1679988730.4768755, "_runtime": 26.795551538467407, "_step": 0, "Energy_Consumed": 3.7157249912133413e-07, "Energy_RAM": 3.510043817603522e-08, "Energy_GPU": 0, "Energy_CPU": 3.3647206094529894e-07, "CO2_Emissions": 4.5728676582381806e-08, "_wandb": {"runtime": 25}}