{"mse_TEDA": 2.8585476976658966e-06, "_timestamp": 1678953939.9703097, "_runtime": 27.25291681289673, "_step": 0, "Energy_Consumed": 3.3372790095705164e-07, "Energy_RAM": 3.152546429798046e-08, "Energy_GPU": 0, "Energy_CPU": 3.022024366590712e-07, "CO2_Emissions": 4.107121836376492e-08, "_wandb": {"runtime": 26}}