{"mse_TEDA": 2.501534567731034e-07, "_timestamp": 1679864980.5949738, "_runtime": 31.959434747695923, "_step": 0, "Energy_Consumed": 3.7753265728573145e-07, "Energy_RAM": 3.566346198340398e-08, "Energy_GPU": 0, "Energy_CPU": 3.4186919530232747e-07, "CO2_Emissions": 4.6462181203213737e-08, "_wandb": {"runtime": 30}}