{"mse_TEDA": 3.5222631487430687e-07, "_timestamp": 1678934601.8320744, "_runtime": 27.322940349578857, "_step": 0, "Energy_Consumed": 3.520967787219181e-07, "Energy_RAM": 3.326067252752788e-08, "Energy_GPU": 0, "Energy_CPU": 3.188361061943902e-07, "CO2_Emissions": 4.3331839029926196e-08, "_wandb": {"runtime": 26}}