{"mse_TEDA": 2.6960508317603716e-07, "_timestamp": 1678938499.3223898, "_runtime": 27.53853487968445, "_step": 0, "Energy_Consumed": 3.676151015426714e-07, "Energy_RAM": 3.472660429603517e-08, "Energy_GPU": 0, "Energy_CPU": 3.3288849724663626e-07, "CO2_Emissions": 4.524164765959957e-08, "_wandb": {"runtime": 26}}