{"mse_TEDA": 1.6283532922294917e-07, "_timestamp": 1679865608.334318, "_runtime": 32.22257590293884, "_step": 0, "Energy_Consumed": 3.8716556709687215e-07, "Energy_RAM": 3.657343071381547e-08, "Energy_GPU": 0, "Energy_CPU": 3.5059213638305666e-07, "CO2_Emissions": 4.764768394720735e-08, "_wandb": {"runtime": 31}}