{"mse_TEDA": 6.636668964012294e-07, "_timestamp": 1679851099.0990055, "_runtime": 30.829293489456177, "_step": 0, "Energy_Consumed": 3.794606727166815e-07, "Energy_RAM": 3.584559114149973e-08, "Energy_GPU": 0, "Energy_CPU": 3.4361508157518175e-07, "CO2_Emissions": 4.669945816611127e-08, "_wandb": {"runtime": 29}}