{"mse_TEDA": 1.7070212468269346e-07, "_timestamp": 1678942260.113845, "_runtime": 26.08649706840515, "_step": 0, "Energy_Consumed": 3.296097501002906e-07, "Energy_RAM": 3.1136444927900206e-08, "Energy_GPU": 0, "Energy_CPU": 2.984733051723904e-07, "CO2_Emissions": 4.0564405859902003e-08, "_wandb": {"runtime": 25}}