{"mse_TEDA": 2.9900308007701104e-07, "_timestamp": 1679861016.4928668, "_runtime": 31.47179365158081, "_step": 0, "Energy_Consumed": 3.871737583467115e-07, "Energy_RAM": 3.65742044967495e-08, "Energy_GPU": 0, "Energy_CPU": 3.5059955384996204e-07, "CO2_Emissions": 4.764869202777197e-08, "_wandb": {"runtime": 30}}