{"mse_TEDA": 1.7070212468269346e-07, "_timestamp": 1679981266.6925852, "_runtime": 25.89882731437683, "_step": 0, "Energy_Consumed": 2.6840677911271385e-07, "Energy_RAM": 2.535493229061103e-08, "Energy_GPU": 0, "Energy_CPU": 2.4305184682210283e-07, "CO2_Emissions": 3.303227990119942e-08, "_wandb": {"runtime": 25}}