{"mse_TEDA": 2.6960508317603716e-07, "_timestamp": 1678938687.5118701, "_runtime": 27.96106505393982, "_step": 0, "Energy_Consumed": 4.2403643043649535e-07, "Energy_RAM": 4.00564211455882e-08, "Energy_GPU": 0, "Energy_CPU": 3.839800092909071e-07, "CO2_Emissions": 5.218530658870499e-08, "_wandb": {"runtime": 27}}