{"mse_TEDA": 2.6661478733418994e-07, "_timestamp": 1679985810.7163844, "_runtime": 26.3114914894104, "_step": 0, "Energy_Consumed": 3.357511396673848e-07, "Energy_RAM": 3.1716588682684236e-08, "Energy_GPU": 0, "Energy_CPU": 3.0403455098470057e-07, "CO2_Emissions": 4.1320214263226166e-08, "_wandb": {"runtime": 25}}