{"mse_TEDA": 4.1210118511253844e-07, "_timestamp": 1679966463.4088542, "_runtime": 34.032480239868164, "_step": 0, "Energy_Consumed": 5.310745638066945e-07, "Energy_RAM": 5.0167732913071934e-08, "Energy_GPU": 0, "Energy_CPU": 4.809068308936225e-07, "CO2_Emissions": 6.535827335681168e-08, "_wandb": {"runtime": 32}}