{"mse_TEDA": 2.8870170839870586e-07, "_timestamp": 1679977076.0499113, "_runtime": 24.808961153030396, "_step": 0, "Energy_Consumed": 3.9217231298961355e-07, "Energy_RAM": 3.667537661537305e-08, "Energy_GPU": 0, "Energy_CPU": 3.5549693637424047e-07, "CO2_Emissions": 4.826385404644975e-08, "_wandb": {"runtime": 23}}