{"mse_TEDA": 2.811925865600243e-07, "_timestamp": 1679862808.66506, "_runtime": 31.480399131774902, "_step": 0, "Energy_Consumed": 3.845597257417113e-07, "Energy_RAM": 3.632727101792928e-08, "Energy_GPU": 0, "Energy_CPU": 3.4823245472378203e-07, "CO2_Emissions": 4.732698831758747e-08, "_wandb": {"runtime": 30}}