{"mse_TEDA": 2.2155340959184598e-07, "_timestamp": 1678950108.1783936, "_runtime": 30.038410663604736, "_step": 0, "Energy_Consumed": 3.338804629853106e-07, "Energy_RAM": 3.1539876005126644e-08, "Energy_GPU": 0, "Energy_CPU": 3.0234058698018393e-07, "CO2_Emissions": 4.108999386428098e-08, "_wandb": {"runtime": 29}}