{"mse_TEDA": 6.421530506146765e-07, "_timestamp": 1679853986.299732, "_runtime": 30.99469804763794, "_step": 0, "Energy_Consumed": 3.487537248812108e-07, "Energy_RAM": 3.294487236757959e-08, "Energy_GPU": 0, "Energy_CPU": 3.158088525136312e-07, "CO2_Emissions": 4.292041614949049e-08, "_wandb": {"runtime": 30}}