{"mse_TEDA": 2.959494229507326e-07, "_timestamp": 1678937151.7717247, "_runtime": 26.228779792785645, "_step": 0, "Energy_Consumed": 3.735660445509994e-07, "Energy_RAM": 3.5288757597603156e-08, "Energy_GPU": 0, "Energy_CPU": 3.3827728695339624e-07, "CO2_Emissions": 4.59740181897963e-08, "_wandb": {"runtime": 25}}