{"mse_TEDA": 1.1972161114671885e-07, "_timestamp": 1678942750.0859437, "_runtime": 27.64195966720581, "_step": 0, "Energy_Consumed": 2.8501863378702793e-07, "Energy_RAM": 2.6924164080810447e-08, "Energy_GPU": 0, "Energy_CPU": 2.580944697062175e-07, "CO2_Emissions": 3.507666728624963e-08, "_wandb": {"runtime": 26}}