{"mse_TEDA": 1.1219351157465021e-07, "_timestamp": 1678945706.9708135, "_runtime": 27.51614260673523, "_step": 0, "Energy_Consumed": 4.6818214753974036e-07, "Energy_RAM": 4.422662754564044e-08, "Energy_GPU": 0, "Energy_CPU": 4.2395551999409993e-07, "CO2_Emissions": 5.7618230781656126e-08, "_wandb": {"runtime": 26}}