{"mse_TEDA": 2.655128227379891e-07, "_timestamp": 1678934145.6112537, "_runtime": 26.896548748016357, "_step": 0, "Energy_Consumed": 5.074612383321487e-07, "Energy_RAM": 4.793711016001605e-08, "Energy_GPU": 0, "Energy_CPU": 4.5952412817213273e-07, "CO2_Emissions": 6.245222910915217e-08, "_wandb": {"runtime": 26}}