{"mse_TEDA": 6.856411086634167e-07, "_timestamp": 1679991146.5917675, "_runtime": 24.684213638305664, "_step": 0, "Energy_Consumed": 3.3373506830066115e-07, "Energy_RAM": 3.152614135804773e-08, "Energy_GPU": 0, "Energy_CPU": 3.022089269426134e-07, "CO2_Emissions": 4.1072100434258967e-08, "_wandb": {"runtime": 23}}