{"mse_TEDA": 3.659921736121526e-07, "_timestamp": 1678933469.207002, "_runtime": 26.628321886062622, "_step": 0, "Energy_Consumed": 3.338364350174238e-07, "Energy_RAM": 3.153571692185627e-08, "Energy_GPU": 0, "Energy_CPU": 3.023007180955675e-07, "CO2_Emissions": 4.1084575431246146e-08, "_wandb": {"runtime": 25}}