{"mse_TEDA": 3.2556143683658335e-07, "_timestamp": 1679975145.4755287, "_runtime": 23.684359788894653, "_step": 0, "Energy_Consumed": 3.3366646658325613e-07, "Energy_RAM": 3.1519660925975284e-08, "Energy_GPU": 0, "Energy_CPU": 3.0214680565728083e-07, "CO2_Emissions": 4.106365775953027e-08, "_wandb": {"runtime": 22}}