{"mse_TEDA": 5.299969110105931e-07, "_timestamp": 1679969983.049656, "_runtime": 24.711189031600952, "_step": 0, "Energy_Consumed": 3.3427466688383195e-07, "Energy_RAM": 3.157711430882652e-08, "Energy_GPU": 0, "Energy_CPU": 3.0269755257500545e-07, "CO2_Emissions": 4.113850774145333e-08, "_wandb": {"runtime": 23}}