{"mse_TEDA": 8.776988117495086e-08, "_timestamp": 1679987110.9940858, "_runtime": 28.388434886932373, "_step": 0, "Energy_Consumed": 3.336685143957159e-07, "Energy_RAM": 3.151985437170879e-08, "Energy_GPU": 0, "Energy_CPU": 3.0214866002400714e-07, "CO2_Emissions": 4.106390977967141e-08, "_wandb": {"runtime": 27}}