{"mse_TEDA": 3.451885677676439e-07, "_timestamp": 1679860679.9604523, "_runtime": 31.56199622154236, "_step": 0, "Energy_Consumed": 3.9913707873716303e-07, "Energy_RAM": 3.7704314471890637e-08, "Energy_GPU": 0, "Energy_CPU": 3.614327642652724e-07, "CO2_Emissions": 4.912099369240008e-08, "_wandb": {"runtime": 30}}