{"mse_TEDA": 2.9376512226270074e-06, "_timestamp": 1678953895.5096188, "_runtime": 29.334946870803833, "_step": 0, "Energy_Consumed": 3.89385395803351e-07, "Energy_RAM": 3.678312588893581e-08, "Energy_GPU": 0, "Energy_CPU": 3.5260226991441515e-07, "CO2_Emissions": 4.792087378021948e-08, "_wandb": {"runtime": 28}}