{"mse_TEDA": 1.3188126514281372e-07, "_timestamp": 1678944765.7625635, "_runtime": 27.275293350219727, "_step": 0, "Energy_Consumed": 3.200956134118213e-07, "Energy_RAM": 3.023769605003205e-08, "Energy_GPU": 0, "Energy_CPU": 2.8985791736178926e-07, "CO2_Emissions": 3.939352028409539e-08, "_wandb": {"runtime": 26}}