{"mse_TEDA": 9.288899357672383e-08, "_timestamp": 1679870211.717469, "_runtime": 32.67194104194641, "_step": 0, "Energy_Consumed": 5.74786144668451e-07, "Energy_RAM": 5.429692881762094e-08, "Energy_GPU": 0, "Energy_CPU": 5.204892158508301e-07, "CO2_Emissions": 7.073776927983793e-08, "_wandb": {"runtime": 31}}