{"mse_TEDA": 1.2695205435140773e-07, "_timestamp": 1679873457.1646683, "_runtime": 32.784804344177246, "_step": 0, "Energy_Consumed": 3.816682145484012e-07, "Energy_RAM": 3.605412564221903e-08, "Energy_GPU": 0, "Energy_CPU": 3.4561408890618215e-07, "CO2_Emissions": 4.697113587827647e-08, "_wandb": {"runtime": 31}}