{"mse_TEDA": 1.2063659772341954e-07, "_timestamp": 1679876461.310244, "_runtime": 27.17249298095703, "_step": 0, "Energy_Consumed": 3.343586271946859e-07, "Energy_RAM": 3.158504558390026e-08, "Energy_GPU": 0, "Energy_CPU": 3.0277358161078564e-07, "CO2_Emissions": 4.1148840567240695e-08, "_wandb": {"runtime": 26}}