{"mse_TEDA": 9.463169050981206e-08, "_timestamp": 1678944317.3181329, "_runtime": 28.126234769821167, "_step": 0, "Energy_Consumed": 3.509971034309779e-07, "Energy_RAM": 3.3156792168635244e-08, "Energy_GPU": 0, "Energy_CPU": 3.178403112623427e-07, "CO2_Emissions": 4.3196504214125906e-08, "_wandb": {"runtime": 27}}