{"mse_TEDA": 1.7070212468269346e-07, "_timestamp": 1679868313.478547, "_runtime": 32.29313111305237, "_step": 0, "Energy_Consumed": 3.60967902297994e-07, "Energy_RAM": 3.40986794450752e-08, "Energy_GPU": 0, "Energy_CPU": 3.268692228529188e-07, "CO2_Emissions": 4.44235902814101e-08, "_wandb": {"runtime": 31}}