{"mse_TEDA": 3.0188817169304697e-06, "_timestamp": 1679989579.9210129, "_runtime": 25.8857638835907, "_step": 0, "Energy_Consumed": 3.3366544267702616e-07, "Energy_RAM": 3.151956420310853e-08, "Energy_GPU": 0, "Energy_CPU": 3.0214587847391765e-07, "CO2_Emissions": 4.1063531749459684e-08, "_wandb": {"runtime": 24}}