{"mse_TEDA": 5.314871441326004e-07, "_timestamp": 1679851863.5877779, "_runtime": 30.97702693939209, "_step": 0, "Energy_Consumed": 3.7167591365055667e-07, "Energy_RAM": 3.511020718557727e-08, "Energy_GPU": 0, "Energy_CPU": 3.365657064649794e-07, "CO2_Emissions": 4.5741403599510146e-08, "_wandb": {"runtime": 30}}