{"mse_TEDA": 4.3599186515588886e-07, "_timestamp": 1678928155.260107, "_runtime": 25.303349018096924, "_step": 0, "Energy_Consumed": 3.3372380533213193e-07, "Energy_RAM": 3.1525077406513446e-08, "Energy_GPU": 0, "Energy_CPU": 3.021987279256185e-07, "CO2_Emissions": 4.10707143234826e-08, "_wandb": {"runtime": 24}}