{"mse_TEDA": 1.6756343235317318e-07, "_timestamp": 1679981345.8393817, "_runtime": 24.921607732772827, "_step": 0, "Energy_Consumed": 2.6040392801961494e-07, "Energy_RAM": 2.4598946364070196e-08, "Energy_GPU": 0, "Energy_CPU": 2.3580498165554474e-07, "CO2_Emissions": 3.204738518956528e-08, "_wandb": {"runtime": 24}}