{"mse_TEDA": 4.2431047665081173e-07, "_timestamp": 1679970950.9205458, "_runtime": 24.135212898254395, "_step": 0, "Energy_Consumed": 2.684037073940241e-07, "Energy_RAM": 2.5354642122010774e-08, "Energy_GPU": 0, "Energy_CPU": 2.4304906527201335e-07, "CO2_Emissions": 3.3031901870987687e-08, "_wandb": {"runtime": 23}}