{"mse_TEDA": 7.723076558688674e-07, "_timestamp": 1678927621.7485416, "_runtime": 26.12688660621643, "_step": 0, "Energy_Consumed": 3.35651820763082e-07, "Energy_RAM": 3.17072065646092e-08, "Energy_GPU": 0, "Energy_CPU": 3.0394461419847275e-07, "CO2_Emissions": 4.130799128638014e-08, "_wandb": {"runtime": 25}}