{"mse_TEDA": 1.7388620610156288e-07, "_timestamp": 1679979396.6438231, "_runtime": 25.678126096725464, "_step": 0, "Energy_Consumed": 2.6837401411335626e-07, "Energy_RAM": 2.5351837158874938e-08, "Energy_GPU": 0, "Energy_CPU": 2.430221769544813e-07, "CO2_Emissions": 3.3028247578940944e-08, "_wandb": {"runtime": 24}}