{"mse_TEDA": 1.799647089903447e-07, "_timestamp": 1678939548.8043497, "_runtime": 26.382566690444946, "_step": 0, "Energy_Consumed": 4.025006107024688e-07, "Energy_RAM": 3.802204908917399e-08, "Energy_GPU": 0, "Energy_CPU": 3.644785616132948e-07, "CO2_Emissions": 4.953493677424733e-08, "_wandb": {"runtime": 25}}