{"mse_TEDA": 1.8126559114914344e-06, "_timestamp": 1679878751.8252928, "_runtime": 28.70265483856201, "_step": 0, "Energy_Consumed": 2.9211430396041273e-07, "Energy_RAM": 2.7594453547408195e-08, "Energy_GPU": 0, "Energy_CPU": 2.6451985041300456e-07, "CO2_Emissions": 3.5949917075352055e-08, "_wandb": {"runtime": 27}}