{"mse_TEDA": 1.962700112650398e-07, "_timestamp": 1679985774.0734177, "_runtime": 29.13739275932312, "_step": 0, "Energy_Consumed": 2.685450064537539e-07, "Energy_RAM": 2.536798987762268e-08, "Energy_GPU": 0, "Energy_CPU": 2.4317701657613123e-07, "CO2_Emissions": 3.30492912607274e-08, "_wandb": {"runtime": 28}}