{"mse_TEDA": 2.771151655921683e-06, "_timestamp": 1679879051.4510906, "_runtime": 29.172135591506958, "_step": 0, "Energy_Consumed": 3.5702636509831285e-07, "Energy_RAM": 3.33689054154244e-08, "Energy_GPU": 0, "Energy_CPU": 3.2365745968288847e-07, "CO2_Emissions": 4.393851326341801e-08, "_wandb": {"runtime": 28}}