{"mse_TEDA": 3.971358748024236e-06, "_timestamp": 1678950591.141347, "_runtime": 26.54080891609192, "_step": 0, "Energy_Consumed": 3.355207607656515e-07, "Energy_RAM": 3.1694826037664827e-08, "Energy_GPU": 0, "Energy_CPU": 3.0382593472798666e-07, "CO2_Emissions": 4.129186199734621e-08, "_wandb": {"runtime": 25}}