{"mse_TEDA": 1.7174024956282277e-07, "_timestamp": 1678942224.740883, "_runtime": 28.37152099609375, "_step": 0, "Energy_Consumed": 4.2177052594966983e-07, "Energy_RAM": 3.984237344146398e-08, "Energy_GPU": 0, "Energy_CPU": 3.8192815250820584e-07, "CO2_Emissions": 5.190644630251686e-08, "_wandb": {"runtime": 27}}