{"mse_TEDA": 1.6907475201990146e-07, "_timestamp": 1678941130.71433, "_runtime": 28.0412859916687, "_step": 0, "Energy_Consumed": 2.683699184884366e-07, "Energy_RAM": 2.535145026740793e-08, "Energy_GPU": 0, "Energy_CPU": 2.4301846822102866e-07, "CO2_Emissions": 3.3027743538658636e-08, "_wandb": {"runtime": 27}}