{"mse_TEDA": 2.0062461049128731e-07, "_timestamp": 1678938874.2802386, "_runtime": 27.444896697998047, "_step": 0, "Energy_Consumed": 5.529090755301998e-07, "Energy_RAM": 5.1874021005460234e-08, "Energy_GPU": 0, "Energy_CPU": 5.010350545247395e-07, "CO2_Emissions": 6.804540259080904e-08, "_wandb": {"runtime": 26}}