{"mse_TEDA": 1.7974185168246737e-07, "_timestamp": 1679866914.2097833, "_runtime": 32.38532328605652, "_step": 0, "Energy_Consumed": 3.723812294713803e-07, "Energy_RAM": 3.480582032390582e-08, "Energy_GPU": 0, "Energy_CPU": 3.375754091474745e-07, "CO2_Emissions": 4.582820539225625e-08, "_wandb": {"runtime": 31}}