{"mse_TEDA": 8.776988117495086e-08, "_timestamp": 1679986729.1877725, "_runtime": 30.028300523757935, "_step": 0, "Energy_Consumed": 3.253308459654313e-07, "Energy_RAM": 3.073224006773974e-08, "Energy_GPU": 0, "Energy_CPU": 2.945986058976915e-07, "CO2_Emissions": 4.003780977495842e-08, "_wandb": {"runtime": 29}}