{"mse_TEDA": 1.1843274371432523e-07, "_timestamp": 1679982327.1352918, "_runtime": 26.49605679512024, "_step": 0, "Energy_Consumed": 3.3215210926919606e-07, "Energy_RAM": 3.137660780604772e-08, "Energy_GPU": 0, "Energy_CPU": 3.0077550146314836e-07, "CO2_Emissions": 4.087728886514607e-08, "_wandb": {"runtime": 25}}