{"mse_TEDA": 2.6996427431110775e-06, "_timestamp": 1679992322.030019, "_runtime": 24.389111042022705, "_step": 0, "Energy_Consumed": 4.6801320301180265e-07, "Energy_RAM": 4.421066827262621e-08, "Energy_GPU": 0, "Energy_CPU": 4.2380253473917643e-07, "CO2_Emissions": 5.759743912001084e-08, "_wandb": {"runtime": 23}}