{"mse_TEDA": 2.8596241768452066e-07, "_timestamp": 1678937749.2157965, "_runtime": 26.554630517959595, "_step": 0, "Energy_Consumed": 2.6759379756615294e-07, "Energy_RAM": 2.5278134334409213e-08, "Energy_GPU": 0, "Energy_CPU": 2.423156632317437e-07, "CO2_Emissions": 3.293222790516085e-08, "_wandb": {"runtime": 25}}