{"mse_TEDA": 8.564814959124731e-08, "_timestamp": 1678944504.2412658, "_runtime": 27.498350858688354, "_step": 0, "Energy_Consumed": 5.254430795421033e-07, "Energy_RAM": 4.963575714593087e-08, "Energy_GPU": 0, "Energy_CPU": 4.7580732239617245e-07, "CO2_Emissions": 6.466521796863514e-08, "_wandb": {"runtime": 26}}