{"mse_TEDA": 2.727197274763159e-06, "_timestamp": 1679882104.8086493, "_runtime": 29.01350235939026, "_step": 0, "Energy_Consumed": 3.329753298780563e-07, "Energy_RAM": 3.145437299091706e-08, "Energy_GPU": 0, "Energy_CPU": 3.015209568871392e-07, "CO2_Emissions": 4.0978600961890414e-08, "_wandb": {"runtime": 28}}