{"mse_TEDA": 1.7070212468269346e-07, "_timestamp": 1679868797.4987853, "_runtime": 32.397815227508545, "_step": 0, "Energy_Consumed": 3.97732279389705e-07, "Energy_RAM": 3.757161069870563e-08, "Energy_GPU": 0, "Energy_CPU": 3.6016066869099937e-07, "CO2_Emissions": 4.894810787556768e-08, "_wandb": {"runtime": 31}}