{"mse_TEDA": 2.9376512226270074e-06, "_timestamp": 1679992718.223491, "_runtime": 24.936007022857666, "_step": 0, "Energy_Consumed": 3.190297270264687e-07, "Energy_RAM": 3.013700754574226e-08, "Energy_GPU": 0, "Energy_CPU": 2.8889271948072646e-07, "CO2_Emissions": 3.926234380062416e-08, "_wandb": {"runtime": 24}}