{"mse_TEDA": 3.555254772149292e-07, "_timestamp": 1678938386.3361278, "_runtime": 27.13439178466797, "_step": 0, "Energy_Consumed": 2.904647910240025e-07, "Energy_RAM": 2.7438633009069235e-08, "Energy_GPU": 0, "Energy_CPU": 2.630261580149333e-07, "CO2_Emissions": 3.574691485165162e-08, "_wandb": {"runtime": 26}}