{"mse_TEDA": 1.1782135872083598e-06, "_timestamp": 1679991042.7447572, "_runtime": 24.355042219161987, "_step": 0, "Energy_Consumed": 3.3355690861665405e-07, "Energy_RAM": 3.1509311579232725e-08, "Energy_GPU": 0, "Energy_CPU": 3.0204759703742133e-07, "CO2_Emissions": 4.105017468197847e-08, "_wandb": {"runtime": 23}}