{"mse_TEDA": 1.6959277218799147e-07, "_timestamp": 1679868216.9270587, "_runtime": 32.40250778198242, "_step": 0, "Energy_Consumed": 3.6836357699674713e-07, "Energy_RAM": 3.4797308711631564e-08, "Energy_GPU": 0, "Energy_CPU": 3.335662682851156e-07, "CO2_Emissions": 4.5333761021191766e-08, "_wandb": {"runtime": 31}}