{"mse_TEDA": 2.8592464499027243e-07, "_timestamp": 1679971247.0010965, "_runtime": 25.274555444717407, "_step": 0, "Energy_Consumed": 5.349981724797696e-07, "Energy_RAM": 5.053837493846914e-08, "Energy_GPU": 0, "Energy_CPU": 4.844597975413005e-07, "CO2_Emissions": 6.584114394726485e-08, "_wandb": {"runtime": 24}}