{"mse_TEDA": 2.6996427431110775e-06, "_timestamp": 1679881502.3249252, "_runtime": 27.69373321533203, "_step": 0, "Energy_Consumed": 4.931142642384304e-07, "Energy_RAM": 4.65818293510741e-08, "Energy_GPU": 0, "Energy_CPU": 4.4653243488735627e-07, "CO2_Emissions": 6.068657600021953e-08, "_wandb": {"runtime": 26}}