{"mse_TEDA": 9.892783858873526e-07, "_timestamp": 1679880861.6073122, "_runtime": 28.067920207977295, "_step": 0, "Energy_Consumed": 4.00927890733303e-07, "Energy_RAM": 3.7873482765841497e-08, "Energy_GPU": 0, "Energy_CPU": 3.630544079674615e-07, "CO2_Emissions": 4.934138530584022e-08, "_wandb": {"runtime": 27}}