{"mse_TEDA": 2.89189879916492e-08, "_timestamp": 1679876373.18474, "_runtime": 26.47984004020691, "_step": 0, "Energy_Consumed": 3.356487490443922e-07, "Energy_RAM": 3.170691639600894e-08, "Energy_GPU": 0, "Energy_CPU": 3.0394183264838327e-07, "CO2_Emissions": 4.1307613256168407e-08, "_wandb": {"runtime": 25}}