{"mse_TEDA": 8.480312515121686e-07, "_timestamp": 1679879741.5286136, "_runtime": 27.493671655654907, "_step": 0, "Energy_Consumed": 3.278291771664499e-07, "Energy_RAM": 3.0968243862616876e-08, "Energy_GPU": 0, "Energy_CPU": 2.96860933303833e-07, "CO2_Emissions": 4.034527434716764e-08, "_wandb": {"runtime": 26}}