{"mse_TEDA": 1.5894740975530397e-07, "_timestamp": 1679869969.8666408, "_runtime": 32.298367738723755, "_step": 0, "Energy_Consumed": 3.85445404630597e-07, "Energy_RAM": 3.641093629767056e-08, "Energy_GPU": 0, "Energy_CPU": 3.490344683329264e-07, "CO2_Emissions": 4.7435987028637054e-08, "_wandb": {"runtime": 31}}