{"mse_TEDA": 4.803617166548283e-07, "_timestamp": 1678930980.0352795, "_runtime": 26.198797464370728, "_step": 0, "Energy_Consumed": 3.999571738940075e-07, "Energy_RAM": 3.762596894982077e-08, "Energy_GPU": 0, "Energy_CPU": 3.6233120494418674e-07, "CO2_Emissions": 4.922192114608086e-08, "_wandb": {"runtime": 25}}