{"mse_TEDA": 7.772595215231969e-07, "_timestamp": 1678931054.179675, "_runtime": 26.121506214141846, "_step": 0, "Energy_Consumed": 3.3365315580226703e-07, "Energy_RAM": 3.1518403528707494e-08, "Energy_GPU": 0, "Energy_CPU": 3.0213475227355956e-07, "CO2_Emissions": 4.1062019628612753e-08, "_wandb": {"runtime": 25}}