{"mse_TEDA": 4.3602129234429685e-07, "_timestamp": 1678928938.9485266, "_runtime": 27.093165636062622, "_step": 0, "Energy_Consumed": 4.011603174474961e-07, "Energy_RAM": 3.789543885659441e-08, "Energy_GPU": 0, "Energy_CPU": 3.6326487859090167e-07, "CO2_Emissions": 4.9369989591861325e-08, "_wandb": {"runtime": 26}}