{"mse_TEDA": 3.120971964792153e-07, "_timestamp": 1679861208.8078618, "_runtime": 31.4027898311615, "_step": 0, "Energy_Consumed": 3.867345025740734e-07, "Energy_RAM": 3.653271038691249e-08, "Energy_GPU": 0, "Energy_CPU": 3.502017921871609e-07, "CO2_Emissions": 4.75946337074942e-08, "_wandb": {"runtime": 30}}