{"mse_TEDA": 2.727197274763159e-06, "_timestamp": 1678954016.28522, "_runtime": 27.72739291191101, "_step": 0, "Energy_Consumed": 3.9769029923427807e-07, "Energy_RAM": 3.756764506116876e-08, "Energy_GPU": 0, "Energy_CPU": 3.601226541731093e-07, "CO2_Emissions": 4.894294146267401e-08, "_wandb": {"runtime": 26}}