{"mse_TEDA": 3.013119370159927e-07, "_timestamp": 1678932290.7440112, "_runtime": 25.434885263442993, "_step": 0, "Energy_Consumed": 5.118824654329677e-07, "Energy_RAM": 4.8354759498655156e-08, "Energy_GPU": 0, "Energy_CPU": 4.6352770593431255e-07, "CO2_Emissions": 6.299634059390604e-08, "_wandb": {"runtime": 24}}