{"mse_TEDA": 3.479127839625754e-07, "_timestamp": 1679861161.3846395, "_runtime": 31.140705585479736, "_step": 0, "Energy_Consumed": 3.7625994184193387e-07, "Energy_RAM": 3.5543235460030093e-08, "Energy_GPU": 0, "Energy_CPU": 3.4071670638190377e-07, "CO2_Emissions": 4.6305550685485844e-08, "_wandb": {"runtime": 30}}