{"mse_TEDA": 6.399721018054589e-08, "_timestamp": 1679871861.5243645, "_runtime": 32.27108454704285, "_step": 0, "Energy_Consumed": 3.972735693986983e-07, "Energy_RAM": 3.752827885440032e-08, "Energy_GPU": 0, "Energy_CPU": 3.5974529054429796e-07, "CO2_Emissions": 4.889165536394894e-08, "_wandb": {"runtime": 31}}