{"mse_TEDA": 1.3394627455263933e-07, "_timestamp": 1679875361.5917304, "_runtime": 28.047279357910156, "_step": 0, "Energy_Consumed": 3.5074010296726655e-07, "Energy_RAM": 3.313251472908026e-08, "Energy_GPU": 0, "Energy_CPU": 3.176075882381863e-07, "CO2_Emissions": 4.3164875686410936e-08, "_wandb": {"runtime": 27}}