{"mse_TEDA": 1.8553967270433175e-07, "_timestamp": 1678935990.1157765, "_runtime": 27.164698600769043, "_step": 0, "Energy_Consumed": 5.518588363679556e-07, "Energy_RAM": 5.213111038528951e-08, "Energy_GPU": 0, "Energy_CPU": 4.99727725982666e-07, "CO2_Emissions": 6.79161517794654e-08, "_wandb": {"runtime": 26}}