{"mse_TEDA": 4.725418296370004e-07, "_timestamp": 1679858803.1489272, "_runtime": 30.848515272140503, "_step": 0, "Energy_Consumed": 3.5807741501091395e-07, "Energy_RAM": 3.3825630792231705e-08, "Energy_GPU": 0, "Energy_CPU": 3.242517842186822e-07, "CO2_Emissions": 4.4067863852169687e-08, "_wandb": {"runtime": 29}}