{"mse_TEDA": 1.2695205435140773e-07, "_timestamp": 1679985312.2828703, "_runtime": 27.189236402511597, "_step": 0, "Energy_Consumed": 3.0113287003359796e-07, "Energy_RAM": 2.844638855776793e-08, "Energy_GPU": 0, "Energy_CPU": 2.7268648147583006e-07, "CO2_Emissions": 3.705981377699913e-08, "_wandb": {"runtime": 26}}