{"mse_TEDA": 4.533625374159868e-07, "_timestamp": 1678951993.9289258, "_runtime": 27.15116572380066, "_step": 0, "Energy_Consumed": 3.3436681844452527e-07, "Energy_RAM": 3.158581936683428e-08, "Energy_GPU": 0, "Energy_CPU": 3.0278099907769096e-07, "CO2_Emissions": 4.114984864780531e-08, "_wandb": {"runtime": 26}}