{"mse_TEDA": 6.431955596930191e-07, "_timestamp": 1678929014.8974347, "_runtime": 27.603885650634766, "_step": 0, "Energy_Consumed": 3.356221274824141e-07, "Energy_RAM": 3.170440160147337e-08, "Energy_GPU": 0, "Energy_CPU": 3.039177258809407e-07, "CO2_Emissions": 4.1304336994333385e-08, "_wandb": {"runtime": 26}}