{"mse_TEDA": 2.727197274763159e-06, "_timestamp": 1679992649.4118032, "_runtime": 25.269119262695312, "_step": 0, "Energy_Consumed": 3.3382107642397487e-07, "Energy_RAM": 3.153426607885497e-08, "Energy_GPU": 0, "Energy_CPU": 3.022868103451199e-07, "CO2_Emissions": 4.1082685280187474e-08, "_wandb": {"runtime": 24}}