{"mse_TEDA": 1.5876010918749688e-07, "_timestamp": 1679981603.4323184, "_runtime": 25.35444736480713, "_step": 0, "Energy_Consumed": 5.915666308596377e-07, "Energy_RAM": 5.015274086872523e-08, "Energy_GPU": 0, "Energy_CPU": 5.414138899909125e-07, "CO2_Emissions": 7.280290980489419e-08, "_wandb": {"runtime": 24}}