{"mse_RLS": 1.820884597628525e-07, "_timestamp": 1680034304.5411923, "_runtime": 25.977883338928223, "_step": 0, "Energy_Consumed": 1.3297982161159577e-07, "Energy_RAM": 1.2561882319535773e-08, "Energy_GPU": 0, "Energy_CPU": 1.2041793929206e-07, "CO2_Emissions": 1.6365557916259537e-08, "_wandb": {"runtime": 25}}