{"mse_TEDA": 1.4394662641094182e-07, "_timestamp": 1678941429.326251, "_runtime": 26.56424903869629, "_step": 0, "Energy_Consumed": 3.4912745065513363e-07, "Energy_RAM": 3.298017621394441e-08, "Energy_GPU": 0, "Energy_CPU": 3.1614727444118923e-07, "CO2_Emissions": 4.2966409825251294e-08, "_wandb": {"runtime": 25}}