{"mse_TEDA": 1.1782135872083598e-06, "_timestamp": 1679990854.4986503, "_runtime": 24.745325326919556, "_step": 0, "Energy_Consumed": 3.335743150225628e-07, "Energy_RAM": 3.151095586796752e-08, "Energy_GPU": 0, "Energy_CPU": 3.0206335915459527e-07, "CO2_Emissions": 4.105231685317829e-08, "_wandb": {"runtime": 23}}