{"mse_TEDA": 5.314871441326004e-07, "_timestamp": 1679851626.8831477, "_runtime": 30.385148763656616, "_step": 0, "Energy_Consumed": 3.872628381887151e-07, "Energy_RAM": 3.6582619386157e-08, "Energy_GPU": 0, "Energy_CPU": 3.5068021880255806e-07, "CO2_Emissions": 4.7659654903912216e-08, "_wandb": {"runtime": 29}}