{"mse_cnn": 3.215195169722219e-07, "_timestamp": 1680035563.7594652, "_runtime": 76.07188129425049, "_step": 0, "Energy_Consumed": 0.00021444035960450997, "Energy_RAM": 2.0257017412601877e-05, "Energy_GPU": 0, "Energy_CPU": 0.0001941833421919081, "CO2_Emissions": 2.6390741709230184e-05, "_wandb": {"runtime": 75}}