{"mse_TEDA": 1.3612668872730721e-07, "_timestamp": 1679979290.0225494, "_runtime": 26.80876636505127, "_step": 0, "Energy_Consumed": 3.356671793565308e-07, "Energy_RAM": 3.1708657407610495e-08, "Energy_GPU": 0, "Energy_CPU": 3.0395852194892033e-07, "CO2_Emissions": 4.130988143743879e-08, "_wandb": {"runtime": 25}}