{"mse_TEDA": 2.727197274763159e-06, "_timestamp": 1679992467.2250724, "_runtime": 24.985433340072632, "_step": 0, "Energy_Consumed": 3.3380367001806616e-07, "Energy_RAM": 3.153262179012018e-08, "Energy_GPU": 0, "Energy_CPU": 3.02271048227946e-07, "CO2_Emissions": 4.108054310898766e-08, "_wandb": {"runtime": 24}}