{"mse_TEDA": 4.221295186441879e-07, "_timestamp": 1679857886.1471245, "_runtime": 31.23758053779602, "_step": 0, "Energy_Consumed": 3.5749890799100586e-07, "Energy_RAM": 3.37709823725163e-08, "Energy_GPU": 0, "Energy_CPU": 3.237279256184896e-07, "CO2_Emissions": 4.399666816229336e-08, "_wandb": {"runtime": 30}}