{"mse_RLS": 1.2178923540744506e-06, "_timestamp": 1680033557.071945, "_runtime": 38.60454988479614, "_step": 0, "Energy_Consumed": 1.3422898721210508e-07, "Energy_RAM": 1.2679884216974338e-08, "Energy_GPU": 0, "Energy_CPU": 1.2154910299513075e-07, "CO2_Emissions": 1.651929020236415e-08, "_wandb": {"runtime": 39}}