{"mse_TEDA": 1.1306962065351475e-07, "_timestamp": 1678944727.9922338, "_runtime": 27.37850069999695, "_step": 0, "Energy_Consumed": 3.842167171546862e-07, "Energy_RAM": 3.629486885756705e-08, "Energy_GPU": 0, "Energy_CPU": 3.4792184829711913e-07, "CO2_Emissions": 4.7284774943943995e-08, "_wandb": {"runtime": 26}}