{"mse_TEDA": 1.2034514673626365e-07, "_timestamp": 1679982977.5960617, "_runtime": 25.014177799224854, "_step": 0, "Energy_Consumed": 4.008193566729309e-07, "Energy_RAM": 3.786323014196569e-08, "Energy_GPU": 0, "Energy_CPU": 3.629561265309652e-07, "CO2_Emissions": 4.9328028238359e-08, "_wandb": {"runtime": 24}}