{"mse_TEDA": 3.3020519408773363e-07, "_timestamp": 1679874546.9486396, "_runtime": 28.056848526000977, "_step": 0, "Energy_Consumed": 3.3316475253059254e-07, "Energy_RAM": 3.147226672126635e-08, "Energy_GPU": 0, "Energy_CPU": 3.016924858093262e-07, "CO2_Emissions": 4.100191282494727e-08, "_wandb": {"runtime": 27}}