{"mse_TEDA": 2.6712797989543884e-06, "_timestamp": 1679992503.074198, "_runtime": 24.313591957092285, "_step": 0, "Energy_Consumed": 3.338128851741355e-07, "Energy_RAM": 3.153349229592095e-08, "Energy_GPU": 0, "Energy_CPU": 3.0227939287821456e-07, "CO2_Emissions": 4.108167719962286e-08, "_wandb": {"runtime": 23}}