{"mse_TEDA": 7.032978289158336e-08, "_timestamp": 1678944081.775886, "_runtime": 28.333340167999268, "_step": 0, "Energy_Consumed": 3.611818987000485e-07, "Energy_RAM": 3.411889452422656e-08, "Energy_GPU": 0, "Energy_CPU": 3.270630041758219e-07, "CO2_Emissions": 4.444992638616081e-08, "_wandb": {"runtime": 27}}