{"mse_TEDA": 6.421530506146765e-07, "_timestamp": 1679854227.5501664, "_runtime": 31.1034574508667, "_step": 0, "Energy_Consumed": 3.7555037482459534e-07, "Energy_RAM": 3.547620651337032e-08, "Energy_GPU": 0, "Energy_CPU": 3.4007416831122503e-07, "CO2_Emissions": 4.6218225706575594e-08, "_wandb": {"runtime": 30}}