{"mse_TEDA": 2.666949081539826e-07, "_timestamp": 1679985618.0128179, "_runtime": 26.85647678375244, "_step": 0, "Energy_Consumed": 3.3359581705339123e-07, "Energy_RAM": 3.151298704816933e-08, "Energy_GPU": 0, "Energy_CPU": 3.020828300052219e-07, "CO2_Emissions": 4.1054963064660415e-08, "_wandb": {"runtime": 26}}