{"mse_TEDA": 5.321584930810713e-07, "_timestamp": 1678928269.1166413, "_runtime": 26.039080381393433, "_step": 0, "Energy_Consumed": 3.3384155454857337e-07, "Energy_RAM": 3.1536200536190037e-08, "Energy_GPU": 0, "Energy_CPU": 3.0230535401238335e-07, "CO2_Emissions": 4.108520548159902e-08, "_wandb": {"runtime": 25}}