{"mse_TEDA": 3.2892872286765904e-07, "_timestamp": 1678935314.7618563, "_runtime": 27.148996353149414, "_step": 0, "Energy_Consumed": 3.882672902002722e-07, "Energy_RAM": 3.6677504518441616e-08, "Energy_GPU": 0, "Energy_CPU": 3.5158978568183055e-07, "CO2_Emissions": 4.77832707831488e-08, "_wandb": {"runtime": 26}}