{"mse_TEDA": 2.2549821089193617e-07, "_timestamp": 1679865173.6951356, "_runtime": 31.599567651748657, "_step": 0, "Energy_Consumed": 3.824044031277178e-07, "Energy_RAM": 3.6123669383414384e-08, "Energy_GPU": 0, "Energy_CPU": 3.4628073374430343e-07, "CO2_Emissions": 4.7061737119021735e-08, "_wandb": {"runtime": 30}}