{"mse_TEDA": 1.799647089903447e-07, "_timestamp": 1679865078.7879279, "_runtime": 33.63329577445984, "_step": 0, "Energy_Consumed": 3.5259644496212184e-07, "Energy_RAM": 3.330787328650331e-08, "Energy_GPU": 0, "Energy_CPU": 3.192885716756185e-07, "CO2_Emissions": 4.3393331944368044e-08, "_wandb": {"runtime": 32}}