{"mse_TEDA": 6.626249401409924e-07, "_timestamp": 1679853501.6662161, "_runtime": 30.988877058029175, "_step": 0, "Energy_Consumed": 3.7992757395752757e-07, "Energy_RAM": 3.5889696768739066e-08, "Energy_GPU": 0, "Energy_CPU": 3.4403787718878853e-07, "CO2_Emissions": 4.675691875829463e-08, "_wandb": {"runtime": 30}}