{"mse_TEDA": 5.720223743147897e-07, "_timestamp": 1678929350.5013416, "_runtime": 26.670745611190796, "_step": 0, "Energy_Consumed": 1.168290319126173e-06, "Energy_RAM": 1.1036204836235205e-07, "Energy_GPU": 0, "Energy_CPU": 1.057928270763821e-06, "CO2_Emissions": 1.4377912865990407e-07, "_wandb": {"runtime": 25}}