{"mse_TEDA": 2.3297299017873242e-07, "_timestamp": 1679877357.815228, "_runtime": 26.19294309616089, "_step": 0, "Energy_Consumed": 3.193102773334683e-07, "Energy_RAM": 3.016350961123256e-08, "Energy_GPU": 0, "Energy_CPU": 2.8914676772223576e-07, "CO2_Emissions": 3.9296870559962406e-08, "_wandb": {"runtime": 25}}