{"mse_TEDA": 6.859855562837275e-07, "_timestamp": 1678951471.3712373, "_runtime": 27.412033319473267, "_step": 0, "Energy_Consumed": 4.1744554603446377e-07, "Energy_RAM": 3.943381605229964e-08, "Energy_GPU": 0, "Energy_CPU": 3.7801172998216414e-07, "CO2_Emissions": 5.137417976439728e-08, "_wandb": {"runtime": 26}}