{"mse_TEDA": 1.9166540721112705e-07, "_timestamp": 1678937900.5949337, "_runtime": 27.806074857711792, "_step": 0, "Energy_Consumed": 5.034669801292087e-07, "Energy_RAM": 4.7559794256812896e-08, "Energy_GPU": 0, "Energy_CPU": 4.559071858723959e-07, "CO2_Emissions": 6.196066382382914e-08, "_wandb": {"runtime": 27}}