{"mse_TEDA": 2.861114594245546e-06, "_timestamp": 1678953347.6318178, "_runtime": 27.197216749191284, "_step": 0, "Energy_Consumed": 2.8176568369455407e-07, "Energy_RAM": 2.661687553313641e-08, "Energy_GPU": 0, "Energy_CPU": 2.5514880816141766e-07, "CO2_Emissions": 3.467633329202474e-08, "_wandb": {"runtime": 26}}