{"mse_TEDA": 3.846529332829356e-07, "_timestamp": 1679968529.850598, "_runtime": 24.63618803024292, "_step": 0, "Energy_Consumed": 4.6982858875746083e-07, "Energy_RAM": 4.4382157915379136e-08, "Energy_GPU": 0, "Energy_CPU": 4.254464308420817e-07, "CO2_Emissions": 5.782085497514483e-08, "_wandb": {"runtime": 23}}