{"mse_TEDA": 2.600689140277876e-07, "_timestamp": 1679881159.0745203, "_runtime": 27.294897317886353, "_step": 0, "Energy_Consumed": 3.336992315826137e-07, "Energy_RAM": 3.152275605771138e-08, "Energy_GPU": 0, "Energy_CPU": 3.0217647552490234e-07, "CO2_Emissions": 4.106769008178875e-08, "_wandb": {"runtime": 26}}