{"mse_TEDA": 9.892783858873526e-07, "_timestamp": 1678952891.8797488, "_runtime": 28.306187868118286, "_step": 0, "Energy_Consumed": 2.958259640438933e-07, "Energy_RAM": 2.7945073939387537e-08, "Energy_GPU": 0, "Energy_CPU": 2.6788089010450575e-07, "CO2_Emissions": 3.6406703581195684e-08, "_wandb": {"runtime": 27}}