{"mse_TEDA": 1.7456831441668582e-07, "_timestamp": 1679981303.645116, "_runtime": 24.70140504837036, "_step": 0, "Energy_Consumed": 3.33640868927508e-07, "Energy_RAM": 3.151724285430646e-08, "Energy_GPU": 0, "Energy_CPU": 3.021236260732015e-07, "CO2_Emissions": 4.106050750776583e-08, "_wandb": {"runtime": 23}}