{"mse_TEDA": 2.8596241768452066e-07, "_timestamp": 1678937189.9438183, "_runtime": 26.68185544013977, "_step": 0, "Energy_Consumed": 3.3366646658325613e-07, "Energy_RAM": 3.1519660925975284e-08, "Energy_GPU": 0, "Energy_CPU": 3.0214680565728083e-07, "CO2_Emissions": 4.106365775953027e-08, "_wandb": {"runtime": 25}}