{"mse_TEDA": 3.108782384528567e-07, "_timestamp": 1678938423.4928994, "_runtime": 26.505959510803223, "_step": 0, "Energy_Consumed": 3.307155688286103e-07, "Energy_RAM": 3.124090562399336e-08, "Energy_GPU": 0, "Energy_CPU": 2.9947466320461695e-07, "CO2_Emissions": 4.0700496736125755e-08, "_wandb": {"runtime": 25}}