{"mse_TEDA": 1.1745897257854977e-07, "_timestamp": 1678945743.569082, "_runtime": 26.59370708465576, "_step": 0, "Energy_Consumed": 3.370207833924926e-07, "Energy_RAM": 3.1836525037457855e-08, "Energy_GPU": 0, "Energy_CPU": 3.0518425835503473e-07, "CO2_Emissions": 4.1476466750742324e-08, "_wandb": {"runtime": 25}}