{"mse_TEDA": 1.156020583856659e-07, "_timestamp": 1679868942.1015017, "_runtime": 32.52365279197693, "_step": 0, "Energy_Consumed": 6.031032953632752e-07, "Energy_RAM": 5.697189642053975e-08, "Energy_GPU": 0, "Energy_CPU": 5.461313989427354e-07, "CO2_Emissions": 7.422270379173069e-08, "_wandb": {"runtime": 31}}