{"mse_TEDA": 2.0482241176924275e-07, "_timestamp": 1679864642.819249, "_runtime": 31.682663917541504, "_step": 0, "Energy_Consumed": 3.8226105625552824e-07, "Energy_RAM": 3.6110128182068976e-08, "Energy_GPU": 0, "Energy_CPU": 3.4615092807345924e-07, "CO2_Emissions": 4.704409570914088e-08, "_wandb": {"runtime": 30}}