{"mse_TEDA": 2.380139386632416e-07, "_timestamp": 1679982250.6835008, "_runtime": 25.04635977745056, "_step": 0, "Energy_Consumed": 2.7643625176779096e-07, "Energy_RAM": 2.6113433011687453e-08, "Energy_GPU": 0, "Energy_CPU": 2.503228187561035e-07, "CO2_Emissions": 3.402045087466858e-08, "_wandb": {"runtime": 24}}