{"mse_TEDA": 8.776988117495086e-08, "_timestamp": 1679875766.7590356, "_runtime": 26.886258602142334, "_step": 0, "Energy_Consumed": 3.1381190087876755e-07, "Energy_RAM": 2.9644107816769368e-08, "Energy_GPU": 0, "Energy_CPU": 2.841677930619982e-07, "CO2_Emissions": 3.862019648096096e-08, "_wandb": {"runtime": 26}}