{"mse_TEDA": 1.1444700367541861e-07, "_timestamp": 1678940718.2548282, "_runtime": 28.01513409614563, "_step": 0, "Energy_Consumed": 5.860337546041844e-07, "Energy_RAM": 5.535942950890179e-08, "Energy_GPU": 0, "Energy_CPU": 5.306743250952826e-07, "CO2_Emissions": 7.212198990513233e-08, "_wandb": {"runtime": 26}}