{"mse_TEDA": 1.3188126514281372e-07, "_timestamp": 1679983772.233178, "_runtime": 25.93814778327942, "_step": 0, "Energy_Consumed": 3.3377500064362824e-07, "Energy_RAM": 3.1529913549851094e-08, "Energy_GPU": 0, "Energy_CPU": 3.0224508709377715e-07, "CO2_Emissions": 4.1077014827011486e-08, "_wandb": {"runtime": 24}}