{"mse_TEDA": 9.463169050981206e-08, "_timestamp": 1679871185.8163183, "_runtime": 32.01514935493469, "_step": 0, "Energy_Consumed": 3.7204656770578977e-07, "Energy_RAM": 3.5145220863341824e-08, "Energy_GPU": 0, "Energy_CPU": 3.369013468424479e-07, "CO2_Emissions": 4.578701924505922e-08, "_wandb": {"runtime": 31}}