{"mse_TEDA": 4.84106952368441e-07, "_timestamp": 1679967130.4453328, "_runtime": 32.107632875442505, "_step": 0, "Energy_Consumed": 4.110092714731511e-07, "Energy_RAM": 3.882581611189077e-08, "Energy_GPU": 0, "Energy_CPU": 3.721834553612603e-07, "CO2_Emissions": 5.0582080460746796e-08, "_wandb": {"runtime": 31}}