{"mse_TEDA": 1.1306962065351475e-07, "_timestamp": 1679872442.9711707, "_runtime": 32.198742628097534, "_step": 0, "Energy_Consumed": 3.9732886033511426e-07, "Energy_RAM": 3.753350188920498e-08, "Energy_GPU": 0, "Energy_CPU": 3.597953584459093e-07, "CO2_Emissions": 4.8898459907760124e-08, "_wandb": {"runtime": 31}}