{"mse_TEDA": 1.6756343235317318e-07, "_timestamp": 1679981157.0258012, "_runtime": 23.744139194488525, "_step": 0, "Energy_Consumed": 3.338282437675844e-07, "Energy_RAM": 3.153494313892225e-08, "Energy_GPU": 0, "Energy_CPU": 3.0229330062866213e-07, "CO2_Emissions": 4.1083567350681523e-08, "_wandb": {"runtime": 22}}