{"mse_TEDA": 6.582636307710376e-08, "_timestamp": 1678952539.994674, "_runtime": 27.16323685646057, "_step": 0, "Energy_Consumed": 3.5056808672063905e-07, "Energy_RAM": 3.311626528746577e-08, "Energy_GPU": 0, "Energy_CPU": 3.174518214331733e-07, "CO2_Emissions": 4.3143705994553914e-08, "_wandb": {"runtime": 26}}