{"mse_TEDA": 1.6255173055528223e-07, "_timestamp": 1678940792.7206247, "_runtime": 26.9936466217041, "_step": 0, "Energy_Consumed": 4.6987466453780747e-07, "Energy_RAM": 4.438651044438302e-08, "Energy_GPU": 0, "Energy_CPU": 4.2548815409342446e-07, "CO2_Emissions": 5.782652542832082e-08, "_wandb": {"runtime": 26}}