{"mse_TEDA": 1.962700112650398e-07, "_timestamp": 1678947183.9511535, "_runtime": 26.634764432907104, "_step": 0, "Energy_Consumed": 3.3369718377015394e-07, "Energy_RAM": 3.152256261197787e-08, "Energy_GPU": 0, "Energy_CPU": 3.0217462115817604e-07, "CO2_Emissions": 4.10674380616476e-08, "_wandb": {"runtime": 25}}