{"mse_TEDA": 2.6656662154379167e-07, "_timestamp": 1679990330.760725, "_runtime": 27.576103925704956, "_step": 0, "Energy_Consumed": 1.2079636138171028e-06, "Energy_RAM": 1.1410976928042753e-07, "Energy_GPU": 0, "Energy_CPU": 1.0938538445366753e-06, "CO2_Emissions": 1.486616408645725e-07, "_wandb": {"runtime": 26}}