{"mse_TEDA": 4.3602129234429685e-07, "_timestamp": 1679968009.617643, "_runtime": 24.21572518348694, "_step": 0, "Energy_Consumed": 3.751981510815009e-07, "Energy_RAM": 3.5442933847207314e-08, "Energy_GPU": 0, "Energy_CPU": 3.397552172342936e-07, "CO2_Emissions": 4.617487824229692e-08, "_wandb": {"runtime": 23}}