{"mse_TEDA": 1.403676936311044e-07, "_timestamp": 1678941581.19598, "_runtime": 27.642420053482056, "_step": 0, "Energy_Consumed": 1.2031154178184048e-06, "Energy_RAM": 1.1365178650635244e-07, "Energy_GPU": 0, "Energy_CPU": 1.0894636313120524e-06, "CO2_Emissions": 1.4806498318038778e-07, "_wandb": {"runtime": 26}}