{"mse_TEDA": 4.027292864456868e-08, "_timestamp": 1679983053.2283013, "_runtime": 24.798030376434326, "_step": 0, "Energy_Consumed": 3.3381902861151504e-07, "Energy_RAM": 3.153407263312147e-08, "Energy_GPU": 0, "Energy_CPU": 3.022849559783936e-07, "CO2_Emissions": 4.108243326004632e-08, "_wandb": {"runtime": 23}}