{"mse_TEDA": 3.8800248691536743e-07, "_timestamp": 1678946920.275201, "_runtime": 26.414959192276, "_step": 0, "Energy_Consumed": 4.6555582805998105e-07, "Energy_RAM": 4.3978533392419194e-08, "Energy_GPU": 0, "Energy_CPU": 4.2157729466756183e-07, "CO2_Emissions": 5.729501495062471e-08, "_wandb": {"runtime": 25}}