{"mse_TEDA": 1.1169802583891278e-07, "_timestamp": 1679872636.7089055, "_runtime": 32.076481342315674, "_step": 0, "Energy_Consumed": 7.1571045471804e-07, "Energy_RAM": 6.760928386029264e-08, "Energy_GPU": 0, "Energy_CPU": 6.481011708577474e-07, "CO2_Emissions": 8.80810393337087e-08, "_wandb": {"runtime": 31}}