{"mse_TEDA": 3.7977374104257927e-07, "_timestamp": 1679858899.6004996, "_runtime": 31.370919704437256, "_step": 0, "Energy_Consumed": 3.944281339857349e-07, "Energy_RAM": 3.725948600769395e-08, "Energy_GPU": 0, "Energy_CPU": 3.571686479780409e-07, "CO2_Emissions": 4.8541473377813924e-08, "_wandb": {"runtime": 30}}