{"mse_TEDA": 2.0251887130597059e-07, "_timestamp": 1678937936.218608, "_runtime": 26.038453817367554, "_step": 0, "Energy_Consumed": 4.685138931582363e-07, "Energy_RAM": 4.425796575446839e-08, "Energy_GPU": 0, "Energy_CPU": 4.242559274037679e-07, "CO2_Emissions": 5.7659058044523254e-08, "_wandb": {"runtime": 25}}