{"mse_TEDA": 4.828909902185851e-07, "_timestamp": 1678929088.1779547, "_runtime": 26.023149728775024, "_step": 0, "Energy_Consumed": 4.027494199163407e-07, "Energy_RAM": 3.8045552745794946e-08, "Energy_GPU": 0, "Energy_CPU": 3.6470386717054577e-07, "CO2_Emissions": 4.956555722139768e-08, "_wandb": {"runtime": 25}}