{"mse_TEDA": 1.8695042652694883e-07, "_timestamp": 1678938985.6118793, "_runtime": 26.276808261871338, "_step": 0, "Energy_Consumed": 3.1624982161222057e-07, "Energy_RAM": 2.987440496250808e-08, "Energy_GPU": 0, "Energy_CPU": 2.863754166497125e-07, "CO2_Emissions": 3.8920226459006115e-08, "_wandb": {"runtime": 25}}