{"mse_TEDA": 4.725418296370004e-07, "_timestamp": 1678934675.5207396, "_runtime": 25.650968551635742, "_step": 0, "Energy_Consumed": 3.7122641881561925e-07, "Energy_RAM": 3.5067745847072726e-08, "Energy_GPU": 0, "Energy_CPU": 3.361586729685465e-07, "CO2_Emissions": 4.5686085178526593e-08, "_wandb": {"runtime": 24}}