{"mse_TEDA": 4.84106952368441e-07, "_timestamp": 1679850708.037198, "_runtime": 30.73197317123413, "_step": 0, "Energy_Consumed": 3.722062970776582e-07, "Energy_RAM": 3.516030963055528e-08, "Energy_GPU": 0, "Energy_CPU": 3.370459874471029e-07, "CO2_Emissions": 4.580667681606932e-08, "_wandb": {"runtime": 29}}