{"mse_TEDA": 3.9604194278176245e-08, "_timestamp": 1678947744.7678454, "_runtime": 31.205259323120117, "_step": 0, "Energy_Consumed": 3.799245022388378e-07, "Energy_RAM": 3.5889406600138806e-08, "Energy_GPU": 0, "Energy_CPU": 3.44035095638699e-07, "CO2_Emissions": 4.67565407280829e-08, "_wandb": {"runtime": 30}}