{"mse_TEDA": 5.742422196294044e-07, "_timestamp": 1678930296.111294, "_runtime": 27.40143394470215, "_step": 0, "Energy_Consumed": 1.2024160898633656e-06, "Energy_RAM": 1.1358572478836019e-07, "Energy_GPU": 0, "Energy_CPU": 1.0888303650750054e-06, "CO2_Emissions": 1.4797891830218332e-07, "_wandb": {"runtime": 26}}