{"mse_TEDA": 4.725418296370004e-07, "_timestamp": 1679973455.860981, "_runtime": 23.444236040115356, "_step": 0, "Energy_Consumed": 3.329466605036184e-07, "Energy_RAM": 3.145166475064798e-08, "Energy_GPU": 0, "Energy_CPU": 3.014949957529704e-07, "CO2_Emissions": 4.097507267991425e-08, "_wandb": {"runtime": 22}}