{"mse_TEDA": 4.018478189062551e-07, "_timestamp": 1678931953.5962415, "_runtime": 26.393267393112183, "_step": 0, "Energy_Consumed": 4.160673682489839e-07, "Energy_RAM": 3.9303627073650206e-08, "Energy_GPU": 0, "Energy_CPU": 3.7676374117533366e-07, "CO2_Emissions": 5.12045702093999e-08, "_wandb": {"runtime": 25}}