{"mse_TEDA": 7.76828042174159e-07, "_timestamp": 1679852730.5608866, "_runtime": 30.679152727127075, "_step": 0, "Energy_Consumed": 3.377733544714879e-07, "Energy_RAM": 3.1907616344521255e-08, "Energy_GPU": 0, "Energy_CPU": 3.0586573812696666e-07, "CO2_Emissions": 4.156908415261682e-08, "_wandb": {"runtime": 29}}