{"mse_TEDA": 1.6255173055528223e-07, "_timestamp": 1679979805.3795474, "_runtime": 24.824453353881836, "_step": 0, "Energy_Consumed": 5.350299135728973e-07, "Energy_RAM": 5.054137334733847e-08, "Energy_GPU": 0, "Energy_CPU": 4.844885402255589e-07, "CO2_Emissions": 6.584505025945276e-08, "_wandb": {"runtime": 23}}