{"mse_TEDA": 1.3135221164995035e-07, "_timestamp": 1678940829.4525096, "_runtime": 27.065075635910034, "_step": 0, "Energy_Consumed": 3.354531829544764e-07, "Energy_RAM": 3.1688442328459135e-08, "Energy_GPU": 0, "Energy_CPU": 3.037647406260172e-07, "CO2_Emissions": 4.128354533268809e-08, "_wandb": {"runtime": 26}}