{"mse_TEDA": 1.0696369066780603e-07, "_timestamp": 1679873552.9608917, "_runtime": 32.71120572090149, "_step": 0, "Energy_Consumed": 3.5542754568786634e-07, "Energy_RAM": 3.3575312013075146e-08, "Energy_GPU": 0, "Energy_CPU": 3.2185223367479117e-07, "CO2_Emissions": 4.374174978951498e-08, "_wandb": {"runtime": 31}}