{"mse_cnn": 4.377529211778987e-07, "_timestamp": 1680035475.4870992, "_runtime": 79.03524613380432, "_step": 0, "Energy_Consumed": 0.00022056906911685275, "Energy_RAM": 2.083596335140404e-05, "Energy_GPU": 0, "Energy_CPU": 0.0001997331057654487, "CO2_Emissions": 2.7144989603840313e-05, "_wandb": {"runtime": 78}}