{"mse_TEDA": 5.314871441326004e-07, "_timestamp": 1678928863.036654, "_runtime": 25.77651596069336, "_step": 0, "Energy_Consumed": 4.047808498765132e-07, "Energy_RAM": 3.8237450913432745e-08, "Energy_GPU": 0, "Energy_CPU": 3.665433989630805e-07, "CO2_Emissions": 4.981556120142354e-08, "_wandb": {"runtime": 25}}