{"mse_TEDA": 1.5521588829969897e-07, "_timestamp": 1679865559.7278094, "_runtime": 32.08822751045227, "_step": 0, "Energy_Consumed": 3.8111428127801143e-07, "Energy_RAM": 3.60017985713057e-08, "Energy_GPU": 0, "Energy_CPU": 3.4511248270670574e-07, "CO2_Emissions": 4.690296443009402e-08, "_wandb": {"runtime": 31}}