{"mse_TEDA": 1.3953174700230186e-07, "_timestamp": 1679871283.360319, "_runtime": 32.65786385536194, "_step": 0, "Energy_Consumed": 3.619457327475731e-07, "Energy_RAM": 3.419104978282425e-08, "Energy_GPU": 0, "Energy_CPU": 3.277546829647488e-07, "CO2_Emissions": 4.454392989881167e-08, "_wandb": {"runtime": 31}}