{"mse_TEDA": 3.429023620129301e-07, "_timestamp": 1679862125.1688042, "_runtime": 32.04983305931091, "_step": 0, "Energy_Consumed": 3.813876642414016e-07, "Energy_RAM": 3.602762357672873e-08, "Energy_GPU": 0, "Energy_CPU": 3.4536004066467284e-07, "CO2_Emissions": 4.693660911893822e-08, "_wandb": {"runtime": 31}}