{"mse_TEDA": 6.856411086634167e-07, "_timestamp": 1679990966.7182825, "_runtime": 25.278961420059204, "_step": 0, "Energy_Consumed": 2.6839756395664456e-07, "Energy_RAM": 2.5354061784810257e-08, "Energy_GPU": 0, "Energy_CPU": 2.4304350217183433e-07, "CO2_Emissions": 3.3031145810564225e-08, "_wandb": {"runtime": 24}}