{"mse_TEDA": 4.25198230073523e-07, "_timestamp": 1679856684.4787688, "_runtime": 31.23170781135559, "_step": 0, "Energy_Consumed": 3.863392747693221e-07, "Energy_RAM": 3.649537536034586e-08, "Energy_GPU": 0, "Energy_CPU": 3.498438994089762e-07, "CO2_Emissions": 4.7545993820251257e-08, "_wandb": {"runtime": 30}}