{"mse_TEDA": 1.7456831441668582e-07, "_timestamp": 1679868362.0652852, "_runtime": 31.939678192138672, "_step": 0, "Energy_Consumed": 3.7745893603717686e-07, "Energy_RAM": 3.565649793699777e-08, "Energy_GPU": 0, "Energy_CPU": 3.4180243810017907e-07, "CO2_Emissions": 4.645310847813216e-08, "_wandb": {"runtime": 31}}