{"mse_TEDA": 1.6907475201990146e-07, "_timestamp": 1678941317.5740893, "_runtime": 26.710553407669067, "_step": 0, "Energy_Consumed": 2.708385564087873e-07, "Energy_RAM": 2.5584649099149224e-08, "Energy_GPU": 0, "Energy_CPU": 2.452539073096381e-07, "CO2_Emissions": 3.333155381882111e-08, "_wandb": {"runtime": 25}}