{"mse_TEDA": 2.592914154820145e-07, "_timestamp": 1679977728.1137445, "_runtime": 25.572465419769287, "_step": 0, "Energy_Consumed": 2.6674293148908467e-07, "Energy_RAM": 2.5197757632137536e-08, "Energy_GPU": 0, "Energy_CPU": 2.4154517385694715e-07, "CO2_Emissions": 3.28275135365109e-08, "_wandb": {"runtime": 24}}