{"mse_TEDA": 4.000902496354645e-08, "_timestamp": 1678943840.6300838, "_runtime": 28.101340770721436, "_step": 0, "Energy_Consumed": 3.3571120732441766e-07, "Energy_RAM": 3.171281649088087e-08, "Energy_GPU": 0, "Energy_CPU": 3.039983908335368e-07, "CO2_Emissions": 4.1315299870473634e-08, "_wandb": {"runtime": 27}}