{"mse_TEDA": 2.0062461049128731e-07, "_timestamp": 1679864208.9684753, "_runtime": 31.56282138824463, "_step": 0, "Energy_Consumed": 5.915608004333232e-07, "Energy_RAM": 5.588153954363407e-08, "Energy_GPU": 0, "Energy_CPU": 5.356792608896892e-07, "CO2_Emissions": 7.280219226610996e-08, "_wandb": {"runtime": 30}}