{"mse_TEDA": 2.8530998822998015e-07, "_timestamp": 1678936290.1175523, "_runtime": 27.906984329223633, "_step": 0, "Energy_Consumed": 3.337483790816502e-07, "Energy_RAM": 3.152739875531552e-08, "Energy_GPU": 0, "Energy_CPU": 3.0222098032633466e-07, "CO2_Emissions": 4.107373856517647e-08, "_wandb": {"runtime": 27}}