{"mse_TEDA": 8.753568146675801e-08, "_timestamp": 1679983884.001759, "_runtime": 25.183927059173584, "_step": 0, "Energy_Consumed": 2.685142892668561e-07, "Energy_RAM": 2.536508819162009e-08, "Energy_GPU": 0, "Energy_CPU": 2.43149201075236e-07, "CO2_Emissions": 3.304551095861007e-08, "_wandb": {"runtime": 24}}