{"mse_TEDA": 7.505154025744124e-08, "_timestamp": 1678949113.9594626, "_runtime": 26.997779607772827, "_step": 0, "Energy_Consumed": 3.3561905576372434e-07, "Energy_RAM": 3.170411143287311e-08, "Energy_GPU": 0, "Energy_CPU": 3.0391494433085124e-07, "CO2_Emissions": 4.130395896412166e-08, "_wandb": {"runtime": 26}}