{"mse_TEDA": 2.3297299017873242e-07, "_timestamp": 1679877572.7015712, "_runtime": 27.29711627960205, "_step": 0, "Energy_Consumed": 3.921745163736685e-07, "Energy_RAM": 3.7046598977970766e-08, "Energy_GPU": 0, "Energy_CPU": 3.5512791739569773e-07, "CO2_Emissions": 4.8264125212472734e-08, "_wandb": {"runtime": 26}}