{"mse_TEDA": 7.032978289158336e-08, "_timestamp": 1679871138.247712, "_runtime": 32.26733183860779, "_step": 0, "Energy_Consumed": 3.888529645637896e-07, "Energy_RAM": 3.673282999822429e-08, "Energy_GPU": 0, "Energy_CPU": 3.5212013456556534e-07, "CO2_Emissions": 4.785534854351915e-08, "_wandb": {"runtime": 31}}