{"mse_RLS": 7.343073107814589e-07, "_timestamp": 1679616990.6138191, "_runtime": 31.173100233078003, "_step": 0, "Energy_Consumed": 1.3575870311961405e-07, "Energy_RAM": 1.2824388179903206e-08, "Energy_GPU": 0, "Energy_CPU": 1.2293431493971085e-07, "CO2_Emissions": 1.6707549247807014e-08, "_wandb": {"runtime": 30}}