{"mse_TEDA": 3.311482454177867e-07, "_timestamp": 1679974581.9680731, "_runtime": 24.950348138809204, "_step": 0, "Energy_Consumed": 3.337872875183873e-07, "Energy_RAM": 3.153107422425213e-08, "Energy_GPU": 0, "Energy_CPU": 3.022562132941352e-07, "CO2_Emissions": 4.107852694785842e-08, "_wandb": {"runtime": 23}}