{"mse_TEDA": 5.314871441326004e-07, "_timestamp": 1679968305.1157882, "_runtime": 25.167091131210327, "_step": 0, "Energy_Consumed": 3.3379957439314645e-07, "Energy_RAM": 3.153223489865316e-08, "Energy_GPU": 0, "Energy_CPU": 3.022673394944933e-07, "CO2_Emissions": 4.108003906870535e-08, "_wandb": {"runtime": 24}}