{"mse_TEDA": 6.58259700952093e-08, "_timestamp": 1678952343.376233, "_runtime": 28.86751103401184, "_step": 0, "Energy_Consumed": 3.3590882122679334e-07, "Energy_RAM": 3.173148400416418e-08, "Energy_GPU": 0, "Energy_CPU": 3.0417733722262915e-07, "CO2_Emissions": 4.1339619814095104e-08, "_wandb": {"runtime": 28}}