{"mse_TEDA": 6.8403375244195e-07, "_timestamp": 1679881031.263896, "_runtime": 27.375679969787598, "_step": 0, "Energy_Consumed": 3.5813168204109995e-07, "Energy_RAM": 3.3830757104169606e-08, "Energy_GPU": 0, "Energy_CPU": 3.2430092493693033e-07, "CO2_Emissions": 4.4074542385910284e-08, "_wandb": {"runtime": 26}}