{"mse_TEDA": 2.5451190036110304e-07, "_timestamp": 1679864257.0868945, "_runtime": 32.43768548965454, "_step": 0, "Energy_Consumed": 5.719427570679475e-07, "Energy_RAM": 5.402832941664808e-08, "Energy_GPU": 0, "Energy_CPU": 5.179144276512994e-07, "CO2_Emissions": 7.038783931384407e-08, "_wandb": {"runtime": 31}}