{"mse_TEDA": 1.206939143738527e-07, "_timestamp": 1679987543.5196402, "_runtime": 24.779465198516846, "_step": 0, "Energy_Consumed": 3.3549618701613327e-07, "Energy_RAM": 3.169250468886276e-08, "Energy_GPU": 0, "Energy_CPU": 3.038036823272705e-07, "CO2_Emissions": 4.128883775565235e-08, "_wandb": {"runtime": 23}}