{"mse_TEDA": 3.3020519408773363e-07, "_timestamp": 1678946696.7466128, "_runtime": 27.26899480819702, "_step": 0, "Energy_Consumed": 3.924673535554272e-07, "Energy_RAM": 3.70742617178621e-08, "Energy_GPU": 0, "Energy_CPU": 3.553930918375651e-07, "CO2_Emissions": 4.830016409265791e-08, "_wandb": {"runtime": 26}}