{"mse_TEDA": 1.9315791111068045e-07, "_timestamp": 1679988012.7623231, "_runtime": 26.606637239456177, "_step": 0, "Energy_Consumed": 3.3378523970592744e-07, "Energy_RAM": 3.1530880778518624e-08, "Energy_GPU": 0, "Energy_CPU": 3.0225435892740883e-07, "CO2_Emissions": 4.1078274927717256e-08, "_wandb": {"runtime": 25}}