{"mse_TEDA": 1.8091168950211855e-07, "_timestamp": 1679986802.3317084, "_runtime": 25.358837366104126, "_step": 0, "Energy_Consumed": 4.027750175720889e-07, "Energy_RAM": 3.804797081746377e-08, "Energy_GPU": 0, "Energy_CPU": 3.6472704675462514e-07, "CO2_Emissions": 4.956870747316212e-08, "_wandb": {"runtime": 24}}