{"mse_TEDA": 6.8403375244195e-07, "_timestamp": 1678953042.9127173, "_runtime": 27.4312744140625, "_step": 0, "Energy_Consumed": 3.3566513154407103e-07, "Energy_RAM": 3.170846396187699e-08, "Energy_GPU": 0, "Energy_CPU": 3.03956667582194e-07, "CO2_Emissions": 4.130962941729765e-08, "_wandb": {"runtime": 26}}