{"mse_TEDA": 1.3401907809554087e-07, "_timestamp": 1678944578.0881405, "_runtime": 26.823970556259155, "_step": 0, "Energy_Consumed": 4.857503306328049e-07, "Energy_RAM": 4.588619849338708e-08, "Energy_GPU": 0, "Energy_CPU": 4.3986413213941784e-07, "CO2_Emissions": 5.978031157262576e-08, "_wandb": {"runtime": 26}}