{"mse_TEDA": 2.231440145536473e-06, "_timestamp": 1679990171.8070936, "_runtime": 28.325840711593628, "_step": 0, "Energy_Consumed": 4.027494199163407e-07, "Energy_RAM": 3.8045552745794946e-08, "Energy_GPU": 0, "Energy_CPU": 3.6470386717054577e-07, "CO2_Emissions": 4.956555722139768e-08, "_wandb": {"runtime": 27}}