{"mse_TEDA": 2.6712797989543884e-06, "_timestamp": 1679993054.8261242, "_runtime": 25.013036251068115, "_step": 0, "Energy_Consumed": 3.338292676738143e-07, "Energy_RAM": 3.1535039861789e-08, "Energy_GPU": 0, "Energy_CPU": 3.022942278120253e-07, "CO2_Emissions": 4.10836933607521e-08, "_wandb": {"runtime": 23}}