{"mse_TEDA": 7.597062108242906e-08, "_timestamp": 1679869629.4860883, "_runtime": 31.891619205474854, "_step": 0, "Energy_Consumed": 3.7795450665246086e-07, "Energy_RAM": 3.5703311804506184e-08, "Energy_GPU": 0, "Energy_CPU": 3.4225119484795465e-07, "CO2_Emissions": 4.651409735229169e-08, "_wandb": {"runtime": 31}}