{"mse_TEDA": 1.7388620610156288e-07, "_timestamp": 1679979582.3636467, "_runtime": 25.436274766921997, "_step": 0, "Energy_Consumed": 3.3395316032763533e-07, "Energy_RAM": 3.1546743328666107e-08, "Energy_GPU": 0, "Energy_CPU": 3.024064169989692e-07, "CO2_Emissions": 4.1098940579291984e-08, "_wandb": {"runtime": 24}}