{"mse_TEDA": 3.8800248691536743e-07, "_timestamp": 1679874374.9820096, "_runtime": 27.879883766174316, "_step": 0, "Energy_Consumed": 3.5752860127167375e-07, "Energy_RAM": 3.3773787335652135e-08, "Energy_GPU": 0, "Energy_CPU": 3.237548139360216e-07, "CO2_Emissions": 4.400032245434011e-08, "_wandb": {"runtime": 26}}