{"mse_TEDA": 2.6153865185973593e-07, "_timestamp": 1678952192.1094718, "_runtime": 26.91197371482849, "_step": 0, "Energy_Consumed": 6.666356530239328e-07, "Energy_RAM": 6.297345357969183e-08, "Energy_GPU": 0, "Energy_CPU": 6.03662199444241e-07, "CO2_Emissions": 8.20415026609972e-08, "_wandb": {"runtime": 26}}