{"mse_TEDA": 2.9003527828683703e-08, "_timestamp": 1679876587.465998, "_runtime": 25.833449840545654, "_step": 0, "Energy_Consumed": 3.358545541966073e-07, "Energy_RAM": 3.172635769222628e-08, "Energy_GPU": 0, "Energy_CPU": 3.04128196504381e-07, "CO2_Emissions": 4.13329412803545e-08, "_wandb": {"runtime": 24}}