{"mse_TEDA": 1.7174024956282277e-07, "_timestamp": 1679981041.5068104, "_runtime": 25.025341510772705, "_step": 0, "Energy_Consumed": 3.336429167399678e-07, "Energy_RAM": 3.1517436300039965e-08, "Energy_GPU": 0, "Energy_CPU": 3.021254804399278e-07, "CO2_Emissions": 4.106075952790698e-08, "_wandb": {"runtime": 24}}