{"mse_TEDA": 2.8596241768452066e-07, "_timestamp": 1679862762.8322392, "_runtime": 32.19058609008789, "_step": 0, "Energy_Consumed": 3.993462201924558e-07, "Energy_RAM": 3.7349728442374424e-08, "Energy_GPU": 0, "Energy_CPU": 3.619964917500814e-07, "CO2_Emissions": 4.914673230866385e-08, "_wandb": {"runtime": 31}}