{"mse_TEDA": 9.961694403697337e-07, "_timestamp": 1679880432.4664738, "_runtime": 27.484002828598022, "_step": 0, "Energy_Consumed": 6.293224621929818e-07, "Energy_RAM": 5.9448678869481843e-08, "Energy_GPU": 0, "Energy_CPU": 5.698737833234999e-07, "CO2_Emissions": 7.744944366901007e-08, "_wandb": {"runtime": 26}}