{"mse_TEDA": 4.794565002304967e-07, "_timestamp": 1678932966.330231, "_runtime": 25.981257915496826, "_step": 0, "Energy_Consumed": 3.5168312060502804e-07, "Energy_RAM": 3.32215964893597e-08, "Energy_GPU": 0, "Energy_CPU": 3.1846152411566836e-07, "CO2_Emissions": 4.3280930961412855e-08, "_wandb": {"runtime": 25}}