{"mse_TEDA": 4.827308468002249e-07, "_timestamp": 1679968725.994396, "_runtime": 24.02692198753357, "_step": 0, "Energy_Consumed": 3.341692045421496e-07, "Energy_RAM": 3.156715185355097e-08, "Energy_GPU": 0, "Energy_CPU": 3.026020526885986e-07, "CO2_Emissions": 4.112552870418384e-08, "_wandb": {"runtime": 23}}