{"mse_TEDA": 4.3627710135423554e-07, "_timestamp": 1678930631.2724307, "_runtime": 26.056724548339844, "_step": 0, "Energy_Consumed": 3.3271320988319534e-07, "Energy_RAM": 3.1429611937028315e-08, "Energy_GPU": 0, "Energy_CPU": 3.01283597946167e-07, "CO2_Emissions": 4.094634238382257e-08, "_wandb": {"runtime": 25}}