{"mse_TEDA": 4.950192047904936e-07, "_timestamp": 1678953005.6618867, "_runtime": 28.20720362663269, "_step": 0, "Energy_Consumed": 3.3405759876308773e-07, "Energy_RAM": 3.15566090610749e-08, "Energy_GPU": 0, "Energy_CPU": 3.025009897020128e-07, "CO2_Emissions": 4.111179360649089e-08, "_wandb": {"runtime": 27}}