{"mse_TEDA": 4.725418296370004e-07, "_timestamp": 1679858561.8905637, "_runtime": 31.23640465736389, "_step": 0, "Energy_Consumed": 3.5628250738985417e-07, "Energy_RAM": 3.365607560681383e-08, "Energy_GPU": 0, "Energy_CPU": 3.2262643178304034e-07, "CO2_Emissions": 4.3846968198447225e-08, "_wandb": {"runtime": 30}}