{"mse_TEDA": 1.318398059449535e-07, "_timestamp": 1678948401.592162, "_runtime": 26.04050898551941, "_step": 0, "Energy_Consumed": 5.324046179993679e-07, "Energy_RAM": 5.029337591698399e-08, "Energy_GPU": 0, "Energy_CPU": 4.821112420823839e-07, "CO2_Emissions": 6.552196043849191e-08, "_wandb": {"runtime": 25}}