{"mse_TEDA": 2.8530998822998015e-07, "_timestamp": 1679975825.1112149, "_runtime": 25.93604588508606, "_step": 0, "Energy_Consumed": 3.3381595689282524e-07, "Energy_RAM": 3.153378246452121e-08, "Energy_GPU": 0, "Energy_CPU": 3.0228217442830404e-07, "CO2_Emissions": 4.1082055229834586e-08, "_wandb": {"runtime": 25}}