{"mse_TEDA": 2.963796227749086e-07, "_timestamp": 1678935163.917091, "_runtime": 26.20084285736084, "_step": 0, "Energy_Consumed": 4.696903614164209e-07, "Energy_RAM": 4.43691003283675e-08, "Energy_GPU": 0, "Energy_CPU": 4.253212610880534e-07, "CO2_Emissions": 5.780384361561686e-08, "_wandb": {"runtime": 25}}