{"mse_TEDA": 4.133140111499504e-07, "_timestamp": 1679973491.5628567, "_runtime": 25.510350704193115, "_step": 0, "Energy_Consumed": 3.3790339056268853e-07, "Energy_RAM": 3.191990014859887e-08, "Energy_GPU": 0, "Energy_CPU": 3.0598349041408963e-07, "CO2_Emissions": 4.158508743158018e-08, "_wandb": {"runtime": 24}}