{"mse_TEDA": 2.8596241768452066e-07, "_timestamp": 1679862027.6546993, "_runtime": 31.81572937965393, "_step": 0, "Energy_Consumed": 3.5937163248553994e-07, "Energy_RAM": 3.39478884958074e-08, "Energy_GPU": 0, "Energy_CPU": 3.254237439897325e-07, "CO2_Emissions": 4.4227140581379706e-08, "_wandb": {"runtime": 30}}