{"mse_TEDA": 4.828909902185851e-07, "_timestamp": 1678929277.087403, "_runtime": 25.92630696296692, "_step": 0, "Energy_Consumed": 2.948368706257851e-07, "Energy_RAM": 2.7851639650104217e-08, "Energy_GPU": 0, "Energy_CPU": 2.669852309756809e-07, "CO2_Emissions": 3.628497785301777e-08, "_wandb": {"runtime": 25}}