{"mse_TEDA": 3.930209613537293e-07, "_timestamp": 1679969501.8261788, "_runtime": 24.594239711761475, "_step": 0, "Energy_Consumed": 4.6800194004327344e-07, "Energy_RAM": 4.420960432109193e-08, "Energy_GPU": 0, "Energy_CPU": 4.237923357221815e-07, "CO2_Emissions": 5.759605300923448e-08, "_wandb": {"runtime": 23}}