{"mse_TEDA": 3.108782384528567e-07, "_timestamp": 1678938235.7132468, "_runtime": 26.371684789657593, "_step": 0, "Energy_Consumed": 3.33695135957694e-07, "Energy_RAM": 3.152236916624437e-08, "Energy_GPU": 0, "Energy_CPU": 3.021727667914496e-07, "CO2_Emissions": 4.1067186041506434e-08, "_wandb": {"runtime": 25}}