{"mse_TEDA": 3.5924945595225543e-07, "_timestamp": 1679859958.5654733, "_runtime": 31.408021211624146, "_step": 0, "Energy_Consumed": 3.565405317597955e-07, "Energy_RAM": 3.368044976923557e-08, "Energy_GPU": 0, "Energy_CPU": 3.228600819905599e-07, "CO2_Emissions": 4.3878722736232775e-08, "_wandb": {"runtime": 30}}